date,total_hazard,rsi,rsi_drag,active_event_count,dominant_event_id,dominant_category,probability_component_hazard,severity_component_hazard,velocity_component_hazard,persistence_component_hazard,probability_share_of_hazard,severity_share_of_hazard,velocity_share_of_hazard,persistence_share_of_hazard,probability_rsi_drag,severity_rsi_drag,velocity_rsi_drag,persistence_rsi_drag
2020-01-02,0,1.0,0.0,0,,,0,0,0,0,0.0,0.0,0.0,0.0,0.0,0.0,0.0,0.0
2020-01-03,0,1.0,0.0,0,,,0,0,0,0,0.0,0.0,0.0,0.0,0.0,0.0,0.0,0.0
2020-01-06,0,1.0,0.0,0,,,0,0,0,0,0.0,0.0,0.0,0.0,0.0,0.0,0.0,0.0
2020-01-07,0,1.0,0.0,0,,,0,0,0,0,0.0,0.0,0.0,0.0,0.0,0.0,0.0,0.0
2020-01-08,0,1.0,0.0,0,,,0,0,0,0,0.0,0.0,0.0,0.0,0.0,0.0,0.0,0.0
2020-01-09,0,1.0,0.0,0,,,0,0,0,0,0.0,0.0,0.0,0.0,0.0,0.0,0.0,0.0
2020-01-10,0,1.0,0.0,0,,,0,0,0,0,0.0,0.0,0.0,0.0,0.0,0.0,0.0,0.0
2020-01-13,0,1.0,0.0,0,,,0,0,0,0,0.0,0.0,0.0,0.0,0.0,0.0,0.0,0.0
2020-01-14,0,1.0,0.0,0,,,0,0,0,0,0.0,0.0,0.0,0.0,0.0,0.0,0.0,0.0
2020-01-15,0,1.0,0.0,0,,,0,0,0,0,0.0,0.0,0.0,0.0,0.0,0.0,0.0,0.0
2020-01-16,0,1.0,0.0,0,,,0,0,0,0,0.0,0.0,0.0,0.0,0.0,0.0,0.0,0.0
2020-01-17,0,1.0,0.0,0,,,0,0,0,0,0.0,0.0,0.0,0.0,0.0,0.0,0.0,0.0
2020-01-21,0.12647179680545018,0.8877275071030538,0.11227249289694619,1,covid_crash_2020,Sovereign,0.0010266143338784122,0.03946050387271079,0.04245496304624258,0.043529715552618385,0.008117338092836927,0.3120103048224447,0.3356871976093647,0.3441851594753536,0.0009113537833701446,0.035030174731951934,0.03768843850919317,0.03864252587243093
2020-01-22,0.14175651858037627,0.8758434777699963,0.12415652223000373,1,covid_crash_2020,Sovereign,0.0012799130947478501,0.04411211768905222,0.04745956443996016,0.048904923356616045,0.009028954065503072,0.311182287282546,0.3347963459828514,0.3449924126690995,0.0011210035361473147,0.03863531056857883,0.04156714997254391,0.04283305815273367
2020-01-23,0.1665757558587578,0.8572096539618763,0.14279034603812368,1,covid_crash_2020,Sovereign,0.0017528075619502848,0.05166713520855667,0.05558789424129583,0.057567918846955037,0.0105225850719628,0.3101719991735534,0.33370939219047985,0.345596023564004,0.0015025235636411628,0.044289567093328305,0.04765047958705055,0.049347775794103675
2020-01-24,0.20069547516563868,0.8328506442168842,0.16714935578311585,1,covid_crash_2020,Sovereign,0.0025220668122860404,0.06201295333872732,0.0667188044753969,0.06944165053922842,0.012566635148124389,0.308990291323442,0.33243801047498606,0.3460050630534475,0.0021005049693704524,0.05164752813795063,0.055566799288714636,0.05783452338708013
2020-01-27,0.356618972531913,0.7371266510696511,0.26287334893034886,1,covid_crash_2020,Sovereign,0.007731350653065497,0.10859973175166186,0.11684081919534622,0.1234470709318394,0.021679583108477597,0.3045259509908535,0.3276348938078173,0.3461595720928516,0.005698984615139328,0.08005175657316495,0.08612648176170015,0.09099612598034443
2020-01-28,0.42564748213455633,0.7014356722341669,0.2985643277658331,1,covid_crash_2020,Sovereign,0.010895883601451783,0.12887292470447714,0.1386524427979617,0.14722623103066568,0.02559837437968765,0.3027691460976096,0.3257447738270203,0.34588770569568245,0.0076427614385695675,0.09039606657286811,0.09725576942089764,0.10326973033349775
2020-01-29,0.5027967357970788,0.6654259862160288,0.3345740137839712,1,covid_crash_2020,Sovereign,0.015034245355677734,0.15128990659684005,0.16277053670062774,0.17370204714393334,0.029901238980487986,0.30089675573768715,0.323730297179812,0.34547170810201294,0.010004177542815604,0.10067223530173317,0.10831174491092752,0.11558585602849496
2020-01-30,0.5878023154007865,0.6298013236915982,0.37019867630840175,1,covid_crash_2020,Sovereign,0.02031072763235166,0.17570593565769854,0.18903937540726137,0.20274627670347498,0.03455367068178868,0.29892011489933545,0.32160365900969096,0.3449225554091849,0.0127917231479946,0.11065983085768935,0.1190572488613262,0.12768987344139163
2020-01-31,0.6804060878102401,0.5950942496900339,0.4049057503099661,1,covid_crash_2020,Sovereign,0.026891184504554706,0.20197864637120827,0.2173057899990438,0.23423046693543334,0.0395222573494293,0.29685014580224994,0.31937661036867243,0.34425098647964825,0.016002789266014245,0.12019633101568285,0.12931742605278101,0.13938920397548799
2020-02-03,1.0010715437731814,0.49973225750560596,0.500267742494394,1,covid_crash_2020,Sovereign,0.056056934236984046,0.29049747296898615,0.3125418651446612,0.34197527142255013,0.05599693107417424,0.2901865254046277,0.3122073213335446,0.3416092221876536,0.028013458295091328,0.1451709579664652,0.1561872518337542,0.1708960743990833
2020-02-04,1.121300117844265,0.4714090154373031,0.5285909845626968,1,covid_crash_2020,Sovereign,0.06941560428319324,0.3227638194425822,0.34725674236955956,0.38186395174892995,0.061906356004534216,0.28784784225574317,0.3096911672828249,0.3405546344568977,0.03272314167112556,0.15215377434221114,0.16369995902439927,0.18001410952496089
2020-02-05,1.2477194683067458,0.4448953768920821,0.555104623107918,1,covid_crash_2020,Sovereign,0.08481399335165055,0.3561817291770979,0.38321056919949736,0.4235131765785,0.06797521037861969,0.2854661951059117,0.30712878890921247,0.33942980560625613,0.037733353537905114,0.1584636046443185,0.1704886106130397,0.18841905431265468
2020-02-06,1.3800122097507026,0.4201659117138505,0.5798340882861495,1,covid_crash_2020,Sovereign,0.10236172360256829,0.3906134661403177,0.42025515750751335,0.4667818625003032,0.07417450576111917,0.28305073200104625,0.3045300284578148,0.33824473378001974,0.04300890692207428,0.16412246312855389,0.1765768914065922,0.1961258268289291
2020-02-07,1.5178801825165058,0.39715948635830073,0.6028405136416992,1,covid_crash_2020,Sovereign,0.12215569517600045,0.4259319819418854,0.45825381783989305,0.5115386875587269,0.08047782465509072,0.2806097522373138,0.30190381501664404,0.3370086080909514,0.0485152931518415,0.16916292717161222,0.18199985091502224,0.20316244240322326
2020-02-10,1.961703607038979,0.33764350950693867,0.6623564904930613,1,covid_crash_2020,Sovereign,0.1956989231608125,0.5359613655472787,0.5766327779777611,0.6534105403531266,0.09975967952477949,0.2732122037315646,0.29394490376053195,0.3330832129831239,0.06607647122274544,0.18096387642351439,0.19469631485314662,0.22061982799365482
2020-02-11,2.1186178367553716,0.3206548709541166,0.6793451290458834,1,covid_crash_2020,Sovereign,0.22506922155684433,0.5736056184767665,0.6171336639314767,0.7028093327902841,0.10623398786330154,0.27074520403133867,0.2912906958607536,0.33173011224460613,0.0721695421940534,0.1839294355712238,0.19788691536938885,0.22535923591121734
2020-02-12,2.2794503014714222,0.30492915216654465,0.6950708478334553,1,covid_crash_2020,Sovereign,0.2568861838793163,0.611550047027648,0.6579575043247698,0.7530565662396882,0.11269654956438054,0.2682883880525417,0.28864744447380475,0.3303676179092731,0.078332086253619,0.1864794373475512,0.20063042395536768,0.22962890027691746
2020-02-13,2.4438393123501068,0.2903735944978197,0.7096264055021804,1,covid_crash_2020,Sovereign,0.29112891130466967,0.6496890490056341,0.6989906833439494,0.8040306686958539,0.11912768152694414,0.26584769535475866,0.28602153988257445,0.32900308323572286,0.08453614843777386,0.1886525444656361,0.20296843724306984,0.23346927535570067
2020-02-14,2.6114291184329734,0.2768986922368028,0.7231013077631971,1,covid_crash_2020,Sovereign,0.3277591878636035,0.6879247929091759,0.7401279455468546,0.8556171921133396,0.12550950954406154,0.2634284760223457,0.2834187381624125,0.32764327627118034,0.09075609048802837,0.1904854755138242,0.2049404602098356,0.23691928155150901
2020-02-18,3.3063227427371538,0.23221668689058528,0.7677833131094147,1,covid_crash_2020,Sovereign,0.4970145838452341,0.8405704275794297,0.9180246968382029,1.050713034474287,0.15032246471915153,0.2542312088031551,0.27765731547374956,0.3177890110039438,0.11541507999684326,0.19519447979069782,0.21318065358350138,0.24399309973837222
2020-02-19,3.4842334965486557,0.22300355250672427,0.7769964474932758,1,covid_crash_2020,Sovereign,0.544457239382096,0.8781692312304343,0.9638954868980828,1.0977115390380427,0.15626313216993462,0.2520408669798721,0.2766449171253533,0.3150510837248401,0.12141589857021141,0.1958348582664859,0.21495211782347118,0.24479357283310735
2020-02-20,3.6630187234215943,0.21445335292718443,0.7855466470728156,1,covid_crash_2020,Sovereign,0.5936675521339799,0.9153713969489496,1.0097655281524778,1.144214246186187,0.16207057538036282,0.24989536392375006,0.2756648557911996,0.31236920490468756,0.12731399707920604,0.19630446524934292,0.2165476031825881,0.24538058156167863
2020-02-21,3.8422528576746258,0.2065154442348196,0.7934845557651804,1,covid_crash_2020,Sovereign,0.6444733973428441,0.9521024639609456,1.0555489164196543,1.1901280799511817,0.16773320789014565,0.24779797145812224,0.27472135632907935,0.30974746432265277,0.13309370994978087,0.19662386330196097,0.21798715338598737,0.2457798291274512
2020-02-24,4.3783933948759,0.1859291291248274,0.8140708708751726,1,covid_crash_2020,Sovereign,0.8045382536394593,1.058792781784181,1.1915713822220335,1.3234909772302261,0.18375193388995667,0.24182221337701224,0.27214808601176577,0.30227776672126533,0.14958709684679417,0.19686041984078617,0.22154782938660952,0.24607552480098274
2020-02-25,4.555103575079252,0.18001464535892717,0.8199853546410728,1,covid_crash_2020,Sovereign,0.8597184681481407,1.0929707145546395,1.2362009991831722,1.3662133931932994,0.1887374137553355,0.23994420687473028,0.27138812077652136,0.2999302585934129,0.1547619151522077,0.19675073556824665,0.22253428446031018,0.24593841946030834
2020-02-26,4.73006330622739,0.17451814169543425,0.8254818583045658,1,covid_crash_2020,Sovereign,0.9154194768529148,1.1263547460285457,1.2803456508102473,1.4079434325356819,0.19353218288806293,0.23812678036372947,0.2706825612935458,0.2976584754546618,0.15975730597217727,0.19656933716673458,0.2234435437072357,0.24571167145841818
2020-02-27,4.902787499112245,0.16941148570067885,0.8305885142993211,1,covid_crash_2020,Sovereign,0.9713793890012958,1.1588821799011229,1.3239232053334224,1.4486027248764035,0.19812798110813185,0.2363721005878724,0.27003479256915525,0.29546512573484046,0.1645628254697272,0.19632795184909063,0.22428779716914002,0.24540993981136325
2020-02-28,5.072811080980296,0.1646683861337205,0.8353316138662795,1,covid_crash_2020,Sovereign,1.0273349745199216,1.1904970611088717,1.3668577189654139,1.4881213263860895,0.20251788566929918,0.2346819233171234,0.2694477868671733,0.29335240414640423,0.16916959227292236,0.19603722974973514,0.2250782546564532,0.24504653718716893
2020-03-02,5.5617291357389815,0.15239885391693786,0.8476011460830621,1,covid_crash_2020,Sovereign,1.1923352062101606,1.2792867258583451,1.490998796347545,1.5991084073229314,0.21438210619578046,0.23001600664761024,0.2680818788470966,0.2875200083095128,0.18171051891124426,0.19496183085196367,0.2272265077548997,0.2437022885649546
2020-03-03,5.715969092347728,0.14889883890910313,0.8511011610908968,1,covid_crash_2020,Sovereign,1.2453943344725649,1.3066757959582622,1.5305542169690731,1.6333447449478278,0.2178798230626965,0.22860092048215913,0.2677681058524455,0.2857511506026989,0.18543777038694015,0.19456250884881343,0.22789774579412653,0.24320313606101676
2020-03-04,5.864970479930611,0.14566705026969143,0.8543329497303086,1,covid_crash_2020,Sovereign,1.2969689962221544,1.3328647089140973,1.5690558886517376,1.6660808861426215,0.2211381968008642,0.2272585537258947,0.26753005731587265,0.28407319215736837,0.1889256479709238,0.19415447055608745,0.22855974300818802,0.2426930881951093
2020-03-05,6.008204428515697,0.14268990155753705,0.857310098442463,1,covid_crash_2020,Sovereign,1.3467454632499585,1.3577962272948547,1.6064174538523157,1.6972452841185681,0.22415107196721445,0.22599035093589398,0.2673706384270242,0.28248793866986743,0.19216697757419623,0.19374381000789803,0.2292195483504963,0.2421797625098725
2020-03-06,6.1451247183241176,0.13995556962573902,0.8600444303742609,1,covid_crash_2020,Sovereign,1.3944027869073763,1.3814106200260314,1.6425480363581706,1.7267632750325392,0.2269120401656639,0.22479781669960414,0.2672928722602268,0.28099727087450516,0.19515443632933982,0.19333611021278857,0.22988374606614684,0.2416701377659857
2020-03-09,6.512405994877541,0.1331131465314663,0.8668868534685337,1,covid_crash_2020,Sovereign,1.521416779302155,1.4437313974686157,1.7425935712710008,1.8046642468357694,0.2336182327236439,0.22168940305690565,0.2675806103983185,0.277111753821132,0.2025205746786793,0.19217962906331848,0.23196211339738793,0.24022453632914803
2020-03-10,6.618423011672289,0.1312607607201499,0.8687392392798501,1,covid_crash_2020,Sovereign,1.557350350166328,1.4614465724647594,1.7728178734602522,1.826808215580949,0.23530535105111533,0.22081492371934278,0.2678610705803634,0.27601865464917846,0.204418991670624,0.19183058885357998,0.23270142268867114,0.23978823606697494
2020-03-11,6.715258423652549,0.129613286436954,0.870386713563046,1,covid_crash_2020,Sovereign,1.5895453146193252,1.4775180492292053,1.801297498267512,1.8468975615365064,0.23670649948788466,0.22002400444115103,0.26823949051952556,0.27503000555143875,0.20602619216827275,0.19150597013051449,0.23347208860111568,0.23938246266314306
2020-03-12,6.802296495530969,0.12816739284040077,0.8718326071595992,1,covid_crash_2020,Sovereign,1.617679005896126,1.4918696392206485,1.8279108013883842,1.8648370490258108,0.23781365704345914,0.21931852576564248,0.2687196599838453,0.27414815720705316,0.20733370063835777,0.19120904211665982,0.23427856175875686,0.23901130264582482
2020-03-13,6.878918460815434,0.12692097335101807,0.873079026648982,1,covid_crash_2020,Sovereign,1.6414376235917512,1.504422357392252,1.8525305330911164,1.8805279467403149,0.2386185608888833,0.21870042012591556,0.26930549382780666,0.27337552515739444,0.20833286088124708,0.1909427499312578,0.23512497842240487,0.23867843741407221
2020-03-16,7.004887853516484,0.12492367392264063,0.8750763260773594,1,covid_crash_2020,Sovereign,1.6773552051852254,1.5248683683502051,1.896578819543297,1.9060854604377562,0.23945496919600015,0.21768633563272743,0.27075077563036304,0.2721079195409093,0.2095413747050031,0.1904921588227301,0.23692759402121355,0.23811519852841262
2020-03-17,6.982575693683067,0.1252728490619062,0.8747271509380938,1,covid_crash_2020,Sovereign,1.6679588910919858,1.52117154171023,1.8919808337430635,1.9014644271377876,0.23887444465527807,0.21785249576118304,0.27095743988206006,0.2723156197014788,0.20894996240523075,0.1905614929419328,0.23701382941351423,0.23820186617741598
2020-03-18,6.91766903964037,0.1262997979573823,0.8737002020426177,1,covid_crash_2020,Sovereign,1.6407371256673173,1.5103852174562753,1.8785651746964338,1.887981521820344,0.23718063357257904,0.21833730535550397,0.2715604293775371,0.27292163169437994,0.20722476747295837,0.19076134780254453,0.23726240201393417,0.23845168475318063
2020-03-19,6.813208649524806,0.12798839053924654,0.8720116094607535,1,covid_crash_2020,Sovereign,1.597280032029183,1.4929246023265568,1.8568482622608704,1.8661557529081956,0.2344387371933174,0.219122102246301,0.2725365327525054,0.27390262780787616,0.2044333005398913,0.19107701704822072,0.2376550205623656,0.23884627131027583
2020-03-20,6.672235281472786,0.1303401112339241,0.8696598887660759,1,covid_crash_2020,Sovereign,1.5393316449275174,1.4691608498371695,1.8272917244116373,1.8364510622964618,0.2307070389441865,0.2201902043107923,0.2738650013565308,0.2752377553884904,0.200636657825752,0.19149058858830317,0.2381694066166418,0.23936323573537896
2020-03-23,6.060692651661131,0.14162916435184802,0.858370835648152,1,covid_crash_2020,Sovereign,1.2975253014927834,1.363333404949706,1.6956671890315096,1.704166756187132,0.2140886159500522,0.2249467978839085,0.2797810888111537,0.28118349735488557,0.1837674241758026,0.1930877708759865,0.24015592700137983,0.24135971359498307
2020-03-24,5.8041067936267545,0.14697006239476962,0.8530299376052304,1,covid_crash_2020,Sovereign,1.2008709852510637,1.3175571394100678,1.638732244703038,1.6469464242625849,0.20690022219606463,0.22700428959315874,0.28234012621932814,0.28375536199144846,0.17649208363041732,0.19364145498777185,0.24084458025232636,0.24205181873471485
2020-03-25,5.5262197084378215,0.15322806228958075,0.8467719377104193,1,covid_crash_2020,Sovereign,1.0995256987747528,1.2670266176247442,1.5758841200073943,1.5837832720309302,0.19896525233984447,0.22927546939369037,0.28516494152435223,0.28659433674211293,0.16847819226085262,0.1941440334879611,0.24146967010165413,0.24268004185995137
2020-03-26,5.230080114330579,0.160511579570185,0.839488420429815,1,covid_crash_2020,Sovereign,0.9954539089871526,1.2120521784765883,1.507508803771102,1.5150652230957353,0.19033243989123197,0.2317463885793123,0.2882381858053153,0.28968298572414036,0.15978187932084303,0.194548409688761,0.24197261930925965,0.24318551211095124
2020-03-27,4.918728769441439,0.16895519949537605,0.8310448005046239,1,covid_crash_2020,Sovereign,0.890551742313781,1.1529614431749988,1.4340137799839106,1.4412018039687486,0.18105323225921852,0.23440232166042502,0.29154154400482507,0.2930029020755313,0.1504633472835796,0.1947988306421086,0.24228408427629988,0.2434985383026358
2020-03-30,3.923819771546593,0.20309435487032373,0.7969056451296763,1,covid_crash_2020,Sovereign,0.5882671322702749,0.9547156341111624,1.187442462526202,1.1933945426389532,0.14992205720967824,0.2433128149856018,0.3026241090727176,0.3041410187320023,0.11947373371984689,0.19389735579441858,0.24116286087238753,0.24237169474302325
2020-03-31,3.5820449250936566,0.21824316791908366,0.7817568320809163,1,covid_crash_2020,Sovereign,0.496737755749146,0.8830893435540375,1.0983561463479263,1.1038616794425467,0.13867435114208074,0.24653217980814354,0.3066282442895963,0.3081652247601794,0.10840962143970963,0.19272821589281713,0.2397087248823681,0.24091026986602138
2020-04-01,3.2402700786407204,0.23583403449635085,0.7641659655036491,1,covid_crash_2020,Sovereign,0.4119193616588308,0.809542207925694,1.0068807491490783,1.0119277599071175,0.12712500861398235,0.24983788026252846,0.31073976079532867,0.3122973503281606,0.09714460494716354,0.19091760499020013,0.2374567493285353,0.23864700623775018
2020-04-02,2.9015359903241973,0.2563093106099747,0.7436906893900253,1,covid_crash_2020,Sovereign,0.3347464342470258,0.7346770936260202,0.913766095418626,0.9183463670325253,0.11536869966917888,0.2532028194983487,0.3149249564595365,0.3165035243729359,0.08579862779100242,0.1883045793882251,0.23420675797551638,0.23538072423528134
2020-04-03,2.5688834182804996,0.2801996823089849,0.719800317691015,1,covid_crash_2020,Sovereign,0.26590801561080546,0.6591671185195971,0.8198493860006011,0.8239588981494962,0.10351112616421997,0.2565967430942488,0.31914620187372034,0.32074592886781095,0.07450734149756028,0.18469841719772004,0.22972153749858473,0.23087302149715003
2020-04-06,1.6378701417494905,0.37909371813761045,0.6209062818623896,1,covid_crash_2020,Sovereign,0.11230713514709476,0.43665293603069505,0.543093900533332,0.5458161700383688,0.06856901062201055,0.26659801952570206,0.3315854454451599,0.33324752440712757,0.042574929436295275,0.1655323850555804,0.20588348605103846,0.2069154813194755
2020-04-07,1.3599830565605582,0.42373185570976135,0.5762681442902386,1,covid_crash_2020,Sovereign,0.07834250807091321,0.3668364439960818,0.456258549498461,0.45854555499510213,0.057605503019312596,0.2697360398914257,0.3354884072249796,0.33717004986428206,0.03319621632584501,0.15544028715642966,0.19333128186242687,0.19430035894553704
2020-04-08,1.1033971985261828,0.4754213805650612,0.5245786194349388,1,covid_crash_2020,Sovereign,0.052136290316146604,0.3008962331398777,0.3742443836453113,0.3761202914248471,0.04725070027890727,0.2726998342408222,0.3391746726792426,0.3408747928010278,0.024786707119643252,0.14305250256618718,0.17792378154137434,0.17881562820773397
2020-04-09,0.8711533257827773,0.534429747803623,0.46557025219637704,1,covid_crash_2020,Sovereign,0.03282512647621883,0.23994975494312012,0.29844125068453814,0.29993719367890015,0.03768007938984073,0.27543917682632113,0.3425817727509367,0.3442989710329014,0.017542724064307656,0.1282362870197928,0.15949588233753553,0.16029535877474102
2020-04-13,0.24642081054694295,0.8022972591104196,0.1977027408895804,1,covid_crash_2020,Sovereign,0.002699409561309556,0.06975894463441694,0.08676377555819532,0.08719868079302116,0.010954470749926053,0.28308869076269805,0.35209597503400347,0.35386086345337253,0.002165728892255118,0.055967410078628245,0.06961033932041176,0.0699592625982853
2020-04-14,0.1815141565042459,0.8463715770945198,0.15362842290548018,1,covid_crash_2020,Sovereign,0.0014688922469657886,0.05153329814378068,0.06409534343377359,0.06441662267972585,0.008092439043075017,0.2839078732824634,0.35311484607138227,0.35488484160307926,0.001243228647646348,0.04361631882283377,0.05424847690645785,0.05452039852854221
2020-04-15,0.1592019966708292,0.8626624202442289,0.1373375797557711,1,covid_crash_2020,Sovereign,0.0011310926530349646,0.045243706121398594,0.05627256524464743,0.05655463265174823,0.007104764240951359,0.2841905696380544,0.35346645407342636,0.35523821204756795,0.0009757511255876078,0.039030045023504316,0.048544227327298795,0.04878755627938039
2020-04-16,0,1.0,0.0,0,,,0,0,0,0,0.0,0.0,0.0,0.0,0.0,0.0,0.0,0.0
2020-04-17,0,1.0,0.0,0,,,0,0,0,0,0.0,0.0,0.0,0.0,0.0,0.0,0.0,0.0
2020-04-20,0,1.0,0.0,0,,,0,0,0,0,0.0,0.0,0.0,0.0,0.0,0.0,0.0,0.0
2020-04-21,0,1.0,0.0,0,,,0,0,0,0,0.0,0.0,0.0,0.0,0.0,0.0,0.0,0.0
2020-04-22,0,1.0,0.0,0,,,0,0,0,0,0.0,0.0,0.0,0.0,0.0,0.0,0.0,0.0
2020-04-23,0,1.0,0.0,0,,,0,0,0,0,0.0,0.0,0.0,0.0,0.0,0.0,0.0,0.0
2020-04-24,0,1.0,0.0,0,,,0,0,0,0,0.0,0.0,0.0,0.0,0.0,0.0,0.0,0.0
2020-04-27,0,1.0,0.0,0,,,0,0,0,0,0.0,0.0,0.0,0.0,0.0,0.0,0.0,0.0
2020-04-28,0,1.0,0.0,0,,,0,0,0,0,0.0,0.0,0.0,0.0,0.0,0.0,0.0,0.0
2020-04-29,0,1.0,0.0,0,,,0,0,0,0,0.0,0.0,0.0,0.0,0.0,0.0,0.0,0.0
2020-04-30,0,1.0,0.0,0,,,0,0,0,0,0.0,0.0,0.0,0.0,0.0,0.0,0.0,0.0
2020-05-01,0,1.0,0.0,0,,,0,0,0,0,0.0,0.0,0.0,0.0,0.0,0.0,0.0,0.0
2020-05-04,0,1.0,0.0,0,,,0,0,0,0,0.0,0.0,0.0,0.0,0.0,0.0,0.0,0.0
2020-05-05,0,1.0,0.0,0,,,0,0,0,0,0.0,0.0,0.0,0.0,0.0,0.0,0.0,0.0
2020-05-06,0,1.0,0.0,0,,,0,0,0,0,0.0,0.0,0.0,0.0,0.0,0.0,0.0,0.0
2020-05-07,0,1.0,0.0,0,,,0,0,0,0,0.0,0.0,0.0,0.0,0.0,0.0,0.0,0.0
2020-05-08,0,1.0,0.0,0,,,0,0,0,0,0.0,0.0,0.0,0.0,0.0,0.0,0.0,0.0
2020-05-11,0,1.0,0.0,0,,,0,0,0,0,0.0,0.0,0.0,0.0,0.0,0.0,0.0,0.0
2020-05-12,0,1.0,0.0,0,,,0,0,0,0,0.0,0.0,0.0,0.0,0.0,0.0,0.0,0.0
2020-05-13,0,1.0,0.0,0,,,0,0,0,0,0.0,0.0,0.0,0.0,0.0,0.0,0.0,0.0
2020-05-14,0,1.0,0.0,0,,,0,0,0,0,0.0,0.0,0.0,0.0,0.0,0.0,0.0,0.0
2020-05-15,0,1.0,0.0,0,,,0,0,0,0,0.0,0.0,0.0,0.0,0.0,0.0,0.0,0.0
2020-05-18,0,1.0,0.0,0,,,0,0,0,0,0.0,0.0,0.0,0.0,0.0,0.0,0.0,0.0
2020-05-19,0,1.0,0.0,0,,,0,0,0,0,0.0,0.0,0.0,0.0,0.0,0.0,0.0,0.0
2020-05-20,0,1.0,0.0,0,,,0,0,0,0,0.0,0.0,0.0,0.0,0.0,0.0,0.0,0.0
2020-05-21,0,1.0,0.0,0,,,0,0,0,0,0.0,0.0,0.0,0.0,0.0,0.0,0.0,0.0
2020-05-22,0,1.0,0.0,0,,,0,0,0,0,0.0,0.0,0.0,0.0,0.0,0.0,0.0,0.0
2020-05-26,0,1.0,0.0,0,,,0,0,0,0,0.0,0.0,0.0,0.0,0.0,0.0,0.0,0.0
2020-05-27,0,1.0,0.0,0,,,0,0,0,0,0.0,0.0,0.0,0.0,0.0,0.0,0.0,0.0
2020-05-28,0,1.0,0.0,0,,,0,0,0,0,0.0,0.0,0.0,0.0,0.0,0.0,0.0,0.0
2020-05-29,0,1.0,0.0,0,,,0,0,0,0,0.0,0.0,0.0,0.0,0.0,0.0,0.0,0.0
2020-06-01,0,1.0,0.0,0,,,0,0,0,0,0.0,0.0,0.0,0.0,0.0,0.0,0.0,0.0
2020-06-02,0,1.0,0.0,0,,,0,0,0,0,0.0,0.0,0.0,0.0,0.0,0.0,0.0,0.0
2020-06-03,0,1.0,0.0,0,,,0,0,0,0,0.0,0.0,0.0,0.0,0.0,0.0,0.0,0.0
2020-06-04,0,1.0,0.0,0,,,0,0,0,0,0.0,0.0,0.0,0.0,0.0,0.0,0.0,0.0
2020-06-05,0,1.0,0.0,0,,,0,0,0,0,0.0,0.0,0.0,0.0,0.0,0.0,0.0,0.0
2020-06-08,0,1.0,0.0,0,,,0,0,0,0,0.0,0.0,0.0,0.0,0.0,0.0,0.0,0.0
2020-06-09,0,1.0,0.0,0,,,0,0,0,0,0.0,0.0,0.0,0.0,0.0,0.0,0.0,0.0
2020-06-10,0,1.0,0.0,0,,,0,0,0,0,0.0,0.0,0.0,0.0,0.0,0.0,0.0,0.0
2020-06-11,0,1.0,0.0,0,,,0,0,0,0,0.0,0.0,0.0,0.0,0.0,0.0,0.0,0.0
2020-06-12,0,1.0,0.0,0,,,0,0,0,0,0.0,0.0,0.0,0.0,0.0,0.0,0.0,0.0
2020-06-15,0,1.0,0.0,0,,,0,0,0,0,0.0,0.0,0.0,0.0,0.0,0.0,0.0,0.0
2020-06-16,0,1.0,0.0,0,,,0,0,0,0,0.0,0.0,0.0,0.0,0.0,0.0,0.0,0.0
2020-06-17,0,1.0,0.0,0,,,0,0,0,0,0.0,0.0,0.0,0.0,0.0,0.0,0.0,0.0
2020-06-18,0,1.0,0.0,0,,,0,0,0,0,0.0,0.0,0.0,0.0,0.0,0.0,0.0,0.0
2020-06-19,0,1.0,0.0,0,,,0,0,0,0,0.0,0.0,0.0,0.0,0.0,0.0,0.0,0.0
2020-06-22,0,1.0,0.0,0,,,0,0,0,0,0.0,0.0,0.0,0.0,0.0,0.0,0.0,0.0
2020-06-23,0,1.0,0.0,0,,,0,0,0,0,0.0,0.0,0.0,0.0,0.0,0.0,0.0,0.0
2020-06-24,0,1.0,0.0,0,,,0,0,0,0,0.0,0.0,0.0,0.0,0.0,0.0,0.0,0.0
2020-06-25,0,1.0,0.0,0,,,0,0,0,0,0.0,0.0,0.0,0.0,0.0,0.0,0.0,0.0
2020-06-26,0,1.0,0.0,0,,,0,0,0,0,0.0,0.0,0.0,0.0,0.0,0.0,0.0,0.0
2020-06-29,0,1.0,0.0,0,,,0,0,0,0,0.0,0.0,0.0,0.0,0.0,0.0,0.0,0.0
2020-06-30,0,1.0,0.0,0,,,0,0,0,0,0.0,0.0,0.0,0.0,0.0,0.0,0.0,0.0
2020-07-01,0,1.0,0.0,0,,,0,0,0,0,0.0,0.0,0.0,0.0,0.0,0.0,0.0,0.0
2020-07-02,0,1.0,0.0,0,,,0,0,0,0,0.0,0.0,0.0,0.0,0.0,0.0,0.0,0.0
2020-07-06,0,1.0,0.0,0,,,0,0,0,0,0.0,0.0,0.0,0.0,0.0,0.0,0.0,0.0
2020-07-07,0,1.0,0.0,0,,,0,0,0,0,0.0,0.0,0.0,0.0,0.0,0.0,0.0,0.0
2020-07-08,0,1.0,0.0,0,,,0,0,0,0,0.0,0.0,0.0,0.0,0.0,0.0,0.0,0.0
2020-07-09,0,1.0,0.0,0,,,0,0,0,0,0.0,0.0,0.0,0.0,0.0,0.0,0.0,0.0
2020-07-10,0,1.0,0.0,0,,,0,0,0,0,0.0,0.0,0.0,0.0,0.0,0.0,0.0,0.0
2020-07-13,0,1.0,0.0,0,,,0,0,0,0,0.0,0.0,0.0,0.0,0.0,0.0,0.0,0.0
2020-07-14,0,1.0,0.0,0,,,0,0,0,0,0.0,0.0,0.0,0.0,0.0,0.0,0.0,0.0
2020-07-15,0,1.0,0.0,0,,,0,0,0,0,0.0,0.0,0.0,0.0,0.0,0.0,0.0,0.0
2020-07-16,0,1.0,0.0,0,,,0,0,0,0,0.0,0.0,0.0,0.0,0.0,0.0,0.0,0.0
2020-07-17,0,1.0,0.0,0,,,0,0,0,0,0.0,0.0,0.0,0.0,0.0,0.0,0.0,0.0
2020-07-20,0,1.0,0.0,0,,,0,0,0,0,0.0,0.0,0.0,0.0,0.0,0.0,0.0,0.0
2020-07-21,0,1.0,0.0,0,,,0,0,0,0,0.0,0.0,0.0,0.0,0.0,0.0,0.0,0.0
2020-07-22,0,1.0,0.0,0,,,0,0,0,0,0.0,0.0,0.0,0.0,0.0,0.0,0.0,0.0
2020-07-23,0,1.0,0.0,0,,,0,0,0,0,0.0,0.0,0.0,0.0,0.0,0.0,0.0,0.0
2020-07-24,0,1.0,0.0,0,,,0,0,0,0,0.0,0.0,0.0,0.0,0.0,0.0,0.0,0.0
2020-07-27,0,1.0,0.0,0,,,0,0,0,0,0.0,0.0,0.0,0.0,0.0,0.0,0.0,0.0
2020-07-28,0,1.0,0.0,0,,,0,0,0,0,0.0,0.0,0.0,0.0,0.0,0.0,0.0,0.0
2020-07-29,0,1.0,0.0,0,,,0,0,0,0,0.0,0.0,0.0,0.0,0.0,0.0,0.0,0.0
2020-07-30,0,1.0,0.0,0,,,0,0,0,0,0.0,0.0,0.0,0.0,0.0,0.0,0.0,0.0
2020-07-31,0,1.0,0.0,0,,,0,0,0,0,0.0,0.0,0.0,0.0,0.0,0.0,0.0,0.0
2020-08-03,0,1.0,0.0,0,,,0,0,0,0,0.0,0.0,0.0,0.0,0.0,0.0,0.0,0.0
2020-08-04,0,1.0,0.0,0,,,0,0,0,0,0.0,0.0,0.0,0.0,0.0,0.0,0.0,0.0
2020-08-05,0,1.0,0.0,0,,,0,0,0,0,0.0,0.0,0.0,0.0,0.0,0.0,0.0,0.0
2020-08-06,0,1.0,0.0,0,,,0,0,0,0,0.0,0.0,0.0,0.0,0.0,0.0,0.0,0.0
2020-08-07,0,1.0,0.0,0,,,0,0,0,0,0.0,0.0,0.0,0.0,0.0,0.0,0.0,0.0
2020-08-10,0,1.0,0.0,0,,,0,0,0,0,0.0,0.0,0.0,0.0,0.0,0.0,0.0,0.0
2020-08-11,0,1.0,0.0,0,,,0,0,0,0,0.0,0.0,0.0,0.0,0.0,0.0,0.0,0.0
2020-08-12,0,1.0,0.0,0,,,0,0,0,0,0.0,0.0,0.0,0.0,0.0,0.0,0.0,0.0
2020-08-13,0,1.0,0.0,0,,,0,0,0,0,0.0,0.0,0.0,0.0,0.0,0.0,0.0,0.0
2020-08-14,0,1.0,0.0,0,,,0,0,0,0,0.0,0.0,0.0,0.0,0.0,0.0,0.0,0.0
2020-08-17,0,1.0,0.0,0,,,0,0,0,0,0.0,0.0,0.0,0.0,0.0,0.0,0.0,0.0
2020-08-18,0,1.0,0.0,0,,,0,0,0,0,0.0,0.0,0.0,0.0,0.0,0.0,0.0,0.0
2020-08-19,0,1.0,0.0,0,,,0,0,0,0,0.0,0.0,0.0,0.0,0.0,0.0,0.0,0.0
2020-08-20,0,1.0,0.0,0,,,0,0,0,0,0.0,0.0,0.0,0.0,0.0,0.0,0.0,0.0
2020-08-21,0,1.0,0.0,0,,,0,0,0,0,0.0,0.0,0.0,0.0,0.0,0.0,0.0,0.0
2020-08-24,0,1.0,0.0,0,,,0,0,0,0,0.0,0.0,0.0,0.0,0.0,0.0,0.0,0.0
2020-08-25,0,1.0,0.0,0,,,0,0,0,0,0.0,0.0,0.0,0.0,0.0,0.0,0.0,0.0
2020-08-26,0,1.0,0.0,0,,,0,0,0,0,0.0,0.0,0.0,0.0,0.0,0.0,0.0,0.0
2020-08-27,0,1.0,0.0,0,,,0,0,0,0,0.0,0.0,0.0,0.0,0.0,0.0,0.0,0.0
2020-08-28,0,1.0,0.0,0,,,0,0,0,0,0.0,0.0,0.0,0.0,0.0,0.0,0.0,0.0
2020-08-31,0,1.0,0.0,0,,,0,0,0,0,0.0,0.0,0.0,0.0,0.0,0.0,0.0,0.0
2020-09-01,0,1.0,0.0,0,,,0,0,0,0,0.0,0.0,0.0,0.0,0.0,0.0,0.0,0.0
2020-09-02,0,1.0,0.0,0,,,0,0,0,0,0.0,0.0,0.0,0.0,0.0,0.0,0.0,0.0
2020-09-03,0,1.0,0.0,0,,,0,0,0,0,0.0,0.0,0.0,0.0,0.0,0.0,0.0,0.0
2020-09-04,0,1.0,0.0,0,,,0,0,0,0,0.0,0.0,0.0,0.0,0.0,0.0,0.0,0.0
2020-09-08,0,1.0,0.0,0,,,0,0,0,0,0.0,0.0,0.0,0.0,0.0,0.0,0.0,0.0
2020-09-09,0,1.0,0.0,0,,,0,0,0,0,0.0,0.0,0.0,0.0,0.0,0.0,0.0,0.0
2020-09-10,0,1.0,0.0,0,,,0,0,0,0,0.0,0.0,0.0,0.0,0.0,0.0,0.0,0.0
2020-09-11,0,1.0,0.0,0,,,0,0,0,0,0.0,0.0,0.0,0.0,0.0,0.0,0.0,0.0
2020-09-14,0,1.0,0.0,0,,,0,0,0,0,0.0,0.0,0.0,0.0,0.0,0.0,0.0,0.0
2020-09-15,0,1.0,0.0,0,,,0,0,0,0,0.0,0.0,0.0,0.0,0.0,0.0,0.0,0.0
2020-09-16,0,1.0,0.0,0,,,0,0,0,0,0.0,0.0,0.0,0.0,0.0,0.0,0.0,0.0
2020-09-17,0,1.0,0.0,0,,,0,0,0,0,0.0,0.0,0.0,0.0,0.0,0.0,0.0,0.0
2020-09-18,0,1.0,0.0,0,,,0,0,0,0,0.0,0.0,0.0,0.0,0.0,0.0,0.0,0.0
2020-09-21,0,1.0,0.0,0,,,0,0,0,0,0.0,0.0,0.0,0.0,0.0,0.0,0.0,0.0
2020-09-22,0,1.0,0.0,0,,,0,0,0,0,0.0,0.0,0.0,0.0,0.0,0.0,0.0,0.0
2020-09-23,0,1.0,0.0,0,,,0,0,0,0,0.0,0.0,0.0,0.0,0.0,0.0,0.0,0.0
2020-09-24,0,1.0,0.0,0,,,0,0,0,0,0.0,0.0,0.0,0.0,0.0,0.0,0.0,0.0
2020-09-25,0,1.0,0.0,0,,,0,0,0,0,0.0,0.0,0.0,0.0,0.0,0.0,0.0,0.0
2020-09-28,0,1.0,0.0,0,,,0,0,0,0,0.0,0.0,0.0,0.0,0.0,0.0,0.0,0.0
2020-09-29,0,1.0,0.0,0,,,0,0,0,0,0.0,0.0,0.0,0.0,0.0,0.0,0.0,0.0
2020-09-30,0,1.0,0.0,0,,,0,0,0,0,0.0,0.0,0.0,0.0,0.0,0.0,0.0,0.0
2020-10-01,0,1.0,0.0,0,,,0,0,0,0,0.0,0.0,0.0,0.0,0.0,0.0,0.0,0.0
2020-10-02,0,1.0,0.0,0,,,0,0,0,0,0.0,0.0,0.0,0.0,0.0,0.0,0.0,0.0
2020-10-05,0,1.0,0.0,0,,,0,0,0,0,0.0,0.0,0.0,0.0,0.0,0.0,0.0,0.0
2020-10-06,0,1.0,0.0,0,,,0,0,0,0,0.0,0.0,0.0,0.0,0.0,0.0,0.0,0.0
2020-10-07,0,1.0,0.0,0,,,0,0,0,0,0.0,0.0,0.0,0.0,0.0,0.0,0.0,0.0
2020-10-08,0,1.0,0.0,0,,,0,0,0,0,0.0,0.0,0.0,0.0,0.0,0.0,0.0,0.0
2020-10-09,0,1.0,0.0,0,,,0,0,0,0,0.0,0.0,0.0,0.0,0.0,0.0,0.0,0.0
2020-10-12,0,1.0,0.0,0,,,0,0,0,0,0.0,0.0,0.0,0.0,0.0,0.0,0.0,0.0
2020-10-13,0,1.0,0.0,0,,,0,0,0,0,0.0,0.0,0.0,0.0,0.0,0.0,0.0,0.0
2020-10-14,0,1.0,0.0,0,,,0,0,0,0,0.0,0.0,0.0,0.0,0.0,0.0,0.0,0.0
2020-10-15,0,1.0,0.0,0,,,0,0,0,0,0.0,0.0,0.0,0.0,0.0,0.0,0.0,0.0
2020-10-16,0,1.0,0.0,0,,,0,0,0,0,0.0,0.0,0.0,0.0,0.0,0.0,0.0,0.0
2020-10-19,0,1.0,0.0,0,,,0,0,0,0,0.0,0.0,0.0,0.0,0.0,0.0,0.0,0.0
2020-10-20,0,1.0,0.0,0,,,0,0,0,0,0.0,0.0,0.0,0.0,0.0,0.0,0.0,0.0
2020-10-21,0,1.0,0.0,0,,,0,0,0,0,0.0,0.0,0.0,0.0,0.0,0.0,0.0,0.0
2020-10-22,0,1.0,0.0,0,,,0,0,0,0,0.0,0.0,0.0,0.0,0.0,0.0,0.0,0.0
2020-10-23,0,1.0,0.0,0,,,0,0,0,0,0.0,0.0,0.0,0.0,0.0,0.0,0.0,0.0
2020-10-26,0,1.0,0.0,0,,,0,0,0,0,0.0,0.0,0.0,0.0,0.0,0.0,0.0,0.0
2020-10-27,0,1.0,0.0,0,,,0,0,0,0,0.0,0.0,0.0,0.0,0.0,0.0,0.0,0.0
2020-10-28,0,1.0,0.0,0,,,0,0,0,0,0.0,0.0,0.0,0.0,0.0,0.0,0.0,0.0
2020-10-29,0,1.0,0.0,0,,,0,0,0,0,0.0,0.0,0.0,0.0,0.0,0.0,0.0,0.0
2020-10-30,0,1.0,0.0,0,,,0,0,0,0,0.0,0.0,0.0,0.0,0.0,0.0,0.0,0.0
2020-11-02,0,1.0,0.0,0,,,0,0,0,0,0.0,0.0,0.0,0.0,0.0,0.0,0.0,0.0
2020-11-03,0,1.0,0.0,0,,,0,0,0,0,0.0,0.0,0.0,0.0,0.0,0.0,0.0,0.0
2020-11-04,0,1.0,0.0,0,,,0,0,0,0,0.0,0.0,0.0,0.0,0.0,0.0,0.0,0.0
2020-11-05,0,1.0,0.0,0,,,0,0,0,0,0.0,0.0,0.0,0.0,0.0,0.0,0.0,0.0
2020-11-06,0,1.0,0.0,0,,,0,0,0,0,0.0,0.0,0.0,0.0,0.0,0.0,0.0,0.0
2020-11-09,0,1.0,0.0,0,,,0,0,0,0,0.0,0.0,0.0,0.0,0.0,0.0,0.0,0.0
2020-11-10,0,1.0,0.0,0,,,0,0,0,0,0.0,0.0,0.0,0.0,0.0,0.0,0.0,0.0
2020-11-11,0,1.0,0.0,0,,,0,0,0,0,0.0,0.0,0.0,0.0,0.0,0.0,0.0,0.0
2020-11-12,0,1.0,0.0,0,,,0,0,0,0,0.0,0.0,0.0,0.0,0.0,0.0,0.0,0.0
2020-11-13,0,1.0,0.0,0,,,0,0,0,0,0.0,0.0,0.0,0.0,0.0,0.0,0.0,0.0
2020-11-16,0,1.0,0.0,0,,,0,0,0,0,0.0,0.0,0.0,0.0,0.0,0.0,0.0,0.0
2020-11-17,0,1.0,0.0,0,,,0,0,0,0,0.0,0.0,0.0,0.0,0.0,0.0,0.0,0.0
2020-11-18,0,1.0,0.0,0,,,0,0,0,0,0.0,0.0,0.0,0.0,0.0,0.0,0.0,0.0
2020-11-19,0,1.0,0.0,0,,,0,0,0,0,0.0,0.0,0.0,0.0,0.0,0.0,0.0,0.0
2020-11-20,0,1.0,0.0,0,,,0,0,0,0,0.0,0.0,0.0,0.0,0.0,0.0,0.0,0.0
2020-11-23,0,1.0,0.0,0,,,0,0,0,0,0.0,0.0,0.0,0.0,0.0,0.0,0.0,0.0
2020-11-24,0,1.0,0.0,0,,,0,0,0,0,0.0,0.0,0.0,0.0,0.0,0.0,0.0,0.0
2020-11-25,0,1.0,0.0,0,,,0,0,0,0,0.0,0.0,0.0,0.0,0.0,0.0,0.0,0.0
2020-11-27,0,1.0,0.0,0,,,0,0,0,0,0.0,0.0,0.0,0.0,0.0,0.0,0.0,0.0
2020-11-30,0,1.0,0.0,0,,,0,0,0,0,0.0,0.0,0.0,0.0,0.0,0.0,0.0,0.0
2020-12-01,0,1.0,0.0,0,,,0,0,0,0,0.0,0.0,0.0,0.0,0.0,0.0,0.0,0.0
2020-12-02,0,1.0,0.0,0,,,0,0,0,0,0.0,0.0,0.0,0.0,0.0,0.0,0.0,0.0
2020-12-03,0,1.0,0.0,0,,,0,0,0,0,0.0,0.0,0.0,0.0,0.0,0.0,0.0,0.0
2020-12-04,0,1.0,0.0,0,,,0,0,0,0,0.0,0.0,0.0,0.0,0.0,0.0,0.0,0.0
2020-12-07,0,1.0,0.0,0,,,0,0,0,0,0.0,0.0,0.0,0.0,0.0,0.0,0.0,0.0
2020-12-08,0,1.0,0.0,0,,,0,0,0,0,0.0,0.0,0.0,0.0,0.0,0.0,0.0,0.0
2020-12-09,0,1.0,0.0,0,,,0,0,0,0,0.0,0.0,0.0,0.0,0.0,0.0,0.0,0.0
2020-12-10,0,1.0,0.0,0,,,0,0,0,0,0.0,0.0,0.0,0.0,0.0,0.0,0.0,0.0
2020-12-11,0,1.0,0.0,0,,,0,0,0,0,0.0,0.0,0.0,0.0,0.0,0.0,0.0,0.0
2020-12-14,0,1.0,0.0,0,,,0,0,0,0,0.0,0.0,0.0,0.0,0.0,0.0,0.0,0.0
2020-12-15,0,1.0,0.0,0,,,0,0,0,0,0.0,0.0,0.0,0.0,0.0,0.0,0.0,0.0
2020-12-16,0,1.0,0.0,0,,,0,0,0,0,0.0,0.0,0.0,0.0,0.0,0.0,0.0,0.0
2020-12-17,0,1.0,0.0,0,,,0,0,0,0,0.0,0.0,0.0,0.0,0.0,0.0,0.0,0.0
2020-12-18,0,1.0,0.0,0,,,0,0,0,0,0.0,0.0,0.0,0.0,0.0,0.0,0.0,0.0
2020-12-21,0,1.0,0.0,0,,,0,0,0,0,0.0,0.0,0.0,0.0,0.0,0.0,0.0,0.0
2020-12-22,0,1.0,0.0,0,,,0,0,0,0,0.0,0.0,0.0,0.0,0.0,0.0,0.0,0.0
2020-12-23,0,1.0,0.0,0,,,0,0,0,0,0.0,0.0,0.0,0.0,0.0,0.0,0.0,0.0
2020-12-24,0,1.0,0.0,0,,,0,0,0,0,0.0,0.0,0.0,0.0,0.0,0.0,0.0,0.0
2020-12-28,0,1.0,0.0,0,,,0,0,0,0,0.0,0.0,0.0,0.0,0.0,0.0,0.0,0.0
2020-12-29,0,1.0,0.0,0,,,0,0,0,0,0.0,0.0,0.0,0.0,0.0,0.0,0.0,0.0
2020-12-30,0,1.0,0.0,0,,,0,0,0,0,0.0,0.0,0.0,0.0,0.0,0.0,0.0,0.0
2020-12-31,0,1.0,0.0,0,,,0,0,0,0,0.0,0.0,0.0,0.0,0.0,0.0,0.0,0.0
2021-01-04,0,1.0,0.0,0,,,0,0,0,0,0.0,0.0,0.0,0.0,0.0,0.0,0.0,0.0
2021-01-05,0,1.0,0.0,0,,,0,0,0,0,0.0,0.0,0.0,0.0,0.0,0.0,0.0,0.0
2021-01-06,0,1.0,0.0,0,,,0,0,0,0,0.0,0.0,0.0,0.0,0.0,0.0,0.0,0.0
2021-01-07,0,1.0,0.0,0,,,0,0,0,0,0.0,0.0,0.0,0.0,0.0,0.0,0.0,0.0
2021-01-08,0,1.0,0.0,0,,,0,0,0,0,0.0,0.0,0.0,0.0,0.0,0.0,0.0,0.0
2021-01-11,0,1.0,0.0,0,,,0,0,0,0,0.0,0.0,0.0,0.0,0.0,0.0,0.0,0.0
2021-01-12,0,1.0,0.0,0,,,0,0,0,0,0.0,0.0,0.0,0.0,0.0,0.0,0.0,0.0
2021-01-13,0,1.0,0.0,0,,,0,0,0,0,0.0,0.0,0.0,0.0,0.0,0.0,0.0,0.0
2021-01-14,0,1.0,0.0,0,,,0,0,0,0,0.0,0.0,0.0,0.0,0.0,0.0,0.0,0.0
2021-01-15,0,1.0,0.0,0,,,0,0,0,0,0.0,0.0,0.0,0.0,0.0,0.0,0.0,0.0
2021-01-19,0,1.0,0.0,0,,,0,0,0,0,0.0,0.0,0.0,0.0,0.0,0.0,0.0,0.0
2021-01-20,0,1.0,0.0,0,,,0,0,0,0,0.0,0.0,0.0,0.0,0.0,0.0,0.0,0.0
2021-01-21,0,1.0,0.0,0,,,0,0,0,0,0.0,0.0,0.0,0.0,0.0,0.0,0.0,0.0
2021-01-22,0,1.0,0.0,0,,,0,0,0,0,0.0,0.0,0.0,0.0,0.0,0.0,0.0,0.0
2021-01-25,0,1.0,0.0,0,,,0,0,0,0,0.0,0.0,0.0,0.0,0.0,0.0,0.0,0.0
2021-01-26,0,1.0,0.0,0,,,0,0,0,0,0.0,0.0,0.0,0.0,0.0,0.0,0.0,0.0
2021-01-27,0,1.0,0.0,0,,,0,0,0,0,0.0,0.0,0.0,0.0,0.0,0.0,0.0,0.0
2021-01-28,0,1.0,0.0,0,,,0,0,0,0,0.0,0.0,0.0,0.0,0.0,0.0,0.0,0.0
2021-01-29,0,1.0,0.0,0,,,0,0,0,0,0.0,0.0,0.0,0.0,0.0,0.0,0.0,0.0
2021-02-01,0,1.0,0.0,0,,,0,0,0,0,0.0,0.0,0.0,0.0,0.0,0.0,0.0,0.0
2021-02-02,0,1.0,0.0,0,,,0,0,0,0,0.0,0.0,0.0,0.0,0.0,0.0,0.0,0.0
2021-02-03,0,1.0,0.0,0,,,0,0,0,0,0.0,0.0,0.0,0.0,0.0,0.0,0.0,0.0
2021-02-04,0,1.0,0.0,0,,,0,0,0,0,0.0,0.0,0.0,0.0,0.0,0.0,0.0,0.0
2021-02-05,0,1.0,0.0,0,,,0,0,0,0,0.0,0.0,0.0,0.0,0.0,0.0,0.0,0.0
2021-02-08,0,1.0,0.0,0,,,0,0,0,0,0.0,0.0,0.0,0.0,0.0,0.0,0.0,0.0
2021-02-09,0,1.0,0.0,0,,,0,0,0,0,0.0,0.0,0.0,0.0,0.0,0.0,0.0,0.0
2021-02-10,0,1.0,0.0,0,,,0,0,0,0,0.0,0.0,0.0,0.0,0.0,0.0,0.0,0.0
2021-02-11,0,1.0,0.0,0,,,0,0,0,0,0.0,0.0,0.0,0.0,0.0,0.0,0.0,0.0
2021-02-12,0,1.0,0.0,0,,,0,0,0,0,0.0,0.0,0.0,0.0,0.0,0.0,0.0,0.0
2021-02-16,0,1.0,0.0,0,,,0,0,0,0,0.0,0.0,0.0,0.0,0.0,0.0,0.0,0.0
2021-02-17,0,1.0,0.0,0,,,0,0,0,0,0.0,0.0,0.0,0.0,0.0,0.0,0.0,0.0
2021-02-18,0,1.0,0.0,0,,,0,0,0,0,0.0,0.0,0.0,0.0,0.0,0.0,0.0,0.0
2021-02-19,0,1.0,0.0,0,,,0,0,0,0,0.0,0.0,0.0,0.0,0.0,0.0,0.0,0.0
2021-02-22,0,1.0,0.0,0,,,0,0,0,0,0.0,0.0,0.0,0.0,0.0,0.0,0.0,0.0
2021-02-23,0,1.0,0.0,0,,,0,0,0,0,0.0,0.0,0.0,0.0,0.0,0.0,0.0,0.0
2021-02-24,0,1.0,0.0,0,,,0,0,0,0,0.0,0.0,0.0,0.0,0.0,0.0,0.0,0.0
2021-02-25,0,1.0,0.0,0,,,0,0,0,0,0.0,0.0,0.0,0.0,0.0,0.0,0.0,0.0
2021-02-26,0,1.0,0.0,0,,,0,0,0,0,0.0,0.0,0.0,0.0,0.0,0.0,0.0,0.0
2021-03-01,0,1.0,0.0,0,,,0,0,0,0,0.0,0.0,0.0,0.0,0.0,0.0,0.0,0.0
2021-03-02,0,1.0,0.0,0,,,0,0,0,0,0.0,0.0,0.0,0.0,0.0,0.0,0.0,0.0
2021-03-03,0,1.0,0.0,0,,,0,0,0,0,0.0,0.0,0.0,0.0,0.0,0.0,0.0,0.0
2021-03-04,0,1.0,0.0,0,,,0,0,0,0,0.0,0.0,0.0,0.0,0.0,0.0,0.0,0.0
2021-03-05,0,1.0,0.0,0,,,0,0,0,0,0.0,0.0,0.0,0.0,0.0,0.0,0.0,0.0
2021-03-08,0,1.0,0.0,0,,,0,0,0,0,0.0,0.0,0.0,0.0,0.0,0.0,0.0,0.0
2021-03-09,0,1.0,0.0,0,,,0,0,0,0,0.0,0.0,0.0,0.0,0.0,0.0,0.0,0.0
2021-03-10,0,1.0,0.0,0,,,0,0,0,0,0.0,0.0,0.0,0.0,0.0,0.0,0.0,0.0
2021-03-11,0,1.0,0.0,0,,,0,0,0,0,0.0,0.0,0.0,0.0,0.0,0.0,0.0,0.0
2021-03-12,0,1.0,0.0,0,,,0,0,0,0,0.0,0.0,0.0,0.0,0.0,0.0,0.0,0.0
2021-03-15,0,1.0,0.0,0,,,0,0,0,0,0.0,0.0,0.0,0.0,0.0,0.0,0.0,0.0
2021-03-16,0,1.0,0.0,0,,,0,0,0,0,0.0,0.0,0.0,0.0,0.0,0.0,0.0,0.0
2021-03-17,0,1.0,0.0,0,,,0,0,0,0,0.0,0.0,0.0,0.0,0.0,0.0,0.0,0.0
2021-03-18,0,1.0,0.0,0,,,0,0,0,0,0.0,0.0,0.0,0.0,0.0,0.0,0.0,0.0
2021-03-19,0,1.0,0.0,0,,,0,0,0,0,0.0,0.0,0.0,0.0,0.0,0.0,0.0,0.0
2021-03-22,0,1.0,0.0,0,,,0,0,0,0,0.0,0.0,0.0,0.0,0.0,0.0,0.0,0.0
2021-03-23,0,1.0,0.0,0,,,0,0,0,0,0.0,0.0,0.0,0.0,0.0,0.0,0.0,0.0
2021-03-24,0,1.0,0.0,0,,,0,0,0,0,0.0,0.0,0.0,0.0,0.0,0.0,0.0,0.0
2021-03-25,0,1.0,0.0,0,,,0,0,0,0,0.0,0.0,0.0,0.0,0.0,0.0,0.0,0.0
2021-03-26,0,1.0,0.0,0,,,0,0,0,0,0.0,0.0,0.0,0.0,0.0,0.0,0.0,0.0
2021-03-29,0,1.0,0.0,0,,,0,0,0,0,0.0,0.0,0.0,0.0,0.0,0.0,0.0,0.0
2021-03-30,0,1.0,0.0,0,,,0,0,0,0,0.0,0.0,0.0,0.0,0.0,0.0,0.0,0.0
2021-03-31,0,1.0,0.0,0,,,0,0,0,0,0.0,0.0,0.0,0.0,0.0,0.0,0.0,0.0
2021-04-01,0,1.0,0.0,0,,,0,0,0,0,0.0,0.0,0.0,0.0,0.0,0.0,0.0,0.0
2021-04-05,0,1.0,0.0,0,,,0,0,0,0,0.0,0.0,0.0,0.0,0.0,0.0,0.0,0.0
2021-04-06,0,1.0,0.0,0,,,0,0,0,0,0.0,0.0,0.0,0.0,0.0,0.0,0.0,0.0
2021-04-07,0,1.0,0.0,0,,,0,0,0,0,0.0,0.0,0.0,0.0,0.0,0.0,0.0,0.0
2021-04-08,0,1.0,0.0,0,,,0,0,0,0,0.0,0.0,0.0,0.0,0.0,0.0,0.0,0.0
2021-04-09,0,1.0,0.0,0,,,0,0,0,0,0.0,0.0,0.0,0.0,0.0,0.0,0.0,0.0
2021-04-12,0,1.0,0.0,0,,,0,0,0,0,0.0,0.0,0.0,0.0,0.0,0.0,0.0,0.0
2021-04-13,0,1.0,0.0,0,,,0,0,0,0,0.0,0.0,0.0,0.0,0.0,0.0,0.0,0.0
2021-04-14,0,1.0,0.0,0,,,0,0,0,0,0.0,0.0,0.0,0.0,0.0,0.0,0.0,0.0
2021-04-15,0,1.0,0.0,0,,,0,0,0,0,0.0,0.0,0.0,0.0,0.0,0.0,0.0,0.0
2021-04-16,0,1.0,0.0,0,,,0,0,0,0,0.0,0.0,0.0,0.0,0.0,0.0,0.0,0.0
2021-04-19,0,1.0,0.0,0,,,0,0,0,0,0.0,0.0,0.0,0.0,0.0,0.0,0.0,0.0
2021-04-20,0,1.0,0.0,0,,,0,0,0,0,0.0,0.0,0.0,0.0,0.0,0.0,0.0,0.0
2021-04-21,0,1.0,0.0,0,,,0,0,0,0,0.0,0.0,0.0,0.0,0.0,0.0,0.0,0.0
2021-04-22,0,1.0,0.0,0,,,0,0,0,0,0.0,0.0,0.0,0.0,0.0,0.0,0.0,0.0
2021-04-23,0,1.0,0.0,0,,,0,0,0,0,0.0,0.0,0.0,0.0,0.0,0.0,0.0,0.0
2021-04-26,0,1.0,0.0,0,,,0,0,0,0,0.0,0.0,0.0,0.0,0.0,0.0,0.0,0.0
2021-04-27,0,1.0,0.0,0,,,0,0,0,0,0.0,0.0,0.0,0.0,0.0,0.0,0.0,0.0
2021-04-28,0,1.0,0.0,0,,,0,0,0,0,0.0,0.0,0.0,0.0,0.0,0.0,0.0,0.0
2021-04-29,0,1.0,0.0,0,,,0,0,0,0,0.0,0.0,0.0,0.0,0.0,0.0,0.0,0.0
2021-04-30,0,1.0,0.0,0,,,0,0,0,0,0.0,0.0,0.0,0.0,0.0,0.0,0.0,0.0
2021-05-03,0,1.0,0.0,0,,,0,0,0,0,0.0,0.0,0.0,0.0,0.0,0.0,0.0,0.0
2021-05-04,0,1.0,0.0,0,,,0,0,0,0,0.0,0.0,0.0,0.0,0.0,0.0,0.0,0.0
2021-05-05,0,1.0,0.0,0,,,0,0,0,0,0.0,0.0,0.0,0.0,0.0,0.0,0.0,0.0
2021-05-06,0,1.0,0.0,0,,,0,0,0,0,0.0,0.0,0.0,0.0,0.0,0.0,0.0,0.0
2021-05-07,0,1.0,0.0,0,,,0,0,0,0,0.0,0.0,0.0,0.0,0.0,0.0,0.0,0.0
2021-05-10,0,1.0,0.0,0,,,0,0,0,0,0.0,0.0,0.0,0.0,0.0,0.0,0.0,0.0
2021-05-11,0,1.0,0.0,0,,,0,0,0,0,0.0,0.0,0.0,0.0,0.0,0.0,0.0,0.0
2021-05-12,0,1.0,0.0,0,,,0,0,0,0,0.0,0.0,0.0,0.0,0.0,0.0,0.0,0.0
2021-05-13,0,1.0,0.0,0,,,0,0,0,0,0.0,0.0,0.0,0.0,0.0,0.0,0.0,0.0
2021-05-14,0,1.0,0.0,0,,,0,0,0,0,0.0,0.0,0.0,0.0,0.0,0.0,0.0,0.0
2021-05-17,0,1.0,0.0,0,,,0,0,0,0,0.0,0.0,0.0,0.0,0.0,0.0,0.0,0.0
2021-05-18,0,1.0,0.0,0,,,0,0,0,0,0.0,0.0,0.0,0.0,0.0,0.0,0.0,0.0
2021-05-19,0,1.0,0.0,0,,,0,0,0,0,0.0,0.0,0.0,0.0,0.0,0.0,0.0,0.0
2021-05-20,0,1.0,0.0,0,,,0,0,0,0,0.0,0.0,0.0,0.0,0.0,0.0,0.0,0.0
2021-05-21,0,1.0,0.0,0,,,0,0,0,0,0.0,0.0,0.0,0.0,0.0,0.0,0.0,0.0
2021-05-24,0,1.0,0.0,0,,,0,0,0,0,0.0,0.0,0.0,0.0,0.0,0.0,0.0,0.0
2021-05-25,0,1.0,0.0,0,,,0,0,0,0,0.0,0.0,0.0,0.0,0.0,0.0,0.0,0.0
2021-05-26,0,1.0,0.0,0,,,0,0,0,0,0.0,0.0,0.0,0.0,0.0,0.0,0.0,0.0
2021-05-27,0,1.0,0.0,0,,,0,0,0,0,0.0,0.0,0.0,0.0,0.0,0.0,0.0,0.0
2021-05-28,0,1.0,0.0,0,,,0,0,0,0,0.0,0.0,0.0,0.0,0.0,0.0,0.0,0.0
2021-06-01,0,1.0,0.0,0,,,0,0,0,0,0.0,0.0,0.0,0.0,0.0,0.0,0.0,0.0
2021-06-02,0,1.0,0.0,0,,,0,0,0,0,0.0,0.0,0.0,0.0,0.0,0.0,0.0,0.0
2021-06-03,0,1.0,0.0,0,,,0,0,0,0,0.0,0.0,0.0,0.0,0.0,0.0,0.0,0.0
2021-06-04,0,1.0,0.0,0,,,0,0,0,0,0.0,0.0,0.0,0.0,0.0,0.0,0.0,0.0
2021-06-07,0,1.0,0.0,0,,,0,0,0,0,0.0,0.0,0.0,0.0,0.0,0.0,0.0,0.0
2021-06-08,0,1.0,0.0,0,,,0,0,0,0,0.0,0.0,0.0,0.0,0.0,0.0,0.0,0.0
2021-06-09,0,1.0,0.0,0,,,0,0,0,0,0.0,0.0,0.0,0.0,0.0,0.0,0.0,0.0
2021-06-10,0,1.0,0.0,0,,,0,0,0,0,0.0,0.0,0.0,0.0,0.0,0.0,0.0,0.0
2021-06-11,0,1.0,0.0,0,,,0,0,0,0,0.0,0.0,0.0,0.0,0.0,0.0,0.0,0.0
2021-06-14,0,1.0,0.0,0,,,0,0,0,0,0.0,0.0,0.0,0.0,0.0,0.0,0.0,0.0
2021-06-15,0,1.0,0.0,0,,,0,0,0,0,0.0,0.0,0.0,0.0,0.0,0.0,0.0,0.0
2021-06-16,0,1.0,0.0,0,,,0,0,0,0,0.0,0.0,0.0,0.0,0.0,0.0,0.0,0.0
2021-06-17,0,1.0,0.0,0,,,0,0,0,0,0.0,0.0,0.0,0.0,0.0,0.0,0.0,0.0
2021-06-18,0,1.0,0.0,0,,,0,0,0,0,0.0,0.0,0.0,0.0,0.0,0.0,0.0,0.0
2021-06-21,0,1.0,0.0,0,,,0,0,0,0,0.0,0.0,0.0,0.0,0.0,0.0,0.0,0.0
2021-06-22,0,1.0,0.0,0,,,0,0,0,0,0.0,0.0,0.0,0.0,0.0,0.0,0.0,0.0
2021-06-23,0,1.0,0.0,0,,,0,0,0,0,0.0,0.0,0.0,0.0,0.0,0.0,0.0,0.0
2021-06-24,0,1.0,0.0,0,,,0,0,0,0,0.0,0.0,0.0,0.0,0.0,0.0,0.0,0.0
2021-06-25,0,1.0,0.0,0,,,0,0,0,0,0.0,0.0,0.0,0.0,0.0,0.0,0.0,0.0
2021-06-28,0,1.0,0.0,0,,,0,0,0,0,0.0,0.0,0.0,0.0,0.0,0.0,0.0,0.0
2021-06-29,0,1.0,0.0,0,,,0,0,0,0,0.0,0.0,0.0,0.0,0.0,0.0,0.0,0.0
2021-06-30,0,1.0,0.0,0,,,0,0,0,0,0.0,0.0,0.0,0.0,0.0,0.0,0.0,0.0
2021-07-01,0,1.0,0.0,0,,,0,0,0,0,0.0,0.0,0.0,0.0,0.0,0.0,0.0,0.0
2021-07-02,0,1.0,0.0,0,,,0,0,0,0,0.0,0.0,0.0,0.0,0.0,0.0,0.0,0.0
2021-07-06,0,1.0,0.0,0,,,0,0,0,0,0.0,0.0,0.0,0.0,0.0,0.0,0.0,0.0
2021-07-07,0,1.0,0.0,0,,,0,0,0,0,0.0,0.0,0.0,0.0,0.0,0.0,0.0,0.0
2021-07-08,0,1.0,0.0,0,,,0,0,0,0,0.0,0.0,0.0,0.0,0.0,0.0,0.0,0.0
2021-07-09,0,1.0,0.0,0,,,0,0,0,0,0.0,0.0,0.0,0.0,0.0,0.0,0.0,0.0
2021-07-12,0,1.0,0.0,0,,,0,0,0,0,0.0,0.0,0.0,0.0,0.0,0.0,0.0,0.0
2021-07-13,0,1.0,0.0,0,,,0,0,0,0,0.0,0.0,0.0,0.0,0.0,0.0,0.0,0.0
2021-07-14,0,1.0,0.0,0,,,0,0,0,0,0.0,0.0,0.0,0.0,0.0,0.0,0.0,0.0
2021-07-15,0,1.0,0.0,0,,,0,0,0,0,0.0,0.0,0.0,0.0,0.0,0.0,0.0,0.0
2021-07-16,0,1.0,0.0,0,,,0,0,0,0,0.0,0.0,0.0,0.0,0.0,0.0,0.0,0.0
2021-07-19,0,1.0,0.0,0,,,0,0,0,0,0.0,0.0,0.0,0.0,0.0,0.0,0.0,0.0
2021-07-20,0,1.0,0.0,0,,,0,0,0,0,0.0,0.0,0.0,0.0,0.0,0.0,0.0,0.0
2021-07-21,0,1.0,0.0,0,,,0,0,0,0,0.0,0.0,0.0,0.0,0.0,0.0,0.0,0.0
2021-07-22,0,1.0,0.0,0,,,0,0,0,0,0.0,0.0,0.0,0.0,0.0,0.0,0.0,0.0
2021-07-23,0,1.0,0.0,0,,,0,0,0,0,0.0,0.0,0.0,0.0,0.0,0.0,0.0,0.0
2021-07-26,0,1.0,0.0,0,,,0,0,0,0,0.0,0.0,0.0,0.0,0.0,0.0,0.0,0.0
2021-07-27,0,1.0,0.0,0,,,0,0,0,0,0.0,0.0,0.0,0.0,0.0,0.0,0.0,0.0
2021-07-28,0,1.0,0.0,0,,,0,0,0,0,0.0,0.0,0.0,0.0,0.0,0.0,0.0,0.0
2021-07-29,0,1.0,0.0,0,,,0,0,0,0,0.0,0.0,0.0,0.0,0.0,0.0,0.0,0.0
2021-07-30,0,1.0,0.0,0,,,0,0,0,0,0.0,0.0,0.0,0.0,0.0,0.0,0.0,0.0
2021-08-02,0,1.0,0.0,0,,,0,0,0,0,0.0,0.0,0.0,0.0,0.0,0.0,0.0,0.0
2021-08-03,0,1.0,0.0,0,,,0,0,0,0,0.0,0.0,0.0,0.0,0.0,0.0,0.0,0.0
2021-08-04,0,1.0,0.0,0,,,0,0,0,0,0.0,0.0,0.0,0.0,0.0,0.0,0.0,0.0
2021-08-05,0,1.0,0.0,0,,,0,0,0,0,0.0,0.0,0.0,0.0,0.0,0.0,0.0,0.0
2021-08-06,0,1.0,0.0,0,,,0,0,0,0,0.0,0.0,0.0,0.0,0.0,0.0,0.0,0.0
2021-08-09,0,1.0,0.0,0,,,0,0,0,0,0.0,0.0,0.0,0.0,0.0,0.0,0.0,0.0
2021-08-10,0,1.0,0.0,0,,,0,0,0,0,0.0,0.0,0.0,0.0,0.0,0.0,0.0,0.0
2021-08-11,0,1.0,0.0,0,,,0,0,0,0,0.0,0.0,0.0,0.0,0.0,0.0,0.0,0.0
2021-08-12,0,1.0,0.0,0,,,0,0,0,0,0.0,0.0,0.0,0.0,0.0,0.0,0.0,0.0
2021-08-13,0,1.0,0.0,0,,,0,0,0,0,0.0,0.0,0.0,0.0,0.0,0.0,0.0,0.0
2021-08-16,0,1.0,0.0,0,,,0,0,0,0,0.0,0.0,0.0,0.0,0.0,0.0,0.0,0.0
2021-08-17,0,1.0,0.0,0,,,0,0,0,0,0.0,0.0,0.0,0.0,0.0,0.0,0.0,0.0
2021-08-18,0,1.0,0.0,0,,,0,0,0,0,0.0,0.0,0.0,0.0,0.0,0.0,0.0,0.0
2021-08-19,0,1.0,0.0,0,,,0,0,0,0,0.0,0.0,0.0,0.0,0.0,0.0,0.0,0.0
2021-08-20,0,1.0,0.0,0,,,0,0,0,0,0.0,0.0,0.0,0.0,0.0,0.0,0.0,0.0
2021-08-23,0,1.0,0.0,0,,,0,0,0,0,0.0,0.0,0.0,0.0,0.0,0.0,0.0,0.0
2021-08-24,0,1.0,0.0,0,,,0,0,0,0,0.0,0.0,0.0,0.0,0.0,0.0,0.0,0.0
2021-08-25,0,1.0,0.0,0,,,0,0,0,0,0.0,0.0,0.0,0.0,0.0,0.0,0.0,0.0
2021-08-26,0,1.0,0.0,0,,,0,0,0,0,0.0,0.0,0.0,0.0,0.0,0.0,0.0,0.0
2021-08-27,0,1.0,0.0,0,,,0,0,0,0,0.0,0.0,0.0,0.0,0.0,0.0,0.0,0.0
2021-08-30,0,1.0,0.0,0,,,0,0,0,0,0.0,0.0,0.0,0.0,0.0,0.0,0.0,0.0
2021-08-31,0,1.0,0.0,0,,,0,0,0,0,0.0,0.0,0.0,0.0,0.0,0.0,0.0,0.0
2021-09-01,0,1.0,0.0,0,,,0,0,0,0,0.0,0.0,0.0,0.0,0.0,0.0,0.0,0.0
2021-09-02,0,1.0,0.0,0,,,0,0,0,0,0.0,0.0,0.0,0.0,0.0,0.0,0.0,0.0
2021-09-03,0,1.0,0.0,0,,,0,0,0,0,0.0,0.0,0.0,0.0,0.0,0.0,0.0,0.0
2021-09-07,0,1.0,0.0,0,,,0,0,0,0,0.0,0.0,0.0,0.0,0.0,0.0,0.0,0.0
2021-09-08,0,1.0,0.0,0,,,0,0,0,0,0.0,0.0,0.0,0.0,0.0,0.0,0.0,0.0
2021-09-09,0,1.0,0.0,0,,,0,0,0,0,0.0,0.0,0.0,0.0,0.0,0.0,0.0,0.0
2021-09-10,0,1.0,0.0,0,,,0,0,0,0,0.0,0.0,0.0,0.0,0.0,0.0,0.0,0.0
2021-09-13,0,1.0,0.0,0,,,0,0,0,0,0.0,0.0,0.0,0.0,0.0,0.0,0.0,0.0
2021-09-14,0,1.0,0.0,0,,,0,0,0,0,0.0,0.0,0.0,0.0,0.0,0.0,0.0,0.0
2021-09-15,0,1.0,0.0,0,,,0,0,0,0,0.0,0.0,0.0,0.0,0.0,0.0,0.0,0.0
2021-09-16,0,1.0,0.0,0,,,0,0,0,0,0.0,0.0,0.0,0.0,0.0,0.0,0.0,0.0
2021-09-17,0,1.0,0.0,0,,,0,0,0,0,0.0,0.0,0.0,0.0,0.0,0.0,0.0,0.0
2021-09-20,0,1.0,0.0,0,,,0,0,0,0,0.0,0.0,0.0,0.0,0.0,0.0,0.0,0.0
2021-09-21,0,1.0,0.0,0,,,0,0,0,0,0.0,0.0,0.0,0.0,0.0,0.0,0.0,0.0
2021-09-22,0,1.0,0.0,0,,,0,0,0,0,0.0,0.0,0.0,0.0,0.0,0.0,0.0,0.0
2021-09-23,0,1.0,0.0,0,,,0,0,0,0,0.0,0.0,0.0,0.0,0.0,0.0,0.0,0.0
2021-09-24,0,1.0,0.0,0,,,0,0,0,0,0.0,0.0,0.0,0.0,0.0,0.0,0.0,0.0
2021-09-27,0,1.0,0.0,0,,,0,0,0,0,0.0,0.0,0.0,0.0,0.0,0.0,0.0,0.0
2021-09-28,0,1.0,0.0,0,,,0,0,0,0,0.0,0.0,0.0,0.0,0.0,0.0,0.0,0.0
2021-09-29,0,1.0,0.0,0,,,0,0,0,0,0.0,0.0,0.0,0.0,0.0,0.0,0.0,0.0
2021-09-30,0,1.0,0.0,0,,,0,0,0,0,0.0,0.0,0.0,0.0,0.0,0.0,0.0,0.0
2021-10-01,0,1.0,0.0,0,,,0,0,0,0,0.0,0.0,0.0,0.0,0.0,0.0,0.0,0.0
2021-10-04,0,1.0,0.0,0,,,0,0,0,0,0.0,0.0,0.0,0.0,0.0,0.0,0.0,0.0
2021-10-05,0,1.0,0.0,0,,,0,0,0,0,0.0,0.0,0.0,0.0,0.0,0.0,0.0,0.0
2021-10-06,0,1.0,0.0,0,,,0,0,0,0,0.0,0.0,0.0,0.0,0.0,0.0,0.0,0.0
2021-10-07,0,1.0,0.0,0,,,0,0,0,0,0.0,0.0,0.0,0.0,0.0,0.0,0.0,0.0
2021-10-08,0,1.0,0.0,0,,,0,0,0,0,0.0,0.0,0.0,0.0,0.0,0.0,0.0,0.0
2021-10-11,0,1.0,0.0,0,,,0,0,0,0,0.0,0.0,0.0,0.0,0.0,0.0,0.0,0.0
2021-10-12,0,1.0,0.0,0,,,0,0,0,0,0.0,0.0,0.0,0.0,0.0,0.0,0.0,0.0
2021-10-13,0,1.0,0.0,0,,,0,0,0,0,0.0,0.0,0.0,0.0,0.0,0.0,0.0,0.0
2021-10-14,0,1.0,0.0,0,,,0,0,0,0,0.0,0.0,0.0,0.0,0.0,0.0,0.0,0.0
2021-10-15,0,1.0,0.0,0,,,0,0,0,0,0.0,0.0,0.0,0.0,0.0,0.0,0.0,0.0
2021-10-18,0,1.0,0.0,0,,,0,0,0,0,0.0,0.0,0.0,0.0,0.0,0.0,0.0,0.0
2021-10-19,0,1.0,0.0,0,,,0,0,0,0,0.0,0.0,0.0,0.0,0.0,0.0,0.0,0.0
2021-10-20,0,1.0,0.0,0,,,0,0,0,0,0.0,0.0,0.0,0.0,0.0,0.0,0.0,0.0
2021-10-21,0,1.0,0.0,0,,,0,0,0,0,0.0,0.0,0.0,0.0,0.0,0.0,0.0,0.0
2021-10-22,0,1.0,0.0,0,,,0,0,0,0,0.0,0.0,0.0,0.0,0.0,0.0,0.0,0.0
2021-10-25,0,1.0,0.0,0,,,0,0,0,0,0.0,0.0,0.0,0.0,0.0,0.0,0.0,0.0
2021-10-26,0,1.0,0.0,0,,,0,0,0,0,0.0,0.0,0.0,0.0,0.0,0.0,0.0,0.0
2021-10-27,0,1.0,0.0,0,,,0,0,0,0,0.0,0.0,0.0,0.0,0.0,0.0,0.0,0.0
2021-10-28,0,1.0,0.0,0,,,0,0,0,0,0.0,0.0,0.0,0.0,0.0,0.0,0.0,0.0
2021-10-29,0,1.0,0.0,0,,,0,0,0,0,0.0,0.0,0.0,0.0,0.0,0.0,0.0,0.0
2021-11-01,0,1.0,0.0,0,,,0,0,0,0,0.0,0.0,0.0,0.0,0.0,0.0,0.0,0.0
2021-11-02,0,1.0,0.0,0,,,0,0,0,0,0.0,0.0,0.0,0.0,0.0,0.0,0.0,0.0
2021-11-03,0,1.0,0.0,0,,,0,0,0,0,0.0,0.0,0.0,0.0,0.0,0.0,0.0,0.0
2021-11-04,0,1.0,0.0,0,,,0,0,0,0,0.0,0.0,0.0,0.0,0.0,0.0,0.0,0.0
2021-11-05,0,1.0,0.0,0,,,0,0,0,0,0.0,0.0,0.0,0.0,0.0,0.0,0.0,0.0
2021-11-08,0,1.0,0.0,0,,,0,0,0,0,0.0,0.0,0.0,0.0,0.0,0.0,0.0,0.0
2021-11-09,0,1.0,0.0,0,,,0,0,0,0,0.0,0.0,0.0,0.0,0.0,0.0,0.0,0.0
2021-11-10,0,1.0,0.0,0,,,0,0,0,0,0.0,0.0,0.0,0.0,0.0,0.0,0.0,0.0
2021-11-11,0,1.0,0.0,0,,,0,0,0,0,0.0,0.0,0.0,0.0,0.0,0.0,0.0,0.0
2021-11-12,0,1.0,0.0,0,,,0,0,0,0,0.0,0.0,0.0,0.0,0.0,0.0,0.0,0.0
2021-11-15,0,1.0,0.0,0,,,0,0,0,0,0.0,0.0,0.0,0.0,0.0,0.0,0.0,0.0
2021-11-16,0,1.0,0.0,0,,,0,0,0,0,0.0,0.0,0.0,0.0,0.0,0.0,0.0,0.0
2021-11-17,0,1.0,0.0,0,,,0,0,0,0,0.0,0.0,0.0,0.0,0.0,0.0,0.0,0.0
2021-11-18,0,1.0,0.0,0,,,0,0,0,0,0.0,0.0,0.0,0.0,0.0,0.0,0.0,0.0
2021-11-19,0,1.0,0.0,0,,,0,0,0,0,0.0,0.0,0.0,0.0,0.0,0.0,0.0,0.0
2021-11-22,0,1.0,0.0,0,,,0,0,0,0,0.0,0.0,0.0,0.0,0.0,0.0,0.0,0.0
2021-11-23,0,1.0,0.0,0,,,0,0,0,0,0.0,0.0,0.0,0.0,0.0,0.0,0.0,0.0
2021-11-24,0,1.0,0.0,0,,,0,0,0,0,0.0,0.0,0.0,0.0,0.0,0.0,0.0,0.0
2021-11-26,0,1.0,0.0,0,,,0,0,0,0,0.0,0.0,0.0,0.0,0.0,0.0,0.0,0.0
2021-11-29,0,1.0,0.0,0,,,0,0,0,0,0.0,0.0,0.0,0.0,0.0,0.0,0.0,0.0
2021-11-30,0,1.0,0.0,0,,,0,0,0,0,0.0,0.0,0.0,0.0,0.0,0.0,0.0,0.0
2021-12-01,0,1.0,0.0,0,,,0,0,0,0,0.0,0.0,0.0,0.0,0.0,0.0,0.0,0.0
2021-12-02,0,1.0,0.0,0,,,0,0,0,0,0.0,0.0,0.0,0.0,0.0,0.0,0.0,0.0
2021-12-03,0,1.0,0.0,0,,,0,0,0,0,0.0,0.0,0.0,0.0,0.0,0.0,0.0,0.0
2021-12-06,0,1.0,0.0,0,,,0,0,0,0,0.0,0.0,0.0,0.0,0.0,0.0,0.0,0.0
2021-12-07,0,1.0,0.0,0,,,0,0,0,0,0.0,0.0,0.0,0.0,0.0,0.0,0.0,0.0
2021-12-08,0,1.0,0.0,0,,,0,0,0,0,0.0,0.0,0.0,0.0,0.0,0.0,0.0,0.0
2021-12-09,0,1.0,0.0,0,,,0,0,0,0,0.0,0.0,0.0,0.0,0.0,0.0,0.0,0.0
2021-12-10,0,1.0,0.0,0,,,0,0,0,0,0.0,0.0,0.0,0.0,0.0,0.0,0.0,0.0
2021-12-13,0,1.0,0.0,0,,,0,0,0,0,0.0,0.0,0.0,0.0,0.0,0.0,0.0,0.0
2021-12-14,0,1.0,0.0,0,,,0,0,0,0,0.0,0.0,0.0,0.0,0.0,0.0,0.0,0.0
2021-12-15,0,1.0,0.0,0,,,0,0,0,0,0.0,0.0,0.0,0.0,0.0,0.0,0.0,0.0
2021-12-16,0,1.0,0.0,0,,,0,0,0,0,0.0,0.0,0.0,0.0,0.0,0.0,0.0,0.0
2021-12-17,0,1.0,0.0,0,,,0,0,0,0,0.0,0.0,0.0,0.0,0.0,0.0,0.0,0.0
2021-12-20,0,1.0,0.0,0,,,0,0,0,0,0.0,0.0,0.0,0.0,0.0,0.0,0.0,0.0
2021-12-21,0,1.0,0.0,0,,,0,0,0,0,0.0,0.0,0.0,0.0,0.0,0.0,0.0,0.0
2021-12-22,0,1.0,0.0,0,,,0,0,0,0,0.0,0.0,0.0,0.0,0.0,0.0,0.0,0.0
2021-12-23,0,1.0,0.0,0,,,0,0,0,0,0.0,0.0,0.0,0.0,0.0,0.0,0.0,0.0
2021-12-27,0,1.0,0.0,0,,,0,0,0,0,0.0,0.0,0.0,0.0,0.0,0.0,0.0,0.0
2021-12-28,0,1.0,0.0,0,,,0,0,0,0,0.0,0.0,0.0,0.0,0.0,0.0,0.0,0.0
2021-12-29,0,1.0,0.0,0,,,0,0,0,0,0.0,0.0,0.0,0.0,0.0,0.0,0.0,0.0
2021-12-30,0,1.0,0.0,0,,,0,0,0,0,0.0,0.0,0.0,0.0,0.0,0.0,0.0,0.0
2021-12-31,0,1.0,0.0,0,,,0,0,0,0,0.0,0.0,0.0,0.0,0.0,0.0,0.0,0.0
2022-01-03,0,1.0,0.0,0,,,0,0,0,0,0.0,0.0,0.0,0.0,0.0,0.0,0.0,0.0
2022-01-04,0,1.0,0.0,0,,,0,0,0,0,0.0,0.0,0.0,0.0,0.0,0.0,0.0,0.0
2022-01-05,0,1.0,0.0,0,,,0,0,0,0,0.0,0.0,0.0,0.0,0.0,0.0,0.0,0.0
2022-01-06,0,1.0,0.0,0,,,0,0,0,0,0.0,0.0,0.0,0.0,0.0,0.0,0.0,0.0
2022-01-07,0,1.0,0.0,0,,,0,0,0,0,0.0,0.0,0.0,0.0,0.0,0.0,0.0,0.0
2022-01-10,0,1.0,0.0,0,,,0,0,0,0,0.0,0.0,0.0,0.0,0.0,0.0,0.0,0.0
2022-01-11,0,1.0,0.0,0,,,0,0,0,0,0.0,0.0,0.0,0.0,0.0,0.0,0.0,0.0
2022-01-12,0,1.0,0.0,0,,,0,0,0,0,0.0,0.0,0.0,0.0,0.0,0.0,0.0,0.0
2022-01-13,0,1.0,0.0,0,,,0,0,0,0,0.0,0.0,0.0,0.0,0.0,0.0,0.0,0.0
2022-01-14,0,1.0,0.0,0,,,0,0,0,0,0.0,0.0,0.0,0.0,0.0,0.0,0.0,0.0
2022-01-18,0,1.0,0.0,0,,,0,0,0,0,0.0,0.0,0.0,0.0,0.0,0.0,0.0,0.0
2022-01-19,0,1.0,0.0,0,,,0,0,0,0,0.0,0.0,0.0,0.0,0.0,0.0,0.0,0.0
2022-01-20,0,1.0,0.0,0,,,0,0,0,0,0.0,0.0,0.0,0.0,0.0,0.0,0.0,0.0
2022-01-21,0,1.0,0.0,0,,,0,0,0,0,0.0,0.0,0.0,0.0,0.0,0.0,0.0,0.0
2022-01-24,0,1.0,0.0,0,,,0,0,0,0,0.0,0.0,0.0,0.0,0.0,0.0,0.0,0.0
2022-01-25,0,1.0,0.0,0,,,0,0,0,0,0.0,0.0,0.0,0.0,0.0,0.0,0.0,0.0
2022-01-26,0,1.0,0.0,0,,,0,0,0,0,0.0,0.0,0.0,0.0,0.0,0.0,0.0,0.0
2022-01-27,0,1.0,0.0,0,,,0,0,0,0,0.0,0.0,0.0,0.0,0.0,0.0,0.0,0.0
2022-01-28,0,1.0,0.0,0,,,0,0,0,0,0.0,0.0,0.0,0.0,0.0,0.0,0.0,0.0
2022-01-31,0,1.0,0.0,0,,,0,0,0,0,0.0,0.0,0.0,0.0,0.0,0.0,0.0,0.0
2022-02-01,0,1.0,0.0,0,,,0,0,0,0,0.0,0.0,0.0,0.0,0.0,0.0,0.0,0.0
2022-02-02,0,1.0,0.0,0,,,0,0,0,0,0.0,0.0,0.0,0.0,0.0,0.0,0.0,0.0
2022-02-03,0,1.0,0.0,0,,,0,0,0,0,0.0,0.0,0.0,0.0,0.0,0.0,0.0,0.0
2022-02-04,0,1.0,0.0,0,,,0,0,0,0,0.0,0.0,0.0,0.0,0.0,0.0,0.0,0.0
2022-02-07,0,1.0,0.0,0,,,0,0,0,0,0.0,0.0,0.0,0.0,0.0,0.0,0.0,0.0
2022-02-08,0,1.0,0.0,0,,,0,0,0,0,0.0,0.0,0.0,0.0,0.0,0.0,0.0,0.0
2022-02-09,0,1.0,0.0,0,,,0,0,0,0,0.0,0.0,0.0,0.0,0.0,0.0,0.0,0.0
2022-02-10,0,1.0,0.0,0,,,0,0,0,0,0.0,0.0,0.0,0.0,0.0,0.0,0.0,0.0
2022-02-11,0,1.0,0.0,0,,,0,0,0,0,0.0,0.0,0.0,0.0,0.0,0.0,0.0,0.0
2022-02-14,0,1.0,0.0,0,,,0,0,0,0,0.0,0.0,0.0,0.0,0.0,0.0,0.0,0.0
2022-02-15,0,1.0,0.0,0,,,0,0,0,0,0.0,0.0,0.0,0.0,0.0,0.0,0.0,0.0
2022-02-16,0,1.0,0.0,0,,,0,0,0,0,0.0,0.0,0.0,0.0,0.0,0.0,0.0,0.0
2022-02-17,0,1.0,0.0,0,,,0,0,0,0,0.0,0.0,0.0,0.0,0.0,0.0,0.0,0.0
2022-02-18,0,1.0,0.0,0,,,0,0,0,0,0.0,0.0,0.0,0.0,0.0,0.0,0.0,0.0
2022-02-22,1.4681496375797534,0.40516182032649833,0.5948381796735016,1,ukraine_invasion_2022,Kinetic,0.06907913944110719,0.46739202717989664,0.46428644377885303,0.46739202717989664,0.04705183836368631,0.3183544886816803,0.31623918427295317,0.3183544886816803,0.027988229882546994,0.1893694045382991,0.1881111407143565,0.1893694045382991
2022-02-23,7.750770988980409,0.11427564511278729,0.8857243548872127,1,ukraine_invasion_2022,Kinetic,1.5969700045631476,2.0535449127363936,2.046711158944474,2.0535449127363936,0.20604014837151374,0.26494717953297847,0.2640654925625293,0.26494717953297847,0.1824947774972246,0.23467016967103388,0.23388923804792033,0.23467016967103388
2022-02-24,9.791517151685008,0.09266537651231532,0.9073346234876847,1,ukraine_invasion_2022,Kinetic,2.417483469063754,2.4607408321521564,2.4525520183169416,2.4607408321521564,0.24689569875774894,0.2513135394680579,0.2504772223061352,0.2513135394680579,0.22401701587309095,0.2280254757106077,0.2272666561933783,0.2280254757106077
2022-02-25,0,1.0,0.0,0,,,0,0,0,0,0.0,0.0,0.0,0.0,0.0,0.0,0.0,0.0
2022-02-28,0,1.0,0.0,0,,,0,0,0,0,0.0,0.0,0.0,0.0,0.0,0.0,0.0,0.0
2022-03-01,0,1.0,0.0,0,,,0,0,0,0,0.0,0.0,0.0,0.0,0.0,0.0,0.0,0.0
2022-03-02,0,1.0,0.0,0,,,0,0,0,0,0.0,0.0,0.0,0.0,0.0,0.0,0.0,0.0
2022-03-03,0,1.0,0.0,0,,,0,0,0,0,0.0,0.0,0.0,0.0,0.0,0.0,0.0,0.0
2022-03-04,0,1.0,0.0,0,,,0,0,0,0,0.0,0.0,0.0,0.0,0.0,0.0,0.0,0.0
2022-03-07,0,1.0,0.0,0,,,0,0,0,0,0.0,0.0,0.0,0.0,0.0,0.0,0.0,0.0
2022-03-08,0,1.0,0.0,0,,,0,0,0,0,0.0,0.0,0.0,0.0,0.0,0.0,0.0,0.0
2022-03-09,0,1.0,0.0,0,,,0,0,0,0,0.0,0.0,0.0,0.0,0.0,0.0,0.0,0.0
2022-03-10,0,1.0,0.0,0,,,0,0,0,0,0.0,0.0,0.0,0.0,0.0,0.0,0.0,0.0
2022-03-11,0,1.0,0.0,0,,,0,0,0,0,0.0,0.0,0.0,0.0,0.0,0.0,0.0,0.0
2022-03-14,0,1.0,0.0,0,,,0,0,0,0,0.0,0.0,0.0,0.0,0.0,0.0,0.0,0.0
2022-03-15,0,1.0,0.0,0,,,0,0,0,0,0.0,0.0,0.0,0.0,0.0,0.0,0.0,0.0
2022-03-16,0,1.0,0.0,0,,,0,0,0,0,0.0,0.0,0.0,0.0,0.0,0.0,0.0,0.0
2022-03-17,0,1.0,0.0,0,,,0,0,0,0,0.0,0.0,0.0,0.0,0.0,0.0,0.0,0.0
2022-03-18,0,1.0,0.0,0,,,0,0,0,0,0.0,0.0,0.0,0.0,0.0,0.0,0.0,0.0
2022-03-21,0,1.0,0.0,0,,,0,0,0,0,0.0,0.0,0.0,0.0,0.0,0.0,0.0,0.0
2022-03-22,0,1.0,0.0,0,,,0,0,0,0,0.0,0.0,0.0,0.0,0.0,0.0,0.0,0.0
2022-03-23,0,1.0,0.0,0,,,0,0,0,0,0.0,0.0,0.0,0.0,0.0,0.0,0.0,0.0
2022-03-24,0,1.0,0.0,0,,,0,0,0,0,0.0,0.0,0.0,0.0,0.0,0.0,0.0,0.0
2022-03-25,0,1.0,0.0,0,,,0,0,0,0,0.0,0.0,0.0,0.0,0.0,0.0,0.0,0.0
2022-03-28,0,1.0,0.0,0,,,0,0,0,0,0.0,0.0,0.0,0.0,0.0,0.0,0.0,0.0
2022-03-29,0,1.0,0.0,0,,,0,0,0,0,0.0,0.0,0.0,0.0,0.0,0.0,0.0,0.0
2022-03-30,0,1.0,0.0,0,,,0,0,0,0,0.0,0.0,0.0,0.0,0.0,0.0,0.0,0.0
2022-03-31,0,1.0,0.0,0,,,0,0,0,0,0.0,0.0,0.0,0.0,0.0,0.0,0.0,0.0
2022-04-01,0.18520455517042944,0.8437362104604825,0.15626378953951747,1,rate_hike_shock_2022,Monetary,0.004075462490856121,0.04075462490856121,0.0722922194442901,0.06808224832672202,0.022005195752911086,0.22005195752911086,0.39033715654436874,0.36760569017360933,0.003438615277908782,0.03438615277908782,0.06099556327970292,0.05744345820281795
2022-04-04,0.19567278034254498,0.8363492223294678,0.16365077767053215,1,rate_hike_shock_2022,Monetary,0.004470767937151698,0.042826729415584505,0.07596780311287549,0.07240747987693327,0.02284818526790066,0.21886912088953805,0.38823899256649885,0.3700437012760623,0.0037391232874523393,0.03581810184163862,0.06353561305553149,0.060557939485909686
2022-04-05,0.20275016808516688,0.8314278613588104,0.16857213864118958,1,rate_hike_shock_2022,Monetary,0.004770299522943566,0.04427767434231423,0.07854154852901084,0.07516064569089827,0.023527968277391325,0.21838538907506613,0.3873809293022081,0.37070571334533453,0.003966159930401921,0.03681369208437218,0.06530163172128468,0.06249065490513082
2022-04-06,0.2115741005831158,0.8253725459455697,0.17462745405443025,1,rate_hike_shock_2022,Monetary,0.0051613687091239795,0.046093526372829714,0.08176258108084788,0.07855662442031419,0.02439508755986115,0.21785996606291663,0.3864489124874142,0.3712960338898079,0.004260052032013456,0.03804433121395171,0.06748458970978045,0.0648384810986846
2022-04-07,0.22211592702777674,0.8182529806579237,0.18174701934207627,1,rate_hike_shock_2022,Monetary,0.005651110320649986,0.04826461165852439,0.08561374090032492,0.08258646414827749,0.02544216615291746,0.21729469067964968,0.3854462039078291,0.37181693925960396,0.004624037863898607,0.03949266234988477,0.07005369867696608,0.06757662045132684
2022-04-08,0.23433875216862315,0.8101503726129389,0.18984962738706113,1,rate_hike_shock_2022,Monetary,0.006247674626819436,0.05077924044035433,0.09007429221504921,0.08723754488640019,0.02666086837538418,0.21669160550882813,0.3843764267816637,0.37227109933412406,0.005061555926882168,0.04113882056375506,0.07297372140086884,0.07067552949555507
2022-04-11,0.28081313229172983,0.7807540185122265,0.21924598148777352,1,rate_hike_shock_2022,Monetary,0.008781929735827846,0.060283156933976616,0.10693272774914296,0.10481531787278241,0.031273215978747444,0.21467356758568518,0.38079674862945223,0.37325646780611516,0.006856526931539605,0.04706631702480543,0.08348815690061723,0.08183498063081125
2022-04-12,0.2994574670780615,0.7695519286587991,0.23044807134120093,1,rate_hike_shock_2022,Monetary,0.009912818747825928,0.06406526690251359,0.11364158899915719,0.11183779242856476,0.033102593315002864,0.21393778397856175,0.37949158559313373,0.3734680371133016,0.007628428785834541,0.04930154970487003,0.08745310399015194,0.08606498886034442
2022-04-13,0.31962635363609265,0.7577902617999439,0.2422097382000561,1,rate_hike_shock_2022,Monetary,0.011207804641667204,0.06813586461145346,0.12086218159458284,0.11942050278838916,0.03506533336242898,0.2131734878439619,0.3781358458701727,0.37362533292343647,0.008493165213611615,0.05163269468187885,0.09158818423227129,0.09049569407229434
2022-04-14,0.3412787157934991,0.7455571971917865,0.2544428028082135,1,rate_hike_shock_2022,Monetary,0.012679512322269704,0.07248169207969693,0.12857098798664668,0.12754652340488581,0.037152953687102544,0.21238269111266272,0.37673309830561597,0.3737312568946188,0.009453301668750122,0.05403924719465696,0.09585702544350316,0.09509322850130328
2022-04-18,0.44205160482100997,0.6934564592951039,0.3065435407048961,1,rate_hike_shock_2022,Monetary,0.02060095944324104,0.09238429828532432,0.16387504436205597,0.1651913027303886,0.046603064480633484,0.20898984932478964,0.3707147368651907,0.3736923493293861,0.014285868393591968,0.06406448838340376,0.11364020803013943,0.11455297589776092
2022-04-19,0.4705930306100359,0.6799977826531498,0.3200022173468502,1,rate_hike_shock_2022,Monetary,0.023154110072273304,0.09792722981650173,0.17370732287070634,0.17580436785055453,0.04920198253309942,0.20809324288028105,0.3691242997065368,0.3735804748800828,0.015744743508452806,0.06659029913658658,0.11812059438269507,0.11954658031911576
2022-04-20,0.5004032467205973,0.6664874940691317,0.33351250593086834,1,rate_hike_shock_2022,Monetary,0.025961585667739685,0.10367382941880583,0.1839008761285347,0.18686695550551707,0.05188132938361103,0.20718056906751572,0.3675053615933405,0.37343273995553267,0.017303072173752907,0.06909731076989052,0.12256763408802489,0.1245444888992
2022-04-21,0.5314319606047432,0.6529836295209044,0.3470163704790956,1,rate_hike_shock_2022,Monetary,0.029033666176540084,0.10960981182768208,0.1944303643493865,0.1983581182511345,0.05463289438501443,0.20625370687707897,0.36586125555590293,0.3732521431820036,0.01895850871825547,0.07157341275834322,0.1269598450019343,0.12952460400056262
2022-04-22,0.5636481017490834,0.6395300828117327,0.36046991718826726,1,rate_hike_shock_2022,Monetary,0.03238190542392373,0.11572488340251068,0.2052775282527938,0.2102637846698552,0.057450571240172534,0.20531406571475935,0.3641944816558191,0.37304088138924907,0.020709202657363642,0.07400954426578576,0.13128115464289702,0.13447001562222083
2022-04-25,0.6669748280177985,0.599889082421899,0.400110917578101,1,rate_hike_shock_2022,Monetary,0.04417328150723746,0.13501877195301884,0.23950181637117154,0.24828095818637058,0.0662293082911649,0.20243458415707377,0.3590867395744961,0.3722493679772651,0.026499069310940922,0.0809962872166281,0.14367452486128024,0.14894103618925172
2022-04-26,0.7035025868897866,0.5870258182734994,0.4129741817265006,1,rate_hike_shock_2022,Monetary,0.04871222569892554,0.1417272586263923,0.25140160423129077,0.2616614983331781,0.06924242583710212,0.20145947046616308,0.3573570430533133,0.3719410606434216,0.02859533415083515,0.08319755996681781,0.1475792324391439,0.15360205516970377
2022-04-27,0.7409988188894779,0.5743829284375189,0.4256170715624811,1,rate_hike_shock_2022,Monetary,0.053565582382407,0.14855477145695797,0.2635125255540454,0.2753659394960676,0.07228835055727188,0.20047909344794157,0.3556180102270164,0.3716145457677702,0.030767156072268105,0.08532732466281388,0.15135709610769915,0.15816549471969996
2022-04-28,0.7794156800692024,0.5619822345058292,0.4380177654941708,1,rate_hike_shock_2022,Monetary,0.05873737085856574,0.15548941613034203,0.27581348171843756,0.289375411361857,0.07536077649008883,0.19949485249839535,0.35387212340140345,0.37127224761011235,0.03300935892409435,0.08738228951893633,0.15500227676296022,0.16262384028817992
2022-04-29,0.81871276148125,0.5498394365394732,0.4501605634605268,1,rate_hike_shock_2022,Monetary,0.06423154384712382,0.162520985393259,0.2882863666813841,0.3036738655594831,0.07845430884809144,0.19850794202745672,0.3521215012696322,0.3709162478548196,0.03531703587696304,0.0893604470344695,0.15851121341810423,0.16697186713099
2022-05-02,0.9413990033748657,0.5150924659287617,0.4849075340712383,1,rate_hike_shock_2022,Monetary,0.08265847587431777,0.18408476133640467,0.3265370738349155,0.3481186923292278,0.08780387017406169,0.1955438243257859,0.3468636281367383,0.36978867736341414,0.042576758168015406,0.09482067365667626,0.16819678657878878,0.1793133156677579
2022-05-03,0.9837305768672826,0.5041007139080373,0.49589928609196265,1,rate_hike_shock_2022,Monetary,0.08944608410958213,0.19139320692251524,0.33950109333682904,0.36339019249835613,0.09092538771583747,0.19455856249991968,0.3451159304389823,0.36940011934526046,0.04508983485591871,0.09648145224678867,0.17114274352365477,0.18318525546560047
2022-05-04,1.0266949125320384,0.4934141758665868,0.5065858241334131,1,rate_hike_shock_2022,Monetary,0.09655106636740621,0.19874407966844007,0.3525403718689648,0.37885939462722723,0.0940406591957212,0.19357657006237303,0.34337403211585865,0.3690087386260471,0.04763966484071386,0.09806314627796663,0.17394841704542532,0.1869345959693073
2022-05-05,1.070246714750503,0.4830342165863625,0.5169657834136375,1,rate_hike_shock_2022,Monetary,0.10396942281582924,0.20612821538769302,0.365638653622762,0.39451042292421884,0.09714528564571832,0.1925987835765007,0.3416395944817266,0.3686163362960544,0.05022078869878037,0.09956698103613931,0.17661598060636322,0.19056203307235461
2022-05-06,1.1143271292363905,0.4729637084877965,0.5270362915122035,1,rate_hike_shock_2022,Monetary,0.11169344373924434,0.21353440980986163,0.3787760640054059,0.4103232116818786,0.10023398049707714,0.19162632247515082,0.33991460323232725,0.3682250937954447,0.05282694536468607,0.10099402635342511,0.17914733191840784,0.1940679878756845
2022-05-09,1.2492314699935527,0.4445963047115229,0.5554036952884771,1,rate_hike_shock_2022,Monetary,0.1366180272320933,0.2357922458268783,0.41825792328658845,0.4585632736479926,0.10936165995946162,0.18874984459693064,0.3348121892004106,0.36707630624319704,0.06073987006436687,0.10483236117426108,0.1859559271095328,0.20387553694031632
2022-05-10,1.2949004917126188,0.4357487410069482,0.5642512589930517,1,rate_hike_shock_2022,Monetary,0.1454737060085084,0.24319223852277622,0.4313843327936876,0.4748502143876467,0.11234354063462185,0.18780766559222886,0.33314091357177894,0.36670788020137046,0.06338998424282244,0.10597071175896118,0.1879751799049717,0.20691538308629648
2022-05-11,1.3408329404114632,0.42719836291445196,0.572801637085548,1,rate_hike_shock_2022,Monetary,0.15458308016350322,0.25056826570843244,0.44446823129916735,0.49121336324036,0.11528884434780227,0.18687508201546735,0.3314866587054259,0.36634941493130435,0.06603763878012207,0.10704235290895574,0.18987610077848627,0.20984554461798383
2022-05-12,1.3869643998772245,0.4189421509811524,0.5810578490188476,1,rate_hike_shock_2022,Monetary,0.16392976408177823,0.25791016488429697,0.4574915921459495,0.5076328787651998,0.11819320243280178,0.18595298113428682,0.329850998472958,0.3660028179599534,0.06867708797425302,0.10804943923653104,0.19166251166941617,0.21266881013864736
2022-05-13,1.4332425523373888,0.4109742364317085,0.5890257635682915,1,rate_hike_shock_2022,Monetary,0.17349884226245113,0.2652100787571441,0.4704404777461559,0.5240931535716377,0.1210533708893183,0.18504200724757228,0.3282350757580724,0.36566954610503694,0.07130355422059631,0.10899450961121059,0.19333891612829462,0.21538878360818994
2022-05-16,1.5723325502121768,0.38875222409229937,0.6112477759077006,1,rate_hike_shock_2022,Monetary,0.20335225505778287,0.2867670564330196,0.5086791258553349,0.5735341128660392,0.12933158130596592,0.1823832091972669,0.32351879110223325,0.3647664183945338,0.07905364142789761,0.11148133098473828,0.1977501415255881,0.22296266196947656
2022-05-17,1.6185811943788841,0.38188619170817634,0.6181138082918236,1,rate_hike_shock_2022,Monetary,0.21365450815718073,0.2938592863313006,0.5233488272278017,0.5877185726626012,0.1320011062152299,0.18155362693687196,0.32333801297415427,0.36310725387374393,0.08159170646142926,0.11222080375514294,0.19985969056496555,0.22444160751028588
2022-05-18,1.66466570525279,0.37528159649772375,0.6247184035022763,1,rate_hike_shock_2022,Monetary,0.22408082183713574,0.30086847369308484,0.5379794623363996,0.6017369473861697,0.13461010287534436,0.1807380741633024,0.3231756746347484,0.3614761483266048,0.0840934085635623,0.11291040114337428,0.2018937915085911,0.22582080228674856
2022-05-19,1.710523635895819,0.3689324035979134,0.6310675964020867,1,rate_hike_shock_2022,Monetary,0.23460793807460617,0.3077866846416311,0.5525556438963192,0.6155733692832622,0.13715562483399393,0.1799371129300064,0.32303303637598674,0.3598742258600128,0.0865544704970149,0.11355248136026996,0.20385568182426178,0.22710496272053993
2022-05-20,1.7560870594165756,0.362833240910643,0.637166759089357,1,rate_hike_shock_2022,Monetary,0.24521034200767688,0.31460536398469235,0.5670606254548216,0.6292107279693847,0.13963450199851882,0.1791513480483215,0.32291145385651665,0.358302696096643,0.08897046309545259,0.11414928382243843,0.2057484445265892,0.22829856764487685
2022-05-23,1.890369846112434,0.34597648510103524,0.6540235148989648,1,rate_hike_shock_2022,Monetary,0.2772122570578469,0.3343879078735062,0.6099938654340685,0.6687758157470124,0.1466444556486853,0.17689020408423173,0.3226849320986195,0.35378040816846346,0.09590892232379852,0.11569035302636446,0.2110435334960729,0.23138070605272892
2022-05-24,1.9341007080528145,0.3408199307049824,0.6591800692950176,1,rate_hike_shock_2022,Monetary,0.28785157477475504,0.34073097820654097,0.6240561986584365,0.6814619564130819,0.14882967240343653,0.1761702360109144,0.3226596195638203,0.3523404720218288,0.09810555376805206,0.11612790838139415,0.21269079038278307,0.2322558167627883
2022-05-25,1.9771955418260414,0.33588657041541087,0.6641134295845892,1,rate_hike_shock_2022,Monetary,0.2984268699640984,0.3469345672940126,0.6379649699799053,0.6938691345880252,0.1509344238600123,0.17546801009555218,0.3226615458533312,0.35093602019110437,0.10023757787204682,0.11653066196694048,0.21428386581172096,0.23306132393388096
2022-05-26,2.01958932704295,0.3311708618930935,0.6688291381069065,1,rate_hike_shock_2022,Monetary,0.30890939353456803,0.3529917034440705,0.6517048231761704,0.705983406888141,0.15295653893500624,0.174783902210909,0.3226917544322667,0.349567804421818,0.1023017901037157,0.11690056667068409,0.21582564799113846,0.23380113334136818
2022-05-27,2.061202170739804,0.32666904837530836,0.6733309516246917,1,rate_hike_shock_2022,Monetary,0.31926578069860384,0.3588933486872559,0.6652563439794323,0.7177866973745118,0.1548929965390117,0.1741184604703004,0.3227516220500871,0.3482369209406008,0.10429424875961282,0.11723934868389364,0.217318656813398,0.2344786973677873
2022-05-31,2.218420535311056,0.3107114154376197,0.6892885845623803,1,rate_hike_shock_2022,Monetary,0.3587997637893724,0.38079445129624345,0.7172374176329532,0.7615889025924869,0.1617365860432153,0.17165115686366036,0.3233099433658036,0.34330231372732073,0.11148318246567951,0.11831718295304756,0.2228538532375581,0.23663436590609513
2022-06-01,2.2550304682720443,0.3072167863703153,0.6927832136296848,1,rate_hike_shock_2022,Monetary,0.3680421046734352,0.3858021194397234,0.7295820052794391,0.7716042388794468,0.16320937116005077,0.17108510278149408,0.32353532049546707,0.34217020556298816,0.11306871264673997,0.11852488730912838,0.2241398390555597,0.23704977461825677
2022-06-02,2.2904125305215,0.3039132603356301,0.69608673966437,1,rate_hike_shock_2022,Monetary,0.3769616986697401,0.39060716953010477,0.7416293232614456,0.7812143390602095,0.16458244689392718,0.17054009455718797,0.323797269434509,0.34108018911437593,0.11456365886437808,0.11871069840236634,0.22539098559289292,0.23742139680473268
2022-06-03,2.3244740859110062,0.30079945704433725,0.6992005429556627,1,rate_hike_shock_2022,Monetary,0.3855201610484152,0.3951993843704154,0.7533557717513449,0.7903987687408308,0.1658526388334944,0.1700166875448427,0.3240972985319775,0.3400333750896854,0.11596425512300872,0.11887576024287727,0.22660900710402218,0.23775152048575454
2022-06-06,2.417967359644796,0.29257154758315845,0.7074284524168415,1,rate_hike_shock_2022,Monetary,0.40869576015584197,0.40761964429490344,0.7864126666042438,0.8152392885898069,0.16902451496114493,0.168579465173088,0.32523708951959107,0.337158930346176,0.11957275103947003,0.11925791015665647,0.23008197090740204,0.23851582031331295
2022-06-07,2.445953687975193,0.290195426447414,0.709804573552586,1,rate_hike_shock_2022,Monetary,0.41547094840197213,0.4112775623759865,0.7966500524452613,0.822555124751973,0.16986051307696953,0.16814609548738016,0.3257012004608899,0.3362921909747603,0.12056776904802181,0.11935086760195228,0.23118420169870726,0.23870173520390456
2022-06-08,2.472209907639158,0.28800102142440026,0.7119989785755998,1,rate_hike_shock_2022,Monetary,0.4217138230016802,0.41467920496859295,0.8064584697316992,0.8293584099371859,0.17058172192360344,0.1677362442757103,0.3262095452492658,0.3354724885514206,0.12145401177327264,0.11942803459441302,0.23226086301908816,0.23885606918882604
2022-06-09,2.4966408012782555,0.2859887694596578,0.7140112305403422,1,rate_hike_shock_2022,Monetary,0.42738767636482305,0.4178138889142421,0.8158114581707063,0.8356277778284842,0.17118508843803432,0.1673504208936766,0.3267636488809359,0.3347008417873532,0.12222807564579818,0.11949007995373823,0.23331291503332935,0.23898015990747645
2022-06-10,2.51916940231876,0.2841579604951969,0.7158420395048031,1,rate_hike_shock_2022,Monetary,0.43246232283135355,0.4206733722474899,0.8246869627449368,0.8413467444949798,0.17166861523218535,0.16698891779976477,0.32736463136852045,0.33397783559952954,0.12288761164677287,0.11953768749248353,0.2343413653805797,0.23907537498496706
2022-06-13,2.574397221395785,0.2797674511422949,0.720232548857705,1,rate_hike_shock_2022,Monetary,0.4437495700511321,0.42749204748526737,0.848171508888851,0.8549840949705347,0.1723702800652264,0.166055200779579,0.32946411759603667,0.332110401559158,0.12414668615869447,0.11959836050855416,0.23729078117334815,0.23919672101710832
2022-06-14,2.5883857223875912,0.2786768417233122,0.7213231582766878,1,rate_hike_shock_2022,Monetary,0.4460960622649013,0.42914318969903076,0.8548600910255976,0.8582863793980615,0.1723452800741812,0.16579568724524504,0.3302676581900836,0.3315913744904901,0.1243166417371887,0.11959226875239412,0.23822971028231668,0.23918453750478824
2022-06-15,2.589620772294378,0.2785809597822307,0.7214190402177694,1,rate_hike_shock_2022,Monetary,0.44648515731749583,0.42931265126682294,0.855197661176413,0.8586253025336459,0.17241333638280731,0.1657820542142378,0.3302405009744792,0.3315641084284756,0.12438226365402827,0.11959833043656565,0.23824178525404413,0.2391966608731313
2022-06-16,2.5818319898177076,0.27918674098694773,0.7208132590130523,1,rate_hike_shock_2022,Monetary,0.4440336772568207,0.4282434835320278,0.8530678619648034,0.8564869670640556,0.1719839551946105,0.16586806779873553,0.3304118414091829,0.33173613559747106,0.12396831524178195,0.11955990251620446,0.2381652362226569,0.23911980503240893
2022-06-17,2.5591628479802386,0.2809649467338878,0.7190350532661123,1,rate_hike_shock_2022,Monetary,0.43693024388496643,0.425125362810446,0.8468565156639345,0.850250725620892,0.17073170792151962,0.1661189178117237,0.3309115386433094,0.3322378356234474,0.12276208269956418,0.11944532491726167,0.23793699581476316,0.23889064983452335
2022-06-21,2.3410171781541176,0.2993100444196133,0.7006899555803867,1,rate_hike_shock_2022,Monetary,0.37101574837302015,0.3946304335145296,0.7861101292375086,0.7892608670290592,0.15848484660226395,0.16857220749900437,0.33579853090072287,0.33714441499800873,0.11104874012590472,0.1181168525845651,0.2352906577007866,0.2362337051691302
2022-06-22,2.2599222076617296,0.30675578627297306,0.6932442137270269,1,rate_hike_shock_2022,Monetary,0.34766501837165575,0.38306311467229304,0.7630678452731948,0.7661262293445861,0.15383937429039818,0.16950278791615417,0.3376522619611394,0.33900557583230834,0.1066482560702049,0.1175068269334733,0.2340754768564022,0.2350136538669466
2022-06-23,2.1703213289403442,0.3154254399613942,0.6845745600386057,1,rate_hike_shock_2022,Monetary,0.32261097228446545,0.3701331014452201,0.7373110523202185,0.7402662028904402,0.1486466395471401,0.17054299587330554,0.3397243728329433,0.3410859917466111,0.10175970786920065,0.11674939636763389,0.23256666306650345,0.23349879273526777
2022-06-24,2.0732902306184524,0.32538417297437133,0.6746158270256286,1,rate_hike_shock_2022,Monetary,0.2963787705125552,0.3559506755771464,0.709059433374458,0.7119013511542928,0.14295093187418667,0.17168395930316424,0.3419971902163206,0.3433679186063285,0.09643696113038873,0.11582071619233851,0.23071671731822432,0.23164143238467702
2022-06-27,1.748193222896574,0.3638754333823762,0.6361245666176238,1,rate_hike_shock_2022,Monetary,0.21555159985449246,0.30701857317469866,0.6115859035179855,0.6140371463493973,0.12329964275765005,0.17562050301625176,0.3498388481935946,0.3512410060325035,0.07843393181331798,0.11171651637038225,0.22254108569315909,0.2234330327407645
2022-06-28,1.6320387711792776,0.3799336130417079,0.6200663869582921,1,rate_hike_shock_2022,Monetary,0.18941129513867383,0.2889869508029419,0.5756666236317782,0.5779739016058838,0.11605808543494903,0.1770711308494993,0.3527285220165532,0.3541422616989986,0.07196371771294563,0.109795856340468,0.21871510022394253,0.219591712680936
2022-06-29,1.5137528623647853,0.39781158083267626,0.6021884191673237,1,rate_hike_shock_2022,Monetary,0.16433249218455687,0.27031571532246723,0.5384732242128267,0.5406314306449345,0.10855965743829318,0.17857321498317758,0.35572069761217406,0.35714642996635515,0.06537336849811197,0.10753472203634634,0.21421088456017268,0.21506944407269268
2022-06-30,1.3944111850815881,0.4176392117738648,0.5823607882261352,1,rate_hike_shock_2022,Monetary,0.14064625653873203,0.25115402953345,0.500302839942506,0.5023080590669,0.10086426302619102,0.1801147554039125,0.35879147076207146,0.360229510807825,0.05873939171978083,0.10489177092818004,0.20894608372181428,0.20978354185636008
2022-07-01,1.275069507798391,0.4395470101340818,0.5604529898659182,1,rate_hike_shock_2022,Monetary,0.11862590051712378,0.23165863495196726,0.4614677024253653,0.4633172699039345,0.09303485009374128,0.1816831423974388,0.36191572271394223,0.3633662847948776,0.0521416598967648,0.10182486036487993,0.20283674887451353,0.20364972072975987
2022-07-05,0.8189376889984168,0.549771444095285,0.450228555904715,1,rate_hike_shock_2022,Monetary,0.05061898875418615,0.1539095033998995,0.30659019004453225,0.307819006799799,0.061810549733148264,0.18793799023724875,0.37437547955510564,0.3758759804744975,0.02782887454603191,0.08461504994415094,0.16855453152623037,0.16923009988830187
2022-07-06,0.7155321395447235,0.5829095106696078,0.41709048933039217,1,rate_hike_shock_2022,Monetary,0.038946897597293445,0.1355334688101804,0.2699848355168888,0.2710669376203608,0.05443067536012352,0.18941632572426056,0.37732034746709475,0.37883265144852113,0.02270251702053764,0.07900374798349678,0.15737672835936414,0.15800749596699357
2022-07-07,0.6185010412228318,0.617855642060302,0.38214435793969803,1,rate_hike_shock_2022,Monetary,0.0293165553629062,0.11802536057081628,0.23510840414747666,0.23605072114163256,0.0473993629904725,0.19082483731550332,0.38012612506301746,0.38164967463100663,0.0181133991367448,0.07292263493488034,0.14526305399831216,0.14584526986976068
2022-07-08,0.5289001625014464,0.654064944544117,0.345935055455883,1,rate_hike_shock_2022,Monetary,0.02158598649469147,0.10162511061114207,0.20243884417332872,0.20325022122228414,0.04081297005582303,0.19214422270264314,0.38275436183624745,0.3842884454052863,0.014118637059580432,0.06646942233616639,0.13240815138780337,0.13293884467233277
2022-07-11,0.3153560495860946,0.7602504282507172,0.2397495717492828,1,rate_hike_shock_2022,Monetary,0.007802663572813182,0.06160905480396991,0.1227262216013717,0.12321810960793982,0.024742393821378068,0.19536347847086463,0.3891671707660281,0.39072695694172926,0.005931978322727492,0.04683831029884002,0.09330266253003525,0.09367662059768005
2022-07-12,0.2661333347527145,0.7898062333184741,0.2101937666815259,1,rate_hike_shock_2022,Monetary,0.005578527378722727,0.05219430556439677,0.10397189068080148,0.10438861112879354,0.020961400359358128,0.19612088659579086,0.3906759398532693,0.3922417731915817,0.004405955696452976,0.04122338787848966,0.08211764734960393,0.08244677575697933
2022-07-13,0.22965952218293753,0.813233242178097,0.186766757821903,1,rate_hike_shock_2022,Monetary,0.0041661927464527035,0.04517079480497771,0.08998094502155173,0.09034158960995542,0.01814073593314403,0.1966859217315469,0.3918014988722154,0.3933718434630938,0.003388086434736604,0.03673439191101359,0.07317549565412565,0.07346878382202718
2022-07-14,0.2069903803454683,0.8285070173581476,0.17149298264185242,1,rate_hike_shock_2022,Monetary,0.00339038585104463,0.040785124759944065,0.08124462021459147,0.08157024951988813,0.016379436790183454,0.1970387449497577,0.3925043283605435,0.3940774898995154,0.00280895846914225,0.03379076206744119,0.06731173797038663,0.06758152413488237
2022-07-15,0.19920159786879832,0.833888148395719,0.166111851604281,1,rate_hike_shock_2022,Monetary,0.0031419711405613884,0.03927463925701735,0.07823570895718489,0.0785492785140347,0.01577282097220329,0.19716026215254112,0.3927463925701734,0.39432052430508224,0.002620052496715524,0.032750656208944046,0.06523983048073333,0.06550131241788809
2022-07-18,0,1.0,0.0,0,,,0,0,0,0,0.0,0.0,0.0,0.0,0.0,0.0,0.0,0.0
2022-07-19,0,1.0,0.0,0,,,0,0,0,0,0.0,0.0,0.0,0.0,0.0,0.0,0.0,0.0
2022-07-20,0,1.0,0.0,0,,,0,0,0,0,0.0,0.0,0.0,0.0,0.0,0.0,0.0,0.0
2022-07-21,0,1.0,0.0,0,,,0,0,0,0,0.0,0.0,0.0,0.0,0.0,0.0,0.0,0.0
2022-07-22,0,1.0,0.0,0,,,0,0,0,0,0.0,0.0,0.0,0.0,0.0,0.0,0.0,0.0
2022-07-25,0,1.0,0.0,0,,,0,0,0,0,0.0,0.0,0.0,0.0,0.0,0.0,0.0,0.0
2022-07-26,0,1.0,0.0,0,,,0,0,0,0,0.0,0.0,0.0,0.0,0.0,0.0,0.0,0.0
2022-07-27,0,1.0,0.0,0,,,0,0,0,0,0.0,0.0,0.0,0.0,0.0,0.0,0.0,0.0
2022-07-28,0,1.0,0.0,0,,,0,0,0,0,0.0,0.0,0.0,0.0,0.0,0.0,0.0,0.0
2022-07-29,0,1.0,0.0,0,,,0,0,0,0,0.0,0.0,0.0,0.0,0.0,0.0,0.0,0.0
2022-08-01,0,1.0,0.0,0,,,0,0,0,0,0.0,0.0,0.0,0.0,0.0,0.0,0.0,0.0
2022-08-02,0,1.0,0.0,0,,,0,0,0,0,0.0,0.0,0.0,0.0,0.0,0.0,0.0,0.0
2022-08-03,0,1.0,0.0,0,,,0,0,0,0,0.0,0.0,0.0,0.0,0.0,0.0,0.0,0.0
2022-08-04,0,1.0,0.0,0,,,0,0,0,0,0.0,0.0,0.0,0.0,0.0,0.0,0.0,0.0
2022-08-05,0,1.0,0.0,0,,,0,0,0,0,0.0,0.0,0.0,0.0,0.0,0.0,0.0,0.0
2022-08-08,0,1.0,0.0,0,,,0,0,0,0,0.0,0.0,0.0,0.0,0.0,0.0,0.0,0.0
2022-08-09,0,1.0,0.0,0,,,0,0,0,0,0.0,0.0,0.0,0.0,0.0,0.0,0.0,0.0
2022-08-10,0,1.0,0.0,0,,,0,0,0,0,0.0,0.0,0.0,0.0,0.0,0.0,0.0,0.0
2022-08-11,0,1.0,0.0,0,,,0,0,0,0,0.0,0.0,0.0,0.0,0.0,0.0,0.0,0.0
2022-08-12,0,1.0,0.0,0,,,0,0,0,0,0.0,0.0,0.0,0.0,0.0,0.0,0.0,0.0
2022-08-15,0,1.0,0.0,0,,,0,0,0,0,0.0,0.0,0.0,0.0,0.0,0.0,0.0,0.0
2022-08-16,0,1.0,0.0,0,,,0,0,0,0,0.0,0.0,0.0,0.0,0.0,0.0,0.0,0.0
2022-08-17,0,1.0,0.0,0,,,0,0,0,0,0.0,0.0,0.0,0.0,0.0,0.0,0.0,0.0
2022-08-18,0,1.0,0.0,0,,,0,0,0,0,0.0,0.0,0.0,0.0,0.0,0.0,0.0,0.0
2022-08-19,0,1.0,0.0,0,,,0,0,0,0,0.0,0.0,0.0,0.0,0.0,0.0,0.0,0.0
2022-08-22,0,1.0,0.0,0,,,0,0,0,0,0.0,0.0,0.0,0.0,0.0,0.0,0.0,0.0
2022-08-23,0,1.0,0.0,0,,,0,0,0,0,0.0,0.0,0.0,0.0,0.0,0.0,0.0,0.0
2022-08-24,0,1.0,0.0,0,,,0,0,0,0,0.0,0.0,0.0,0.0,0.0,0.0,0.0,0.0
2022-08-25,0,1.0,0.0,0,,,0,0,0,0,0.0,0.0,0.0,0.0,0.0,0.0,0.0,0.0
2022-08-26,0,1.0,0.0,0,,,0,0,0,0,0.0,0.0,0.0,0.0,0.0,0.0,0.0,0.0
2022-08-29,0,1.0,0.0,0,,,0,0,0,0,0.0,0.0,0.0,0.0,0.0,0.0,0.0,0.0
2022-08-30,0,1.0,0.0,0,,,0,0,0,0,0.0,0.0,0.0,0.0,0.0,0.0,0.0,0.0
2022-08-31,0,1.0,0.0,0,,,0,0,0,0,0.0,0.0,0.0,0.0,0.0,0.0,0.0,0.0
2022-09-01,0,1.0,0.0,0,,,0,0,0,0,0.0,0.0,0.0,0.0,0.0,0.0,0.0,0.0
2022-09-02,0,1.0,0.0,0,,,0,0,0,0,0.0,0.0,0.0,0.0,0.0,0.0,0.0,0.0
2022-09-06,0,1.0,0.0,0,,,0,0,0,0,0.0,0.0,0.0,0.0,0.0,0.0,0.0,0.0
2022-09-07,0,1.0,0.0,0,,,0,0,0,0,0.0,0.0,0.0,0.0,0.0,0.0,0.0,0.0
2022-09-08,0,1.0,0.0,0,,,0,0,0,0,0.0,0.0,0.0,0.0,0.0,0.0,0.0,0.0
2022-09-09,0,1.0,0.0,0,,,0,0,0,0,0.0,0.0,0.0,0.0,0.0,0.0,0.0,0.0
2022-09-12,0,1.0,0.0,0,,,0,0,0,0,0.0,0.0,0.0,0.0,0.0,0.0,0.0,0.0
2022-09-13,0,1.0,0.0,0,,,0,0,0,0,0.0,0.0,0.0,0.0,0.0,0.0,0.0,0.0
2022-09-14,0,1.0,0.0,0,,,0,0,0,0,0.0,0.0,0.0,0.0,0.0,0.0,0.0,0.0
2022-09-15,0,1.0,0.0,0,,,0,0,0,0,0.0,0.0,0.0,0.0,0.0,0.0,0.0,0.0
2022-09-16,0,1.0,0.0,0,,,0,0,0,0,0.0,0.0,0.0,0.0,0.0,0.0,0.0,0.0
2022-09-19,0,1.0,0.0,0,,,0,0,0,0,0.0,0.0,0.0,0.0,0.0,0.0,0.0,0.0
2022-09-20,0,1.0,0.0,0,,,0,0,0,0,0.0,0.0,0.0,0.0,0.0,0.0,0.0,0.0
2022-09-21,0,1.0,0.0,0,,,0,0,0,0,0.0,0.0,0.0,0.0,0.0,0.0,0.0,0.0
2022-09-22,0,1.0,0.0,0,,,0,0,0,0,0.0,0.0,0.0,0.0,0.0,0.0,0.0,0.0
2022-09-23,0,1.0,0.0,0,,,0,0,0,0,0.0,0.0,0.0,0.0,0.0,0.0,0.0,0.0
2022-09-26,0,1.0,0.0,0,,,0,0,0,0,0.0,0.0,0.0,0.0,0.0,0.0,0.0,0.0
2022-09-27,0,1.0,0.0,0,,,0,0,0,0,0.0,0.0,0.0,0.0,0.0,0.0,0.0,0.0
2022-09-28,0,1.0,0.0,0,,,0,0,0,0,0.0,0.0,0.0,0.0,0.0,0.0,0.0,0.0
2022-09-29,0,1.0,0.0,0,,,0,0,0,0,0.0,0.0,0.0,0.0,0.0,0.0,0.0,0.0
2022-09-30,0,1.0,0.0,0,,,0,0,0,0,0.0,0.0,0.0,0.0,0.0,0.0,0.0,0.0
2022-10-03,0,1.0,0.0,0,,,0,0,0,0,0.0,0.0,0.0,0.0,0.0,0.0,0.0,0.0
2022-10-04,0,1.0,0.0,0,,,0,0,0,0,0.0,0.0,0.0,0.0,0.0,0.0,0.0,0.0
2022-10-05,0,1.0,0.0,0,,,0,0,0,0,0.0,0.0,0.0,0.0,0.0,0.0,0.0,0.0
2022-10-06,0,1.0,0.0,0,,,0,0,0,0,0.0,0.0,0.0,0.0,0.0,0.0,0.0,0.0
2022-10-07,0,1.0,0.0,0,,,0,0,0,0,0.0,0.0,0.0,0.0,0.0,0.0,0.0,0.0
2022-10-10,0,1.0,0.0,0,,,0,0,0,0,0.0,0.0,0.0,0.0,0.0,0.0,0.0,0.0
2022-10-11,0,1.0,0.0,0,,,0,0,0,0,0.0,0.0,0.0,0.0,0.0,0.0,0.0,0.0
2022-10-12,0,1.0,0.0,0,,,0,0,0,0,0.0,0.0,0.0,0.0,0.0,0.0,0.0,0.0
2022-10-13,0,1.0,0.0,0,,,0,0,0,0,0.0,0.0,0.0,0.0,0.0,0.0,0.0,0.0
2022-10-14,0,1.0,0.0,0,,,0,0,0,0,0.0,0.0,0.0,0.0,0.0,0.0,0.0,0.0
2022-10-17,0,1.0,0.0,0,,,0,0,0,0,0.0,0.0,0.0,0.0,0.0,0.0,0.0,0.0
2022-10-18,0,1.0,0.0,0,,,0,0,0,0,0.0,0.0,0.0,0.0,0.0,0.0,0.0,0.0
2022-10-19,0,1.0,0.0,0,,,0,0,0,0,0.0,0.0,0.0,0.0,0.0,0.0,0.0,0.0
2022-10-20,0,1.0,0.0,0,,,0,0,0,0,0.0,0.0,0.0,0.0,0.0,0.0,0.0,0.0
2022-10-21,0,1.0,0.0,0,,,0,0,0,0,0.0,0.0,0.0,0.0,0.0,0.0,0.0,0.0
2022-10-24,0,1.0,0.0,0,,,0,0,0,0,0.0,0.0,0.0,0.0,0.0,0.0,0.0,0.0
2022-10-25,0,1.0,0.0,0,,,0,0,0,0,0.0,0.0,0.0,0.0,0.0,0.0,0.0,0.0
2022-10-26,0,1.0,0.0,0,,,0,0,0,0,0.0,0.0,0.0,0.0,0.0,0.0,0.0,0.0
2022-10-27,0,1.0,0.0,0,,,0,0,0,0,0.0,0.0,0.0,0.0,0.0,0.0,0.0,0.0
2022-10-28,0,1.0,0.0,0,,,0,0,0,0,0.0,0.0,0.0,0.0,0.0,0.0,0.0,0.0
2022-10-31,0,1.0,0.0,0,,,0,0,0,0,0.0,0.0,0.0,0.0,0.0,0.0,0.0,0.0
2022-11-01,0,1.0,0.0,0,,,0,0,0,0,0.0,0.0,0.0,0.0,0.0,0.0,0.0,0.0
2022-11-02,0,1.0,0.0,0,,,0,0,0,0,0.0,0.0,0.0,0.0,0.0,0.0,0.0,0.0
2022-11-03,0,1.0,0.0,0,,,0,0,0,0,0.0,0.0,0.0,0.0,0.0,0.0,0.0,0.0
2022-11-04,0,1.0,0.0,0,,,0,0,0,0,0.0,0.0,0.0,0.0,0.0,0.0,0.0,0.0
2022-11-07,0,1.0,0.0,0,,,0,0,0,0,0.0,0.0,0.0,0.0,0.0,0.0,0.0,0.0
2022-11-08,0,1.0,0.0,0,,,0,0,0,0,0.0,0.0,0.0,0.0,0.0,0.0,0.0,0.0
2022-11-09,0,1.0,0.0,0,,,0,0,0,0,0.0,0.0,0.0,0.0,0.0,0.0,0.0,0.0
2022-11-10,0,1.0,0.0,0,,,0,0,0,0,0.0,0.0,0.0,0.0,0.0,0.0,0.0,0.0
2022-11-11,0,1.0,0.0,0,,,0,0,0,0,0.0,0.0,0.0,0.0,0.0,0.0,0.0,0.0
2022-11-14,0,1.0,0.0,0,,,0,0,0,0,0.0,0.0,0.0,0.0,0.0,0.0,0.0,0.0
2022-11-15,0,1.0,0.0,0,,,0,0,0,0,0.0,0.0,0.0,0.0,0.0,0.0,0.0,0.0
2022-11-16,0,1.0,0.0,0,,,0,0,0,0,0.0,0.0,0.0,0.0,0.0,0.0,0.0,0.0
2022-11-17,0,1.0,0.0,0,,,0,0,0,0,0.0,0.0,0.0,0.0,0.0,0.0,0.0,0.0
2022-11-18,0,1.0,0.0,0,,,0,0,0,0,0.0,0.0,0.0,0.0,0.0,0.0,0.0,0.0
2022-11-21,0,1.0,0.0,0,,,0,0,0,0,0.0,0.0,0.0,0.0,0.0,0.0,0.0,0.0
2022-11-22,0,1.0,0.0,0,,,0,0,0,0,0.0,0.0,0.0,0.0,0.0,0.0,0.0,0.0
2022-11-23,0,1.0,0.0,0,,,0,0,0,0,0.0,0.0,0.0,0.0,0.0,0.0,0.0,0.0
2022-11-25,0,1.0,0.0,0,,,0,0,0,0,0.0,0.0,0.0,0.0,0.0,0.0,0.0,0.0
2022-11-28,0,1.0,0.0,0,,,0,0,0,0,0.0,0.0,0.0,0.0,0.0,0.0,0.0,0.0
2022-11-29,0,1.0,0.0,0,,,0,0,0,0,0.0,0.0,0.0,0.0,0.0,0.0,0.0,0.0
2022-11-30,0,1.0,0.0,0,,,0,0,0,0,0.0,0.0,0.0,0.0,0.0,0.0,0.0,0.0
2022-12-01,0,1.0,0.0,0,,,0,0,0,0,0.0,0.0,0.0,0.0,0.0,0.0,0.0,0.0
2022-12-02,0,1.0,0.0,0,,,0,0,0,0,0.0,0.0,0.0,0.0,0.0,0.0,0.0,0.0
2022-12-05,0,1.0,0.0,0,,,0,0,0,0,0.0,0.0,0.0,0.0,0.0,0.0,0.0,0.0
2022-12-06,0,1.0,0.0,0,,,0,0,0,0,0.0,0.0,0.0,0.0,0.0,0.0,0.0,0.0
2022-12-07,0,1.0,0.0,0,,,0,0,0,0,0.0,0.0,0.0,0.0,0.0,0.0,0.0,0.0
2022-12-08,0,1.0,0.0,0,,,0,0,0,0,0.0,0.0,0.0,0.0,0.0,0.0,0.0,0.0
2022-12-09,0,1.0,0.0,0,,,0,0,0,0,0.0,0.0,0.0,0.0,0.0,0.0,0.0,0.0
2022-12-12,0,1.0,0.0,0,,,0,0,0,0,0.0,0.0,0.0,0.0,0.0,0.0,0.0,0.0
2022-12-13,0,1.0,0.0,0,,,0,0,0,0,0.0,0.0,0.0,0.0,0.0,0.0,0.0,0.0
2022-12-14,0,1.0,0.0,0,,,0,0,0,0,0.0,0.0,0.0,0.0,0.0,0.0,0.0,0.0
2022-12-15,0,1.0,0.0,0,,,0,0,0,0,0.0,0.0,0.0,0.0,0.0,0.0,0.0,0.0
2022-12-16,0,1.0,0.0,0,,,0,0,0,0,0.0,0.0,0.0,0.0,0.0,0.0,0.0,0.0
2022-12-19,0,1.0,0.0,0,,,0,0,0,0,0.0,0.0,0.0,0.0,0.0,0.0,0.0,0.0
2022-12-20,0,1.0,0.0,0,,,0,0,0,0,0.0,0.0,0.0,0.0,0.0,0.0,0.0,0.0
2022-12-21,0,1.0,0.0,0,,,0,0,0,0,0.0,0.0,0.0,0.0,0.0,0.0,0.0,0.0
2022-12-22,0,1.0,0.0,0,,,0,0,0,0,0.0,0.0,0.0,0.0,0.0,0.0,0.0,0.0
2022-12-23,0,1.0,0.0,0,,,0,0,0,0,0.0,0.0,0.0,0.0,0.0,0.0,0.0,0.0
2022-12-27,0,1.0,0.0,0,,,0,0,0,0,0.0,0.0,0.0,0.0,0.0,0.0,0.0,0.0
2022-12-28,0,1.0,0.0,0,,,0,0,0,0,0.0,0.0,0.0,0.0,0.0,0.0,0.0,0.0
2022-12-29,0,1.0,0.0,0,,,0,0,0,0,0.0,0.0,0.0,0.0,0.0,0.0,0.0,0.0
2022-12-30,0,1.0,0.0,0,,,0,0,0,0,0.0,0.0,0.0,0.0,0.0,0.0,0.0,0.0
2023-01-03,0,1.0,0.0,0,,,0,0,0,0,0.0,0.0,0.0,0.0,0.0,0.0,0.0,0.0
2023-01-04,0,1.0,0.0,0,,,0,0,0,0,0.0,0.0,0.0,0.0,0.0,0.0,0.0,0.0
2023-01-05,0,1.0,0.0,0,,,0,0,0,0,0.0,0.0,0.0,0.0,0.0,0.0,0.0,0.0
2023-01-06,0,1.0,0.0,0,,,0,0,0,0,0.0,0.0,0.0,0.0,0.0,0.0,0.0,0.0
2023-01-09,0,1.0,0.0,0,,,0,0,0,0,0.0,0.0,0.0,0.0,0.0,0.0,0.0,0.0
2023-01-10,0,1.0,0.0,0,,,0,0,0,0,0.0,0.0,0.0,0.0,0.0,0.0,0.0,0.0
2023-01-11,0,1.0,0.0,0,,,0,0,0,0,0.0,0.0,0.0,0.0,0.0,0.0,0.0,0.0
2023-01-12,0,1.0,0.0,0,,,0,0,0,0,0.0,0.0,0.0,0.0,0.0,0.0,0.0,0.0
2023-01-13,0,1.0,0.0,0,,,0,0,0,0,0.0,0.0,0.0,0.0,0.0,0.0,0.0,0.0
2023-01-17,0,1.0,0.0,0,,,0,0,0,0,0.0,0.0,0.0,0.0,0.0,0.0,0.0,0.0
2023-01-18,0,1.0,0.0,0,,,0,0,0,0,0.0,0.0,0.0,0.0,0.0,0.0,0.0,0.0
2023-01-19,0,1.0,0.0,0,,,0,0,0,0,0.0,0.0,0.0,0.0,0.0,0.0,0.0,0.0
2023-01-20,0,1.0,0.0,0,,,0,0,0,0,0.0,0.0,0.0,0.0,0.0,0.0,0.0,0.0
2023-01-23,0,1.0,0.0,0,,,0,0,0,0,0.0,0.0,0.0,0.0,0.0,0.0,0.0,0.0
2023-01-24,0,1.0,0.0,0,,,0,0,0,0,0.0,0.0,0.0,0.0,0.0,0.0,0.0,0.0
2023-01-25,0,1.0,0.0,0,,,0,0,0,0,0.0,0.0,0.0,0.0,0.0,0.0,0.0,0.0
2023-01-26,0,1.0,0.0,0,,,0,0,0,0,0.0,0.0,0.0,0.0,0.0,0.0,0.0,0.0
2023-01-27,0,1.0,0.0,0,,,0,0,0,0,0.0,0.0,0.0,0.0,0.0,0.0,0.0,0.0
2023-01-30,0,1.0,0.0,0,,,0,0,0,0,0.0,0.0,0.0,0.0,0.0,0.0,0.0,0.0
2023-01-31,0,1.0,0.0,0,,,0,0,0,0,0.0,0.0,0.0,0.0,0.0,0.0,0.0,0.0
2023-02-01,0,1.0,0.0,0,,,0,0,0,0,0.0,0.0,0.0,0.0,0.0,0.0,0.0,0.0
2023-02-02,0,1.0,0.0,0,,,0,0,0,0,0.0,0.0,0.0,0.0,0.0,0.0,0.0,0.0
2023-02-03,0,1.0,0.0,0,,,0,0,0,0,0.0,0.0,0.0,0.0,0.0,0.0,0.0,0.0
2023-02-06,0,1.0,0.0,0,,,0,0,0,0,0.0,0.0,0.0,0.0,0.0,0.0,0.0,0.0
2023-02-07,0,1.0,0.0,0,,,0,0,0,0,0.0,0.0,0.0,0.0,0.0,0.0,0.0,0.0
2023-02-08,0,1.0,0.0,0,,,0,0,0,0,0.0,0.0,0.0,0.0,0.0,0.0,0.0,0.0
2023-02-09,0,1.0,0.0,0,,,0,0,0,0,0.0,0.0,0.0,0.0,0.0,0.0,0.0,0.0
2023-02-10,0,1.0,0.0,0,,,0,0,0,0,0.0,0.0,0.0,0.0,0.0,0.0,0.0,0.0
2023-02-13,0,1.0,0.0,0,,,0,0,0,0,0.0,0.0,0.0,0.0,0.0,0.0,0.0,0.0
2023-02-14,0,1.0,0.0,0,,,0,0,0,0,0.0,0.0,0.0,0.0,0.0,0.0,0.0,0.0
2023-02-15,0.28523716605018606,0.7780665128703195,0.22193348712968053,1,svb_contagion_2023,Sovereign,0.004177208781568843,0.08354417563137685,0.09308556209801931,0.10443021953922106,0.014644686172607266,0.2928937234521453,0.3263444360600658,0.36611715431518166,0.003250146270206545,0.0650029254041309,0.07242675870017946,0.08125365675516363
2023-02-16,0.30460510602006674,0.7665154730619447,0.23348452693805533,1,svb_contagion_2023,Sovereign,0.0047279170465505645,0.08898980394890836,0.09965013008847237,0.11123725493613545,0.015521463537906352,0.2921481032003643,0.32714530426127403,0.36518512900045536,0.0036240215715343392,0.06821206167158722,0.07638336660544974,0.08526507708948403
2023-02-17,0.3578537886414082,0.7364563168472973,0.2635436831527027,1,svb_contagion_2023,Sovereign,0.006465291830491771,0.10410259770536624,0.1171576519738424,0.13012824713170779,0.01806685309952215,0.29090818934904034,0.32738972086513707,0.3636352366863004,0.004761405008826891,0.07666701568032994,0.08628149286313347,0.0958337696004124
2023-02-21,0.8474929145715366,0.5412740650385206,0.4587259349614794,1,svb_contagion_2023,Sovereign,0.03449218870760469,0.2392487186550809,0.27469110888999987,0.29906089831885113,0.04069908799773596,0.28230173319624374,0.32412201231071563,0.35287716649530465,0.01866972719384095,0.129499126501693,0.14868317313882917,0.16187390812711624
2023-02-22,1.0229532254810434,0.4943268027179459,0.5056731972820541,1,svb_contagion_2023,Sovereign,0.049516601763858616,0.28597724074738406,0.32998783203557064,0.35747155093423005,0.0484055385235952,0.27956042722569585,0.32258350021858917,0.3494505340321198,0.024477383431386023,0.14136621506875463,0.16312182994597016,0.17670776883594325
2023-02-23,1.2129318340259498,0.4518892017476728,0.5481107982523272,1,svb_contagion_2023,Sovereign,0.06856168566897028,0.33562397757488893,0.3892161988134794,0.4195299719686112,0.05652558845075498,0.2767047315931099,0.32088876546474776,0.34588091449138736,0.030982285407425838,0.1516648513136954,0.1758825973890867,0.18958106414211925
2023-02-24,1.4139789574626505,0.41425381812404305,0.585746181875957,1,svb_contagion_2023,Sovereign,0.09173239360947162,0.3871320610434383,0.45119942650544276,0.48391507630429786,0.06487535979607723,0.2737891246543987,0.31909910973152583,0.34223640581799836,0.0380004942983812,0.16037093440547448,0.18691108516525828,0.20046366800684307
2023-02-27,2.0477168316567704,0.32811447232005136,0.6718855276799487,1,svb_contagion_2023,Sovereign,0.18355740375283305,0.5429949415289568,0.6424208094637849,0.6787436769111959,0.0896400327013575,0.265170912859875,0.3137254133639239,0.33146364107484366,0.06022784067279944,0.1781644987122308,0.21078756490463005,0.22270562339028846
2023-02-28,2.256886932570394,0.3070416691471638,0.6929583308528362,1,svb_contagion_2023,Sovereign,0.21961259608602152,0.5923967862052338,0.7043815675225963,0.7404959827565423,0.09730775295681394,0.26248403393897385,0.3121031706804949,0.3281050424237173,0.06743021806799393,0.18189049803387053,0.2162744922086336,0.22736312254233815
2023-03-01,2.4586802116574944,0.2891276263788414,0.7108723736211586,1,svb_contagion_2023,Sovereign,0.25683980498640235,0.6391414857771436,0.7637720636725193,0.7989268572214294,0.10446246883536611,0.2599530767550583,0.3106431084657529,0.32494134594382285,0.07425948317532302,0.18479346070299152,0.2208276038641048,0.2309918258787394
2023-03-02,2.6492039363634836,0.27403236909705936,0.7259676309029406,1,svb_contagion_2023,Sovereign,0.294027136001377,0.6824647376469952,0.8196311406563674,0.853080922058744,0.11098697686708972,0.2576112500360402,0.3093877105518199,0.32201406254505016,0.0805729526572806,0.18701742888260917,0.22460546325978942,0.2337717861032614
2023-03-03,2.8244499164566923,0.26147551199375835,0.7385244880062416,1,svb_contagion_2023,Sovereign,0.32980867771060945,0.721618846732473,0.8709988335980184,0.9020235584155912,0.11676917186209432,0.25549004870929093,0.30837821854200104,0.31936256088661363,0.08623689286436603,0.18868565741371882,0.2277448659610082,0.23585707176714849
2023-03-06,3.2175295906922767,0.23710562747607358,0.7628943725239264,1,svb_contagion_2023,Sovereign,0.413790252268669,0.8067738080282884,0.9884982703599589,1.0084672600353604,0.1286049562576482,0.2507432442461872,0.3072227441884305,0.313429055307734,0.09811199740764553,0.19129060998380862,0.23437850265271146,0.23911326247976078
2023-03-07,3.290250235587679,0.23308663716279004,0.76691336283721,1,svb_contagion_2023,Sovereign,0.4289220533985659,0.8218924752006667,1.0120701129876135,1.0273655940008333,0.13036152957586677,0.24979634263406308,0.30759669949749135,0.31224542829257884,0.0999759990316304,0.19157215315392526,0.23590001920924783,0.23946519144240655
2023-03-08,3.3265674413972053,0.2311301080001341,0.7688698919998659,1,svb_contagion_2023,Sovereign,0.4352450577862274,0.8290382053070998,1.0259864216700036,1.0362977566338747,0.1308390902796242,0.2492173148183318,0.30842195137912937,0.3115216435229147,0.10059823721265536,0.19161568992886735,0.23713635244725909,0.23951961241108416
2023-03-09,3.3083766928165015,0.2321059812776661,0.7678940187223339,1,svb_contagion_2023,Sovereign,0.428273098830093,0.8243551298399366,1.0253045518465511,1.0304439122999207,0.12945112923809585,0.24917208842326327,0.3099116718095618,0.31146511052907905,0.09940474785878563,0.19133775633277636,0.23797931911480144,0.2391721954159704
2023-03-10,3.209846577076925,0.23753834770252893,0.7624616522974711,1,svb_contagion_2023,Sovereign,0.404703553721084,0.8028996061344484,0.9986189095533321,1.0036245076680606,0.12608189955596907,0.2501364432394822,0.311111103155196,0.31267055404935273,0.09613261346024797,0.1907194458121882,0.23721028575979974,0.23839930726523523
2023-03-13,2.623219059744254,0.2759976649246776,0.7240023350753224,1,svb_contagion_2023,Sovereign,0.27666992121262535,0.6716389729206251,0.8353614494602224,0.8395487161507813,0.10546962145037127,0.2560361744955091,0.3184489859347333,0.3200452181193863,0.07636025220957911,0.18537078819850128,0.2305578094191154,0.23171348524812657
2023-03-14,2.3609815308280635,0.2975321318572151,0.702467868142785,1,svb_contagion_2023,Sovereign,0.2265068457660763,0.6109381481340688,0.7598638517603324,0.7636726851675859,0.0959375763039679,0.2587644757728348,0.3218423532071539,0.3234555947160434,0.0673930647010341,0.18177372964722857,0.2260839117354866,0.22721716205903567
2023-03-15,2.080547213692398,0.3246176509015041,0.6753823490984959,1,svb_contagion_2023,Sovereign,0.17792159004839886,0.5445773534989177,0.6773265782714346,0.680721691873647,0.0855167279442013,0.2617471739718143,0.3255521306192165,0.3271839674647678,0.05775648860617166,0.17677942122697662,0.21987216273162682,0.22097427653372073
2023-03-16,1.7910224625468283,0.3582916344884923,0.6417083655115077,1,svb_contagion_2023,Sovereign,0.1334365526134389,0.4744410759588939,0.5900934890258783,0.5930513449486172,0.07450300339823351,0.26489956763816364,0.3294729694158985,0.3311244595477044,0.04780920053637873,0.16998826857379107,0.21142556068409918,0.21248533571723874
2023-03-17,1.5014977114012584,0.39976050965076926,0.6002394903492307,1,svb_contagion_2023,Sovereign,0.09492581706185721,0.4025948090924241,0.5007335738814469,0.5032435113655301,0.063220753745451,0.2681288196681341,0.33348940200124716,0.33516102458516767,0.037947593007663726,0.1609415060655416,0.20017350869409833,0.20117688258192704
2023-03-20,0.7238675985627596,0.5800909541044394,0.41990904589556055,1,svb_contagion_2023,Sovereign,0.022809251612026134,0.2006598116236615,0.24957377079749507,0.25082476452957686,0.03151025361172947,0.27720512980836814,0.34477820431944217,0.34650641226046014,0.013231440530028461,0.11640094157518688,0.1447754868213616,0.14550117696898357
2023-03-21,0.5252949481152345,0.6556109041308193,0.34438909586918065,1,svb_contagion_2023,Sovereign,0.012116286880872346,0.1468841130562937,0.18268940685770133,0.18360514132036715,0.023065683240141088,0.27962216957028796,0.3477844352267111,0.34952771196286,0.007943569796677102,0.09629882616329019,0.11977316720510066,0.12037353270411275
2023-03-22,0.3721983480167315,0.7287576183467369,0.2712423816532631,1,svb_contagion_2023,Sovereign,0.00612408724912591,0.10477928481330955,0.13032086993765912,0.13097410601663692,0.016453827056885844,0.2815146423180776,0.3501382277274395,0.35189330289759696,0.004462975238220617,0.07635870205262185,0.09497232679664329,0.0954483775657773
2023-03-23,0.27366823227715537,0.7851338163723597,0.21486618362764032,1,svb_contagion_2023,Sovereign,0.0033253477185933617,0.07737865546465066,0.09624090976309804,0.09672331933081331,0.01215101837331869,0.28274620996669436,0.35167000920161906,0.3534327624583679,0.002610842945064325,0.0607525990707231,0.07556199277344904,0.07594074883840386
2023-03-24,0.23880299500624375,0.8072308543255983,0.19276914567440173,1,svb_contagion_2023,Sovereign,0.0025359498065773605,0.06762532817539628,0.08411005680502474,0.08453166021924534,0.010619422116171765,0.2831845897645804,0.35221525091352224,0.3539807372057255,0.0020470969288902785,0.05458925143707409,0.06789623301209473,0.06823656429634262
2023-03-27,0,1.0,0.0,0,,,0,0,0,0,0.0,0.0,0.0,0.0,0.0,0.0,0.0,0.0
2023-03-28,0,1.0,0.0,0,,,0,0,0,0,0.0,0.0,0.0,0.0,0.0,0.0,0.0,0.0
2023-03-29,0,1.0,0.0,0,,,0,0,0,0,0.0,0.0,0.0,0.0,0.0,0.0,0.0,0.0
2023-03-30,0,1.0,0.0,0,,,0,0,0,0,0.0,0.0,0.0,0.0,0.0,0.0,0.0,0.0
2023-03-31,0,1.0,0.0,0,,,0,0,0,0,0.0,0.0,0.0,0.0,0.0,0.0,0.0,0.0
2023-04-03,0,1.0,0.0,0,,,0,0,0,0,0.0,0.0,0.0,0.0,0.0,0.0,0.0,0.0
2023-04-04,0,1.0,0.0,0,,,0,0,0,0,0.0,0.0,0.0,0.0,0.0,0.0,0.0,0.0
2023-04-05,0,1.0,0.0,0,,,0,0,0,0,0.0,0.0,0.0,0.0,0.0,0.0,0.0,0.0
2023-04-06,0.2564121754609655,0.7959171516569471,0.2040828483430529,1,china_taiwan_2024,Kinetic,0.014796371181398383,0.11381823985691064,0.10298700227752455,0.0248105621451319,0.057705415722939746,0.44388781325338267,0.4016463028418189,0.09676046818185861,0.011776685605557533,0.09058988927351948,0.08196912151041483,0.019747151953561047
2023-04-10,0.2998314211127167,0.7693305329886188,0.23066946701138125,1,china_taiwan_2024,Kinetic,0.019762612162514213,0.13175074775009474,0.11921300641850274,0.02910505478160502,0.06591241201196449,0.43941608007976324,0.39760011134285544,0.09707139656541684,0.015203980948234412,0.1013598729882294,0.0917142057671223,0.022391407307795128
2023-04-11,0.3008325267655643,0.768738465116978,0.23126153488302204,1,china_taiwan_2024,Kinetic,0.0198221728623979,0.13214781908265266,0.11957229141783053,0.02929024340268325,0.0658910559822712,0.4392737065484747,0.3974712864444076,0.09736395102484656,0.015238066741523169,0.10158711161015446,0.09191981977506301,0.022516536756281402
2023-04-12,0.3371398276017385,0.7478649422877304,0.25213505771226963,1,china_taiwan_2024,Kinetic,0.024615006592891286,0.14691667020538657,0.13293570053508258,0.03267245026837811,0.07301126884946048,0.4357737003381827,0.3943043498619772,0.09691068095037975,0.01840870048500475,0.10987382708425698,0.09941795000864857,0.024434580134359347
2023-04-13,0.33826550210896544,0.7472358798938666,0.25276412010613336,1,china_taiwan_2024,Kinetic,0.024689204717569094,0.14735952775133154,0.13333641461351317,0.0328803550265516,0.0729876518995897,0.4356327406507526,0.3941768042623558,0.09720280318730183,0.018448659611012542,0.11011232638001087,0.09963375309562192,0.024569381019488003
2023-04-14,0.3138487530664217,0.7611226160287301,0.2388773839712699,1,china_taiwan_2024,Kinetic,0.021292940178173056,0.1374332142162939,0.12435471470385429,0.03076788396810045,0.06784459065117492,0.43789632067522694,0.39622497616721886,0.09803411250637933,0.01620653833135434,0.10460352753354252,0.094649185770904,0.02341813233546905
2023-04-17,0.31700298547389705,0.7592997214354605,0.24070027856453946,1,china_taiwan_2024,Kinetic,0.02148576873313495,0.13867780739503496,0.12548086918221155,0.031358540163515566,0.06777781193768648,0.4374653039551708,0.395834976111113,0.09892190799602965,0.016314138213896105,0.10529802052433054,0.09527758901553272,0.023810530810780082
2023-04-18,0.31806142517828073,0.7586899828016287,0.2413100171983713,1,china_taiwan_2024,Kinetic,0.02155038958497835,0.13909489640669417,0.12585826692661242,0.03155787225999576,0.06775543300448604,0.4373208613044738,0.395704278996002,0.09921942669503807,0.01635006470359562,0.10552990456258912,0.09548740636999437,0.02394264156219218
2023-04-19,0.319123398901772,0.7580791917060556,0.24192080829394436,1,china_taiwan_2024,Kinetic,0.021615183326177644,0.13951310131590847,0.12623667437687583,0.031758439882810054,0.06773299419774267,0.43717603220580953,0.3955732322083101,0.09951774138813771,0.016386020704486953,0.10576197907796889,0.09569739607528252,0.024075412436205996
2023-04-20,0.3201889184440898,0.7574673488234935,0.24253265117650646,1,china_taiwan_2024,Kinetic,0.02168015029008408,0.13993242427426103,0.12661609347983477,0.031960250399909934,0.06771049540201307,0.4370308159140601,0.39544183507382685,0.09981685361009991,0.01642200596232488,0.10599424242946875,0.09590755664655805,0.02420884613815477
2023-04-21,0.3212579956443511,0.7568544548427274,0.2431455451572726,1,china_taiwan_2024,Kinetic,0.021745290809903835,0.14035286743239878,0.12699652618147503,0.032163311220573455,0.06768793650190415,0.43688521168443234,0.3953100869186354,0.10011676489502809,0.016458020221326336,0.10622669296616175,0.09611788659000042,0.024342945379784098
2023-04-24,4.382735666056278,0.18577913946360686,0.8142208605363932,2,us_debt_ceiling_2023,Sovereign,0.7872416414120074,1.144684503504166,1.2073249382200535,1.2434845829200507,0.17962334518805054,0.26118036558070334,0.27547290783941847,0.28372338139182757,0.1462530746914401,0.21265850201833006,0.22429578807547385,0.23101349575114913
2023-04-25,4.936261686183702,0.16845618553633523,0.8315438144636648,2,us_debt_ceiling_2023,Sovereign,0.9799209139793613,1.2526700228638465,1.3234322496560635,1.380238499684431,0.1985147822940791,0.25376896576816305,0.2681041512366069,0.27961210070115106,0.1650737392962425,0.21102001378735746,0.22294034859283138,0.2325097127872335
2023-04-26,4.9604599183044025,0.16777228833114513,0.8322277116688549,2,us_debt_ceiling_2023,Sovereign,0.983380494872968,1.257030670377508,1.32805092545559,1.3919978275983365,0.1982438142971851,0.25341010532894087,0.2677273775673502,0.2806187028065238,0.16498399592505178,0.21089491207166794,0.22281014278397937,0.23353866088815575
2023-04-27,4.984777625262714,0.1670905859189886,0.8329094140810114,2,us_debt_ceiling_2023,Sovereign,0.9868472752236122,1.2614005946313303,1.3326793881495471,1.403850367258225,0.19797217637599274,0.25305052490979485,0.26734981745134734,0.2816274812628653,0.16489288942967076,0.2107681644355096,0.22267817980806706,0.23457018040776415
2023-04-28,5.009215399854282,0.16641107589923454,0.8335889241007655,2,us_debt_ceiling_2023,Sovereign,0.9903212345535682,1.2657797736410936,1.337317613718884,1.415796777940737,0.19769987023963406,0.2526902264330488,0.2669714729691573,0.28263843035815994,0.1648004221279175,0.21063977398310393,0.22254446291795643,0.23560426507178767
2023-05-01,4.119262168144114,0.19534065010828114,0.8046593498917188,2,us_debt_ceiling_2023,Sovereign,0.6711458819473907,1.0882405710159633,1.1460848832757604,1.213790831905,0.16292866405484643,0.26418337231161415,0.27822576871627375,0.29466219491726586,0.131102072897099,0.21257762061646535,0.22387696617836056,0.23710269019979408
2023-05-02,5.442956601855455,0.15520824705105388,0.8447917529489462,2,us_debt_ceiling_2023,Sovereign,1.1310372133319004,1.3461339341119936,1.429951737174859,1.535833717236702,0.20779831552328382,0.24731667595018278,0.26271599091703235,0.2821690176095011,0.17554630323075315,0.20893108820946138,0.22194030249451918,0.23837405901421246
2023-05-03,5.550518195554927,0.15265967823409504,0.847340321765905,2,us_debt_ceiling_2023,Sovereign,1.16664774270509,1.3658672566865675,1.4578267341321847,1.5601764620310847,0.21018717561170908,0.24607923234634338,0.262646960656695,0.28108663138525253,0.17810006901389236,0.2085128559162575,0.22255136015368096,0.2381760366820742
2023-05-04,5.577780675570916,0.15202696005263286,0.8479730399473672,2,us_debt_ceiling_2023,Sovereign,1.1709865214284387,1.3708585661692256,1.4698439821010523,1.5660916058721999,0.20993771349903104,0.2457713284018488,0.26351770849265344,0.28077324960646677,0.17802152111537278,0.2084074604768184,0.22345591235047946,0.23808814600469655
2023-05-05,5.605177940863539,0.1513963755334142,0.8486036244665858,2,us_debt_ceiling_2023,Sovereign,1.1753359476203633,1.375862193058413,1.4819577329583502,1.5720220672264125,0.20968753535044596,0.24546271457823626,0.2643908451423825,0.28045890492893527,0.17794160250385377,0.20830054926249833,0.2243630294636096,0.23799844323662406
2023-05-08,5.708372819270957,0.1490674455551021,0.8509325544448979,2,us_debt_ceiling_2023,Sovereign,1.1962985328420819,1.3946139959178558,1.5229711078209687,1.5944891826900505,0.20956909625865447,0.24431025093696818,0.26679601281113846,0.279324639993239,0.17832916641208554,0.20789154590686834,0.22702541269709575,0.23768642942884832
2023-05-09,5.753437992491082,0.1480727299357551,0.8519272700642448,2,us_debt_ceiling_2023,Sovereign,1.2073480094793552,1.402766032698671,1.5389690565182494,1.6043548937948062,0.20984809622613249,0.2438135310625485,0.2674868589053686,0.27885151380595036,0.178775315746108,0.2077113959228409,0.22787934948531052,0.23756120890998536
2023-05-10,5.790875212324089,0.14725642405933168,0.8527435759406683,2,us_debt_ceiling_2023,Sovereign,1.2153783687770776,1.4095167563479942,1.553511175540057,1.6124689116589597,0.20987818321322488,0.2434030616560815,0.2682688054188922,0.27844994971180137,0.17897227246517614,0.2075603971915139,0.22876450044623747,0.23744640583774076
2023-05-11,5.84481673623686,0.14609594946581134,0.8539040505341886,2,us_debt_ceiling_2023,Sovereign,1.2298004798736364,1.4192270328667629,1.5715068990866294,1.6242823244098312,0.21040873227882145,0.2428180551954348,0.26887188598122447,0.2779013265445193,0.1796688687606493,0.20734332087421598,0.22959079251413408,0.23730106838518927
2023-05-12,5.885368393320309,0.14523551143176716,0.8547644885682328,2,us_debt_ceiling_2023,Sovereign,1.2389508826082887,1.426498788143771,1.5868711774855782,1.6330475450826711,0.21051373504748747,0.24238054320657276,0.2696298806522668,0.2774758410936729,0.1799396650744541,0.20717828105285663,0.23047004703844848,0.23717649540247357
2023-05-15,6.143745225876414,0.1399825957367226,0.8600174042632774,2,us_debt_ceiling_2023,Sovereign,1.320003649781104,1.472532123018909,1.6615938453549666,1.6896156077214335,0.21485325339037048,0.2396798807373804,0.270452921510582,0.27501394436166704,0.18477753727830665,0.2061288688858938,0.23259421953295062,0.2365167785661263
2023-05-16,5.958165295791536,0.14371604546457437,0.8562839545354256,2,us_debt_ceiling_2023,Sovereign,1.2402858604793374,1.4393712372482417,1.6306682753680377,1.6478399226959193,0.20816573540774294,0.24157960811609586,0.2736863102001948,0.2765683462759664,0.1782489791137172,0.20686074217276895,0.234353196000432,0.23682103724850745
2023-05-17,6.292025827414843,0.13713610232158466,0.8628638976784153,2,us_debt_ceiling_2023,Sovereign,1.3646692760797443,1.4986397800156424,1.7071157593995463,1.7216010119199106,0.21688869586863022,0.23818080553419743,0.27131416911251555,0.27361632948465686,0.18714542547959467,0.20551761821542228,0.23410720145580588,0.23609365252759254
2023-05-18,6.686140765477926,0.13010430468453954,0.8698956953154604,2,us_debt_ceiling_2023,Sovereign,1.5179020505482907,1.5668757584411834,1.7947915662261273,1.8065713902623244,0.22702214981556568,0.23434680982657757,0.2684346066258501,0.2701964337320066,0.19748559086582212,0.20385728107905066,0.23351010877752598,0.23504271459306159
2023-05-19,6.8514337743114275,0.12736527222223182,0.8726347277777682,2,us_debt_ceiling_2023,Sovereign,1.578894734934195,1.5950158259917473,1.836101332809803,1.8414218805756821,0.23044734678076556,0.23280029823422574,0.2679878976126179,0.2687644573723908,0.2010963577251423,0.20314962487620683,0.2338555460809232,0.23453319909549583
2023-05-22,6.824845925160708,0.12779804350965054,0.8722019564903495,2,us_debt_ceiling_2023,Sovereign,1.5428511225088142,1.5907090295841335,1.8562211060415206,1.8350646670262394,0.22606387593614194,0.23307618179624712,0.27197992839637786,0.26888001387123306,0.19717335488329463,0.2032895017739871,0.23722142567342594,0.23451767415964178
2023-05-23,7.082469390567525,0.12372456382786044,0.8762754361721395,2,us_debt_ceiling_2023,Sovereign,1.642306931326146,1.6341811067990955,1.9169011195623955,1.8890802328798884,0.23188337862968816,0.230736063466156,0.27065434580138614,0.2667262121027698,0.2031937087497994,0.20218834465444832,0.23716775491899472,0.23372562784889722
2023-05-24,7.131006577491419,0.12298600308210798,0.8770139969178921,2,us_debt_ceiling_2023,Sovereign,1.6541083529392495,1.6423646805961576,1.9355483430740905,1.8989852008819212,0.2319600094270478,0.2303131630505264,0.27142708705157126,0.2662997404708545,0.20343217499272712,0.20198786766974433,0.23804535448687913,0.23354859976854142
2023-05-25,8.44936345170657,0.10582723430109976,0.8941727656989003,3,us_debt_ceiling_2023,Sovereign,1.9253263959269418,1.9075830192775778,2.394741931171398,2.2217121053306523,0.2278664430677404,0.22576647698736302,0.2834227625381314,0.26294431740676505,0.20375196760785244,0.2018742351298875,0.25342891544074364,0.23511764752041658
2023-05-26,8.679380125625322,0.1033124008997835,0.8966875991002166,3,us_debt_ceiling_2023,Sovereign,2.013134998487189,1.9453591306921847,2.451239950835927,2.269646045610021,0.23194455932901648,0.224135721968051,0.28242108484208406,0.2614986338608485,0.20798181002909352,0.20097972240412532,0.2532434845023269,0.23448258216467083
2023-05-30,9.248887544924852,0.09757156526663131,0.9024284347333686,3,us_debt_ceiling_2023,Sovereign,2.2088864141259803,2.038035240050881,2.6134352610229645,2.388530629725025,0.23882725391531698,0.22035463510086828,0.28256752483243636,0.25825058615137825,0.2155245049224683,0.19885428844031916,0.2549969691410178,0.23305267222956325
2023-05-31,9.409141254329395,0.09606940434054323,0.9039305956594568,3,us_debt_ceiling_2023,Sovereign,2.2789160585948767,2.0635324885801776,2.6453847340707988,2.4213079730835427,0.24220234312523337,0.21931145816635408,0.28115049637006856,0.2573357023383441,0.21893410829130833,0.19824233701525648,0.254140535653748,0.23261361469914402
2023-06-01,9.433038262245526,0.0958493561380621,0.9041506438619379,3,us_debt_ceiling_2023,Sovereign,2.28769266385999,2.067529585411107,2.6505934297126466,2.4272225832617838,0.2425191757162879,0.21917960342492382,0.28099042493247295,0.25731079592631545,0.21927386887274816,0.1981713795580491,0.2540576736217349,0.23264772180940582
2023-06-02,9.512472787576938,0.09512509760612603,0.904874902393874,3,us_debt_ceiling_2023,Sovereign,2.3217228719898655,2.080190971198548,2.666578839984087,2.443980104404438,0.24407143377292811,0.21868035973939684,0.2803244644722217,0.25692374201545337,0.2208541148124112,0.19787836917464396,0.2536585724279166,0.23248384597890223
2023-06-05,1.6236500880634128,0.38114838733625755,0.6188516126637424,2,oct_selloff_2023,Monetary,0.25047207676167416,0.4140358176978886,0.5949874247114177,0.3641547688924324,0.15426481272231593,0.25500310734545295,0.36645052347521573,0.22428155645701545,0.09546702813047543,0.15780908421499898,0.22677849741410985,0.1387970029041582
2023-06-06,1.4927485497145137,0.40116360718152927,0.5988363928184708,2,oct_selloff_2023,Monetary,0.2080797513031032,0.39202914066255956,0.5555389369272453,0.33710072082160575,0.13939370521773287,0.262622355746073,0.37215841678994865,0.22582552224624558,0.0834740236141884,0.15726782418846755,0.22286200386752586,0.13523254114828903
2023-06-07,1.4984809215384929,0.4002432003299944,0.5997567996700056,2,oct_selloff_2023,Monetary,0.20869383823623722,0.39318652010455774,0.557178739577831,0.3394218236198669,0.13927026713291144,0.26239007414313453,0.37182905138743755,0.22651060733651646,0.08352828970482173,0.15737023113326185,0.2230070018844636,0.1358512769474584
2023-06-08,1.5042354321086149,0.39932347700950005,0.6006765229905,2,oct_selloff_2023,Monetary,0.2093091366412027,0.39434641090021083,0.5588219354427615,0.3417579491244401,0.13914652731440866,0.262157374093643,0.3714989844770597,0.22719711411488883,0.08358205221342163,0.15747177994688924,0.22315071829018196,0.13647197254000726
2023-06-09,1.510012167363687,0.3984044432144402,0.6015955567855598,2,oct_selloff_2023,Monetary,0.20992564539560288,0.39550881328631105,0.5604685231565438,0.3441091855252291,0.13902248599897685,0.26192425586664336,0.3711682165681217,0.22788504156625797,0.08363530987026717,0.15757246854373674,0.2232931499074024,0.13709462846415338
2023-06-12,1.5274765856612897,0.39565153864258634,0.6043484613574137,2,oct_selloff_2023,Monetary,0.2117824221970146,0.3990110918959725,0.5654286229617075,0.35125444860659527,0.13864855552291672,0.2612223949234736,0.3701717121358798,0.22995733741772995,0.08379204119970267,0.15786935244409994,0.22371270466735843,0.1389743630462527
2023-06-13,1.5333430857662647,0.39473532251456905,0.6052646774854309,2,oct_selloff_2023,Monetary,0.21240376067894898,0.40018354239876786,0.5670887633825484,0.35366701930599925,0.138523310699773,0.2609876068269368,0.36983814558315536,0.2306509368901348,0.08384326697491225,0.15796657967380034,0.22384996590819836,0.13960486492851992
2023-06-14,1.3555266862249085,0.42453350490486397,0.575466495095136,2,oct_selloff_2023,Monetary,0.16162560448721927,0.36899378421027607,0.5113424230724544,0.3135648744549587,0.11923454265392634,0.2722143266968134,0.3772278541387658,0.2313232765104944,0.0686154843553265,0.1566502244988975,0.21708199107349477,0.1331187951674172
2023-06-15,1.3607022993209894,0.423602755962762,0.576397244037238,2,oct_selloff_2023,Monetary,0.16209506642830535,0.3700707151193602,0.512830980765427,0.315705537007897,0.11912603257096956,0.2719703753745628,0.3768869803639909,0.23201661169047685,0.0686639168669971,0.15676297482567111,0.21723661679532097,0.1337337355492489
2023-06-16,1.3658977970571768,0.4226725267861741,0.5773274732138258,2,oct_selloff_2023,Monetary,0.16256542353935519,0.3711499393569945,0.5143225307237347,0.3178599034370926,0.1190172675361231,0.2717259960127588,0.37654539880790583,0.23271133764321233,0.06871193833544385,0.15687488268455616,0.2173900036440606,0.13435064854976525
2023-06-20,0.9143785544641141,0.5223627258402541,0.4776372741597459,2,oct_selloff_2023,Monetary,0.07610986482735452,0.2539181581054904,0.3570770770525211,0.2272734544787479,0.08323671247075551,0.2776947872036469,0.3905133987550613,0.24855510157053615,0.039756956454550185,0.13263738120832058,0.18652375530422538,0.11871918119264965
2023-06-21,0.9178794347556546,0.5214092095040395,0.47859079049596054,2,oct_selloff_2023,Monetary,0.07632586561394349,0.2546463674514218,0.35809551766755593,0.2288116840227333,0.08315456553862319,0.2774289931871175,0.39013350131641555,0.24928293995784365,0.03979700925447783,0.13277496115592102,0.1867143007939802,0.11930451929158147
2023-06-22,0.9213937991718292,0.5204555153821283,0.4795444846178717,2,oct_selloff_2023,Monetary,0.07654224685635005,0.2553760456216249,0.35911587609346457,0.23035963060038966,0.08307224004019569,0.27716275695708287,0.389752868335175,0.2500121346675465,0.03983683453612776,0.13291187144025274,0.1869038383741287,0.11989194026736252
2023-06-23,0.9249216999293057,0.5195016503978971,0.4804983496021029,2,oct_selloff_2023,Monetary,0.0767590079302286,0.25610719219062456,0.36013815050466724,0.2319173493037853,0.08298973625129079,0.27689607910615516,0.38937150088725736,0.2507426837552967,0.039876431302659034,0.1330481090218009,0.1870923635584209,0.12048144571922208
2023-06-26,0.9355871454687196,0.5166390995833159,0.4833609004166841,2,oct_selloff_2023,Monetary,0.07741156378411668,0.2583094377524138,0.3632164509262106,0.2366496930059785,0.08274115795523705,0.276093401885084,0.38822300272653154,0.2529424374331473,0.039993840610762464,0.13345275533427964,0.1876518201603651,0.12226248431127687
2023-06-27,0.9391697178336473,0.5156846204865219,0.48431537951347814,2,oct_selloff_2023,Monetary,0.07762983778956346,0.2590464532839449,0.3642463703985014,0.23824705636163768,0.08265794383642365,0.2758249636513824,0.38783870846975005,0.2536783840424439,0.04003251343894128,0.13358627195011058,0.1878362512825442,0.12286034284188208
2023-06-28,0.9427660906868711,0.5147300052197467,0.48526999478025334,2,oct_selloff_2023,Monetary,0.07784848839156744,0.25978493480315584,0.3652781962596646,0.23985447123248316,0.08257455286162166,0.27555608689095334,0.38745368535002556,0.2544156748973994,0.04007095283614089,0.13371910084723998,0.18801964786739683,0.12346029322947565
2023-06-29,0.9463763174761222,0.5137752607351419,0.4862247392648581,2,oct_selloff_2023,Monetary,0.07806751492047888,0.26052488177082794,0.3663119264964738,0.24147199428834148,0.08249098532883414,0.2752867722489275,0.38706793453304705,0.25515430788919125,0.040109157833213616,0.13385123905979915,0.18820200554611796,0.12406233682572734
2023-06-30,0.950000451857125,0.5128203939889493,0.4871796060110507,2,oct_selloff_2023,Monetary,0.07828691669908401,0.2612662936286641,0.367347559064315,0.2430996824650618,0.08240724153977344,0.2750170203792252,0.3866814571995194,0.2558942808814818,0.040147127465804316,0.13398268363468405,0.18838331997024083,0.12466647494032145
2023-07-03,0.9609568402448717,0.5099551298003715,0.4900448701996285,2,oct_selloff_2023,Monetary,0.07894736664740537,0.2634993126733285,0.3704658498364696,0.2480443110876683,0.0821549557077797,0.2742051480753115,0.38551767813221166,0.2581222180846972,0.040259614606075134,0.13437282619663593,0.18892096053996182,0.12649146885695564
2023-07-05,0.7618255749166873,0.5675930774516584,0.43240692254834157,2,oct_selloff_2023,Monetary,0.046344084812293136,0.22372549428944302,0.2993481053370949,0.1924078904778562,0.06083293386069546,0.29367023326029645,0.39293522716119283,0.2525616057178151,0.026304581720290127,0.1269850418081384,0.1699079123376049,0.10920938668230806
2023-07-06,0.7647066148941148,0.5666664314396541,0.4333335685603459,2,oct_selloff_2023,Monetary,0.04647282329551874,0.22435727243291143,0.3001850662363306,0.19369145292935414,0.060772095324366456,0.2933899982857832,0.3925493259632595,0.25328858042659097,0.026334588935797227,0.1271357349370922,0.17010480025561767,0.10975844443183884
2023-07-07,0.7675986266016818,0.5657392945153856,0.4342607054846144,2,oct_selloff_2023,Monetary,0.046601782448990804,0.22499030741115794,0.30102355310063644,0.19498298364089656,0.06071113318076995,0.2931093147042702,0.3921627041378775,0.2540168479770823,0.02636445952585154,0.12728585778758825,0.17030085256366878,0.1103095356075058
2023-07-10,0.776340913448994,0.5629550006019799,0.4370449993980201,2,oct_selloff_2023,Monetary,0.046989980392378394,0.22689695050147546,0.3035481541007441,0.19890582845439614,0.0605275074111699,0.2922645793501423,0.39099852763419685,0.2562093856044911,0.026453244440078405,0.12773277290614554,0.1708839512745143,0.11197503077728191
2023-07-11,0.7792772342340805,0.5620259624298889,0.4379740375701111,2,oct_selloff_2023,Monetary,0.047119818668633615,0.2275350098928611,0.30439272932654043,0.2002296763460453,0.06046605315622462,0.29198210841677663,0.39060903610987113,0.2569428023171276,0.026482561436760657,0.1278805829215296,0.17107661665640958,0.11253427655541129
2023-07-12,0.7822247386431813,0.5610964646138321,0.4389035353861679,2,oct_selloff_2023,Monetary,0.04724987581633974,0.2281743245830743,0.3052388226524139,0.20156171559135344,0.06040447646580146,0.2916991924582406,0.3902188304372349,0.2576775006387232,0.026511738273990837,0.128027806839212,0.17126842425315797,0.11309556601980714
2023-07-13,0.7851834695465232,0.5601665134475072,0.43983348655249277,2,oct_selloff_2023,Monetary,0.04738015146392272,0.2288148942210665,0.3060864324359712,0.20290199142556287,0.06034277758201758,0.2914158322171719,0.3898279119563599,0.2584134782444508,0.026540774252160393,0.12817444152067495,0.17145936967124395,0.11365890110841355
2023-07-14,0.788153469979633,0.5592361152375752,0.4407638847624248,2,oct_selloff_2023,Monetary,0.047510645235871674,0.22945671844111737,0.30693555701166575,0.20425054929097813,0.06028095674957749,0.29113202844497643,0.3894362820220755,0.25915073278337053,0.026569668674139485,0.12832048383617256,0.17164944853148523,0.11422428372062747
2023-07-17,0.7971315213058212,0.5564423016037167,0.44355769839628334,2,oct_selloff_2023,Monetary,0.04790343148377537,0.23138971471589911,0.3094920024886637,0.20834637261748318,0.060094765046177515,0.2902779635872986,0.3882571372684765,0.2613701340980476,0.026655495669547915,0.12875502542394232,0.17221444219273527,0.11593273511005793
2023-07-18,0.8001470335417626,0.5555101785394245,0.4444898214605755,2,oct_selloff_2023,Monetary,0.0480347939193813,0.2320365533128092,0.3103471691141414,0.20972851719543076,0.06003245891790735,0.28999239338015786,0.38786267536408137,0.26211247233785345,0.02668381694625997,0.12889866715847134,0.17240101132380167,0.11650632603204251
2023-07-19,0.8031740329871292,0.5545776401534603,0.44542235984653966,2,oct_selloff_2023,Monetary,0.04816637254278709,0.2326846444423677,0.3112038418565007,0.21111917414547368,0.05997003210331497,0.2897063835305747,0.38746750900186,0.2628560753642503,0.026711993219531296,0.12904170101479528,0.17258669222346884,0.11708197338874425
2023-07-20,0.806212563682795,0.5536446928267623,0.4463553071732377,2,oct_selloff_2023,Monetary,0.048298166954887665,0.23333398765039004,0.3120620189111529,0.2125183901663643,0.05990748486262813,0.2894199348426372,0.3870716396252217,0.26360094066951284,0.026740023807834468,0.1291841239187438,0.17277148060296457,0.1176596788436948
2023-07-21,0.8092626698394723,0.5527113429520576,0.4472886570479424,2,oct_selloff_2023,Monetary,0.048430176752651585,0.23398458246787934,0.31292169845032386,0.2139262121686175,0.05984481745866066,0.28913304812922264,0.3866750686923393,0.26434706571977745,0.026767908032363584,0.1293259328058981,0.17295537218931734,0.11823944402036343
2023-07-24,0.8184828857441205,0.5499089421404157,0.45009105785958425,2,oct_selloff_2023,Monetary,0.048827494370761185,0.23594387166461786,0.3155097333494019,0.21820178635933957,0.05965609693398764,0.28826976809675187,0.3854811613593575,0.266592973609903,0.0268506757767924,0.1297476448716041,0.1735016237011743,0.11999111351001346
2023-07-25,0.8215797392718377,0.5489740462307415,0.45102595376925847,2,oct_selloff_2023,Monetary,0.048960361602417596,0.23659946793313366,0.3163754040851709,0.21964450565111557,0.05959295155673013,0.287981137586025,0.3850817990784108,0.2673441117788341,0.026877967813799423,0.12988696724729298,0.17368188570852217,0.1205791329996439
2023-07-26,0.8246883918848413,0.5480387799075292,0.45196122009247075,2,oct_selloff_2023,Monetary,0.049093442145767704,0.23725631324332663,0.3172425678187962,0.22109606867695075,0.05952968736902394,0.28769207324608115,0.3846817427534443,0.2680964966314506,0.026905110135027405,0.1300256604352313,0.17386122980214466,0.12116921972006738
2023-07-27,0.8278088888267923,0.54710314963063,0.45289685036937,2,oct_selloff_2023,Monetary,0.049226735574274025,0.23791440703695976,0.31811122258339986,0.2225565236321586,0.05946630464918099,0.2874025759425496,0.3842809939311491,0.2688501254771203,0.026932102078719496,0.13016372143242438,0.17403965180822842,0.12176137504999769
2023-07-28,0.830941275515853,0.5461671618704745,0.45383283812952546,2,oct_selloff_2023,Monetary,0.04936024145749168,0.2385737487408659,0.31898136638893027,0.22402591892856508,0.059402803678092135,0.2871126465498515,0.38387955417295266,0.2696049955991036,0.02695894298607957,0.13030114724659841,0.17421714757020804,0.12235560032663942
2023-07-31,0.840410230879067,0.5433571185497881,0.4566428814502119,2,oct_selloff_2023,Monetary,0.049762029472425154,0.24055925535828643,0.32160071180308625,0.22848823424526915,0.05921159410491017,0.2862402747128174,0.382671105118143,0.27187702606412945,0.02703855294732656,0.13070958383196116,0.17474403608888575,0.12415070858203844
2023-08-01,0.8435906342519586,0.5424197657663586,0.45758023423364136,2,oct_selloff_2023,Monetary,0.04989638079201383,0.24122358267249538,0.32247679140855096,0.22999387937889854,0.05914762298926979,0.2859486258834497,0.3822669175251127,0.27263683360216795,0.02706478318179318,0.1308444392105368,0.17491778566091315,0.12475322618039832
2023-08-02,0.8467831571040696,0.5414820880043624,0.45851791199563763,2,oct_selloff_2023,Monetary,0.050030942355603555,0.2418891548066818,0.3233543497573079,0.23150871018447636,0.05908353506546512,0.2856565494688431,0.3818620470241211,0.27339786844157077,0.027090859131538105,0.1309786446103325,0.17509058847188,0.12535781978188706
2023-08-03,0.8499878459148735,0.5405440917940034,0.4594559082059966,2,oct_selloff_2023,Monetary,0.05016571370938265,0.24255597109780008,0.3242333847204132,0.23303277638727754,0.05901933062982498,0.2853640463961318,0.38145649526485725,0.2741601277091859,0.02711678015623623,0.13111219710627287,0.17526244047299142,0.12596449047049602
2023-08-04,0.8532047473431369,0.5396057836748253,0.46039421632517474,2,oct_selloff_2023,Monetary,0.05030069439565951,0.24322403086777952,0.3251138941458076,0.23456612793389026,0.05895500998124413,0.2850711176012258,0.3810502639116882,0.2749236085058418,0.027142545618757747,0.13124509378495808,0.17543333763412272,0.1265732392873362
2023-08-07,0.8629291966243735,0.5367890533961244,0.46321094660387563,2,oct_selloff_2023,Monetary,0.05070688781446107,0.24523566404456487,0.3277642473286641,0.2392223974366834,0.05876135378524385,0.2841897863739962,0.3798275091523382,0.27722135068842163,0.027218902310588034,0.131639819961452,0.1759402600606468,0.12841196427118876
2023-08-08,0.8661954187204031,0.5358495632175925,0.4641504367824075,2,oct_selloff_2023,Monetary,0.05084270117638129,0.24590869064838866,0.32865063262076,0.240793394274873,0.05869657132508186,0.28389516422478894,0.37941857636035853,0.2779896880897705,0.027244039218166483,0.1317700644753491,0.17610729794101965,0.1290290351478722
2023-08-09,0.8694740894415569,0.5349097939617429,0.4650902060382571,2,oct_selloff_2023,Monetary,0.05097872152431144,0.24658295711495756,0.3295384812685762,0.2423739295337118,0.05863167418485569,0.2836001211644295,0.3790089725160541,0.2787592321346608,0.027269017427002492,0.1318996387848392,0.17627336111783973,0.12964818870857575
2023-08-10,0.8727652565370583,0.5339697522203644,0.46603024777963564,2,oct_selloff_2023,Monetary,0.05111494837738414,0.24725846267582455,0.330427790981649,0.2439640545022007,0.05856666267880218,0.2833046581813901,0.3785986993715976,0.27952997976821026,0.02729383631982852,0.1320285400493982,0.17643844567719344,0.13026942573321557
2023-08-11,0.8760689679403475,0.5330294445933166,0.4669705554066834,2,oct_selloff_2023,Monetary,0.05125138125088827,0.24793520654744655,0.3313185594465039,0.24556382069550878,0.058501537123705115,0.2830087762728844,0.37818775869374677,0.28030192790966374,0.027318495282801288,0.13215676544111463,0.17660254772522768,0.1308927469575398
2023-08-14,0.5872318130282445,0.6300276946264844,0.36997230537351555,2,china_taiwan_2024,Kinetic,0.022192078352306466,0.18945846894885665,0.22665669365718671,0.14892457206989462,0.03779100154309773,0.322629777109409,0.385974820554017,0.25360440079347624,0.01398162396327395,0.11936408241931153,0.14279999417649863,0.09382660481443142
2023-08-15,0.5893884947752346,0.6291727939942187,0.37082720600578134,2,china_taiwan_2024,Kinetic,0.022252368302442083,0.18998000554948988,0.22726918870368784,0.1498869322196148,0.037755009640844966,0.322334092425641,0.38560167142447827,0.2543092265090358,0.014000584737835877,0.11953025089460974,0.1429915904454986,0.09430477992783713
2023-08-16,0.5915531629315471,0.6283170573818967,0.3716829426181033,2,china_taiwan_2024,Kinetic,0.02231276847094065,0.19050257142874288,0.22788276715193598,0.15085505587992765,0.037718957262210806,0.3220379559542433,0.38522787372587497,0.255015213057671,0.01401949302770499,0.11969601510379228,0.14318262968494833,0.09478480480165771
2023-08-17,0.5937258473111584,0.627460489322641,0.372539510677359,2,china_taiwan_2024,Kinetic,0.022373278798373725,0.1910261666089495,0.22849742814126073,0.15182897376257445,0.03768284453118712,0.3217413684683951,0.3848534288612676,0.2557223581391502,0.014038348462579444,0.11986137197387976,0.14337310807048043,0.09526668217041936
2023-08-18,0.5959065778402077,0.6266030943699302,0.3733969056300698,2,china_taiwan_2024,Kinetic,0.022433899224085077,0.1915507911028721,0.22911317079801563,0.15280871671523502,0.03764667157290673,0.32144433074916723,0.38447833824625494,0.25643065943167126,0.014057150672594883,0.12002631843406773,0.1435630217829429,0.09575041474046432
2023-08-21,0.6024973472767765,0.6240259939895453,0.3759740060104547,2,china_taiwan_2024,Kinetic,0.022616420465899668,0.19313084045060633,0.23096687984179834,0.15578320651847222,0.037537792602944174,0.32055052412020907,0.38334920624255675,0.2585624770342901,0.014113234261718536,0.1205186646822259,0.1441293367719421,0.09721277029456823
2023-08-22,0.6047105639231622,0.6231653374021676,0.3768346625978324,2,oct_selloff_2023,Monetary,0.02267748065358968,0.19365958213495404,0.2315869401723602,0.15678656096225835,0.03750138000974496,0.32025169343587234,0.3829715470321879,0.2592753795221948,0.014131819882925339,0.1206819388422914,0.14431695371044442,0.09770395016217122
2023-08-23,0.6069319780470754,0.622303876991304,0.37769612300869604,2,oct_selloff_2023,Monetary,0.02273865061784406,0.1941893530526273,0.23220807760755507,0.15779589676904904,0.0374649078320279,0.3199524165417519,0.38259324933698635,0.2599894262892339,0.014150350437035069,0.12084478727508308,0.14450398696387912,0.09819699833269879
2023-08-24,0.6091616202566216,0.6214416174308984,0.37855838256910157,2,oct_selloff_2023,Monetary,0.022799930290630745,0.19472015315858396,0.2328302911959304,0.15881124561147647,0.03742837620174727,0.31965269426618537,0.38221431464747563,0.2607046148845918,0.0141688255571213,0.12100720692526266,0.14469043274770604,0.09869191733901159
2023-08-25,0.6113995212750798,0.6205785634146849,0.37942143658531513,2,oct_selloff_2023,Monetary,0.022861319602687176,0.1952519823980871,0.2334535799730782,0.15983263930122726,0.037391785251989836,0.3193525274453718,0.3818347444666107,0.26142094283602757,0.014187244876799582,0.12116919474047425,0.14487628728370813,0.09918870968433313
2023-08-28,0.6181630861535027,0.617984681863604,0.382015318136396,2,oct_selloff_2023,Monetary,0.02304614466338699,0.19685364422473045,0.23532988759884121,0.1629334096665441,0.03728165783368073,0.31844936819124076,0.3806922361915411,0.2635767377835375,0.014242164377985804,0.12165253669991115,0.14543026572076756,0.1006903513377315
2023-08-29,0.6204343319591876,0.6171184973543168,0.3828815026456832,2,oct_selloff_2023,Monetary,0.023107971815279005,0.1973895892565663,0.23595746722805525,0.163979303659287,0.037244830959481875,0.3181474317084546,0.3803101393228133,0.2642975980092501,0.014260356843550884,0.12181276671539798,0.1456137176153079,0.10119466147142642
2023-08-30,0.6227139919331218,0.6162515421517446,0.3837484578482554,2,oct_selloff_2023,Monetary,0.023169908241663144,0.19792656300225697,0.236586117029842,0.16503140365935964,0.03720794544817542,0.31784505497913057,0.37992741466334495,0.265019584909349,0.014278491685439331,0.1219725496829353,0.14579655947133327,0.10170085700854746
2023-08-31,0.6250020974988524,0.6153838210665487,0.38461617893345135,2,oct_selloff_2023,Monetary,0.023231953865889964,0.1984645653485487,0.2372158359621705,0.16608974232224327,0.03717100143961136,0.3175422388865073,0.37954406379029165,0.2657426958835898,0.014296568540833141,0.12213188257050164,0.14597878755189608,0.10220894027022051
2023-09-01,0.627298680198191,0.6145153389285664,0.38548466107143364,2,oct_selloff_2023,Monetary,0.023294108610078534,0.19900359617237873,0.23784662297009476,0.16715435244563892,0.03713399907476118,0.31723898432163894,0.37916008829310566,0.26646692831049407,0.014314587047561243,0.12229076234987284,0.1461603981274827,0.10271891354651681
2023-09-05,0.6365704173322724,0.6110338971115413,0.3889661028884587,2,oct_selloff_2023,Monetary,0.023543817185731848,0.20117000143765124,0.24038043020724395,0.17147616850164546,0.03698540891108142,0.31602159943390207,0.37761797228125343,0.2693750193737633,0.014386070367879413,0.12292168996038243,0.14688059105888115,0.10477775150131576
2023-09-06,0.6389098629975671,0.6101616828218969,0.38983831717810313,2,oct_selloff_2023,Monetary,0.023606516318416353,0.20171417245884396,0.24101654131748756,0.17257263290281916,0.0369481169184991,0.3157161661466041,0.3772308979340413,0.27010481900085537,0.01440379172240749,0.12307825891651455,0.14705905843819145,0.1052972081009896
2023-09-07,0.6412579775561253,0.609288736855997,0.39071126314400295,2,oct_selloff_2023,Monetary,0.023669324077919055,0.20225937101235586,0.24165371390288934,0.17367556856296099,0.03691076743890866,0.31541029989705405,0.37684320875639926,0.2708357239076378,0.01442145256967054,0.12323435668140677,0.14723688610045194,0.10581856779247362
2023-09-08,0.6436147933902616,0.6084150641752949,0.3915849358247051,2,oct_selloff_2023,Monetary,0.02373224037774089,0.20280559690603805,0.2422919468183326,0.17478500928815002,0.036873360621079806,0.31510400163077834,0.3764549064232225,0.2715677313249193,0.014439052552446744,0.1233899802566961,0.14741407037263293,0.10634183264292928
2023-09-11,0.6507377742005572,0.6057897357345531,0.3942102642654469,2,oct_selloff_2023,Monetary,0.0239216396356757,0.2044504365576195,0.24421299590116333,0.17815270210609874,0.0367607976424357,0.3141825243029582,0.3752863374209116,0.2737703406336945,0.014491483753233196,0.12385397593305435,0.14794172624990926,0.10792307832925012
2023-09-12,0.6531297214050928,0.6049132061760046,0.39508679382399536,2,oct_selloff_2023,Monetary,0.02398498920717921,0.2050007696917333,0.24485545842890769,0.17928850407727273,0.036723162981436144,0.31387450757976604,0.3748955994563294,0.27450672998246856,0.014508836721411641,0.1240076728627751,0.14811630040792595,0.10845398383188272
2023-09-13,0.6555305336345487,0.6040359749841653,0.3959640250158347,2,oct_selloff_2023,Monetary,0.02404844686805626,0.20555212905608217,0.24549897536868484,0.18043098234172536,0.036685471742591645,0.3135660636834276,0.3745042568917894,0.2752442076821912,0.014526127050801255,0.12416088068446154,0.1482902129444371,0.10898680433613477
2023-09-14,0.6579402440096072,0.6031580472294786,0.39684195277052137,2,oct_selloff_2023,Monetary,0.024112012524430203,0.20610451439874594,0.24614354549848916,0.18158017158794187,0.03664772408127405,0.3132571936057713,0.3741123114744369,0.27598277083851774,0.014543354389008055,0.12431359642992756,0.14846346024100907,0.10952154171057668
2023-09-15,0.6603588857756512,0.6022794280001948,0.39772057199980515,2,oct_selloff_2023,Monetary,0.02417568608119619,0.2066579254577957,0.24678916758354275,0.18273610665311654,0.0366099201539473,0.312947898346302,0.3737197649633602,0.2767224165363906,0.014560518384495113,0.1244658171364281,0.14863603868886036,0.11005819779002161
2023-09-18,0.6676687337539624,0.5996394726121512,0.4003605273878488,2,oct_selloff_2023,Monetary,0.024367353184385807,0.20832431016357716,0.24873233303111525,0.18624473737488426,0.03649617235688205,0.312017471586958,0.3725385366372027,0.2789478194189574,0.014611626812439125,0.12491947947877761,0.1491497250003679,0.11167969609626419
2023-09-19,0.6701234360483608,0.5987581387194207,0.40124186128057926,2,oct_selloff_2023,Monetary,0.024431457367125868,0.20888182126826765,0.24938215033441172,0.18742800707855556,0.03645814495191409,0.3117064857483857,0.37214360357994486,0.2796917657197553,0.014628533939343163,0.12506969051491063,0.1493195921640791,0.11222404466224632
2023-09-20,0.6725872378477711,0.5978761390567384,0.4021238609432616,2,oct_selloff_2023,Monetary,0.024495668956329545,0.20944035662913046,0.25003301322796045,0.18861819903435062,0.03642006207955098,0.31139507984023596,0.3717480784025094,0.28043677967770364,0.014645375979222313,0.1252193917840909,0.1494887725854554,0.11277032059449299
2023-09-21,0.6750601731557697,0.5969934788169586,0.40300652118304137,2,oct_selloff_2023,Monetary,0.0245599878495345,0.20999991592392314,0.2506849204006418,0.18981534898167038,0.036381923902756,0.31108325490780475,0.37135196293500844,0.2811828582544309,0.014662152585995835,0.12536858035869167,0.14965726271693147,0.11331852552142242
2023-09-22,0.6775422761039822,0.5961101632099882,0.4038898367900118,2,oct_selloff_2023,Monetary,0.02462441394305443,0.2105604988203093,0.2513378705286646,0.19101949281195393,0.03634373058556619,0.3107710120039722,0.370955259019279,0.28192999839118266,0.014678863414544488,0.12551725331735114,0.14982505902169313,0.11386866103642304
2023-09-25,0.685043934037094,0.5934563365384551,0.4065436634615449,2,oct_selloff_2023,Monetary,0.024818334370296798,0.21224838564401188,0.25330296521714324,0.19467424880564208,0.03622882144804588,0.30983178610631856,0.3697616351762737,0.28417775726936195,0.014728597794382764,0.12596014938049654,0.15032424977209355,0.11553066651457208
2023-09-26,0.6875630514404221,0.592570451898937,0.407429548101063,2,oct_selloff_2023,Monetary,0.024883188203760224,0.2128130594211266,0.2539600736757668,0.19590673013976856,0.03619040923102363,0.3095178819968441,0.3693625961193359,0.2849291126527965,0.014745042078588497,0.12610673079117235,0.1504892356223365,0.11608853960896577
2023-09-27,0.6900915090798828,0.5916839381936299,0.40831606180637015,2,oct_selloff_2023,Monetary,0.024948148700774206,0.21337875498634545,0.2546182182812829,0.19714638711148033,0.036151942709798345,0.30920356529360715,0.3689629779980514,0.2856815139985432,0.014761418873914373,0.1262527820771745,0.15065351012851474,0.11664835072676656
2023-09-28,0.6926293418656573,0.5907968007323893,0.40920319926761073,2,oct_selloff_2023,Monetary,0.025015268182955658,0.21395850227203494,0.2558053205646726,0.19785025084599417,0.036116385302959964,0.3089076499354173,0.36932498394543717,0.2856509808161857,0.014778940411952933,0.1264059986318119,0.15112896499993186,0.11688929522391407
2023-09-29,0.6951765848394147,0.5899090448413259,0.4100909551586741,2,oct_selloff_2023,Monetary,0.02508250614859884,0.21453934700804722,0.2569982037887172,0.19855652789405148,0.036080769542019143,0.3086112963048168,0.36968765834954526,0.2856202758036189,0.014796397244346627,0.12655870127439892,0.15160556492293858,0.11713029171698999
2023-10-02,0.702875127288082,0.5872421200916549,0.4127578799083451,2,oct_selloff_2023,Monetary,0.025284929948794443,0.21628846264046803,0.2606118069477005,0.20068992775111907,0.03597357335200041,0.3077196136886767,0.3707796688626962,0.2855271440966268,0.014848375869499029,0.12701369535235316,0.15304223003288472,0.11785357865360822
2023-10-03,0.7054603640777175,0.5863519440633744,0.41364805593662557,2,oct_selloff_2023,Monetary,0.025352640843189885,0.2168736938396169,0.2618280822899933,0.20140594710491738,0.03593772539770483,0.30742151491834185,0.371144993570679,0.2854957661132743,0.014865570245544897,0.12716431199906444,0.15352340506112275,0.11809476863089347
2023-10-04,0.7080551882535242,0.5854611764755059,0.4145388235244941,2,oct_selloff_2023,Monetary,0.02542046971090732,0.21746002075933935,0.26305027326435254,0.20212442451892496,0.03590181970646805,0.3071229818903272,0.3715109748905131,0.2854642235126916,0.014882698103507765,0.12731439959015076,0.15400572245755118,0.1183360033732844
2023-10-05,0.7106596356566401,0.5845698227491923,0.41543017725080766,2,oct_selloff_2023,Monetary,0.025488416445361463,0.21804744301721282,0.2642784071181081,0.20284536907595785,0.03586585640509961,0.30682401543143767,0.37187761040335204,0.28543251776011086,0.014899759083622545,0.1274639551154867,0.15448918160547134,0.11857728144622716
2023-10-06,0.7132737422632238,0.5836778883209909,0.4163221116790091,2,oct_selloff_2023,Monetary,0.02555648093844673,0.21863596021861156,0.2655125112022003,0.20356878990396515,0.035829835621532614,0.30652461637642475,0.37224489767382546,0.28540065032821704,0.01491675282706824,0.12761297557143134,0.15497378186130367,0.1188186014192058
2023-10-09,1.8901259010373865,0.3460056877249045,0.6539943122750955,2,oct_selloff_2023,Monetary,0.1978031093524715,0.42548874392121966,0.6509187126536407,0.6159153351100549,0.1046507585785202,0.22511132390053604,0.3443784947322224,0.3258594227887215,0.06844100088562637,0.14722152545966735,0.22522157682473237,0.2131102091050695
2023-10-10,2.0376032481555897,0.3292069168701319,0.6707930831298681,2,oct_selloff_2023,Monetary,0.2309591087180354,0.44871829553417997,0.6960037730326867,0.6619220708706878,0.11334841997680187,0.22021867895055308,0.34157963463333685,0.3248532664393083,0.07603333610413805,0.14772116661602808,0.22912925625006988,0.2179093241596321
2023-10-11,2.045531822469908,0.328349877227356,0.671650122772644,2,oct_selloff_2023,Monetary,0.2315760300404046,0.44992999327292305,0.7001323632496541,0.6638934359069263,0.11321067093484992,0.21995746452365053,0.34227400207554276,0.32455786246595675,0.07603796103256535,0.14773445805206936,0.2298883755159225,0.21798932817208677
2023-10-12,2.0534913793992766,0.32749396534950537,0.6725060346504946,2,oct_selloff_2023,Monetary,0.23219380027469583,0.45114365327642403,0.7042848530103771,0.6658690728377796,0.11307269297747002,0.2196959080531424,0.34296947144545936,0.32426192752392824,0.0760420683815312,0.14774682395375846,0.23064903924796193,0.21806810306724306
2023-10-13,2.061482040467273,0.32663918546044135,0.6733608145395586,2,oct_selloff_2023,Monetary,0.23281241636350053,0.4523592719117723,0.7084613673817617,0.6678489848102385,0.11293448683682411,0.21943401059620035,0.3436660390314028,0.32396546353557276,0.07604565804605094,0.14775826411273962,0.23141124397176915,0.21814564840899897
2023-10-16,2.037794173049526,0.3291862262663234,0.6708137737336766,2,oct_selloff_2023,Monetary,0.22335480127780438,0.4485840057899614,0.706908637431281,0.6589467285504794,0.10960616348389961,0.22013214667242995,0.34689893944166283,0.3233627504020076,0.07352532415110499,0.14766767602942793,0.232704586671072,0.21691618688207168
2023-10-17,2.045718701416254,0.328329730363806,0.671670269636194,2,oct_selloff_2023,Monetary,0.22394584257568104,0.44978632662029644,0.7110849506213767,0.6609015815988997,0.10947049680908867,0.21986714317511433,0.3475966417714672,0.3230657182443298,0.0735280781089687,0.1476782233405687,0.23347033010327692,0.21699363808337968
2023-10-18,2.053674180117817,0.3274743607261394,0.6725256392738606,2,oct_selloff_2023,Monetary,0.22453766931847652,0.450990552835256,0.7152853016180758,0.6628606563460087,0.10933461183487005,0.2196018030520222,0.34829541537939607,0.32276816973371164,0.07353032971900537,0.14768784298325366,0.23423759688418314,0.21706986968741834
2023-10-19,2.7396153379502155,0.2674071821911307,0.7325928178088693,2,oct_selloff_2023,Monetary,0.4076602458623765,0.5525457426722269,0.9138872692989886,0.8655220801166236,0.1488020015858827,0.201687344576499,0.3335823305700867,0.3159283232675316,0.10901127763740164,0.14775470007968577,0.24438001952358954,0.23144682056819235
2023-10-20,4.487668006671308,0.1822267671412172,0.8177732328587828,2,oct_selloff_2023,Monetary,1.0662116854116244,0.77242851651306,1.3441887001481365,1.3048391045984868,0.2375870237786325,0.17212247326780367,0.29952944338794296,0.29076105956562076,0.1942923085207488,0.1407571514118612,0.24494716125574986,0.2377766116704228
2023-10-23,0.566284573680518,0.6384535842360753,0.36154641576392466,2,oct_selloff_2023,Monetary,0.015409275980946126,0.1508396083894218,0.21688416537778665,0.18315152393236336,0.027211187973556934,0.2663671507225646,0.38299500897255,0.32342665233132833,0.009838107480517921,0.09630408862099234,0.13847047274949761,0.11693374691291675
2023-10-24,0.568434640592437,0.6375783689795802,0.3624216310204198,2,oct_selloff_2023,Monetary,0.015448226710626425,0.15123217644732834,0.21803546847366578,0.18371876896081646,0.02717678622563518,0.26605024684933054,0.383571747574046,0.3232012193509884,0.00984945518978798,0.09642236439651967,0.1390146983691385,0.11713511306497368
2023-10-25,0.5705929256379172,0.6367022184273731,0.36329778157262693,2,oct_selloff_2023,Monetary,0.015487225016458503,0.15162535760466922,0.21919285440910985,0.18428748860767963,0.02714233619203032,0.26573297843669125,0.38414926747304906,0.32297541789822937,0.009860750525263038,0.09654020155673664,0.13956057666570842,0.11733625282491883
2023-10-26,0.5727594604219124,0.6358251373873393,0.36417486261266074,2,oct_selloff_2023,Monetary,0.015526270712865707,0.1520191508718594,0.22035635234726952,0.18485768648991777,0.027107838081676685,0.2654153468890368,0.38472756466553726,0.3227492503637493,0.00987199320912086,0.09665759748860667,0.14010810800537557,0.11753716390955765
2023-10-27,0.5733623027154746,0.6355815175399172,0.3644184824600828,2,oct_selloff_2023,Monetary,0.015535926424522515,0.15222666670372717,0.2205441204367783,0.18505558915044662,0.027096176973867195,0.26549821288001235,0.3846505418864643,0.3227550682596561,0.009874347693286522,0.09675245583359811,0.14017376675171384,0.11761791218148432
2023-10-30,0.5751829334640357,0.6348468985763245,0.3651531014236755,2,oct_selloff_2023,Monetary,0.015565017075458688,0.15285186874404896,0.22110982663669387,0.18565622100783422,0.027060985592389657,0.26574479152832214,0.3844165286773397,0.3227776942019485,0.009881402816642482,0.09703753481375492,0.1403708876850539,0.11786327610822422
2023-10-31,0.575793867479783,0.6346007689440571,0.36539923105594285,2,oct_selloff_2023,Monetary,0.015574755170245223,0.15306115511384344,0.22129919677516885,0.18585876042052552,0.02704918556777105,0.2658263030549169,0.38433753687544964,0.3227869745018625,0.009883751607153048,0.09713272673071066,0.1404366404402244,0.11794611227785479
2023-11-01,0.5764068413401016,0.6343540092416126,0.36564599075838744,2,oct_selloff_2023,Monetary,0.015584513889729552,0.15327088473955436,0.22148896798818274,0.18606247472263493,0.027037350655826284,0.2659074697711973,0.38425804848748485,0.32279713108549163,0.009886098868031538,0.09722800023454539,0.14050241484609088,0.11802947680971965
2023-11-02,0.5770218618558185,0.6341066184226598,0.3658933815773402,2,oct_selloff_2023,Monetary,0.01559429324511654,0.15348105786199118,0.22167914049362905,0.18626737025508178,0.02702548079367765,0.2659882891930042,0.38417806178203423,0.322808168231284,0.009888444556352174,0.09732335459279981,0.14056821015325682,0.11811337227493142
2023-11-03,0.5776389358605014,0.6338585954425394,0.3661414045574606,2,oct_selloff_2023,Monetary,0.015604093247428709,0.15369167471804474,0.22186971450585538,0.18647345338917265,0.027013575918637633,0.2660687588330454,0.38409757502814257,0.3228200902201745,0.009890788628969577,0.0974187890679915,0.1406340256079187,0.11819780125258084
2023-11-06,0.6846660510416132,0.5935894531629633,0.4064105468370367,2,oct_selloff_2023,Monetary,0.022772587293463965,0.1739624519653667,0.2615595952746098,0.22637141650817266,0.03326086821278638,0.2540836539225361,0.3820250688298149,0.33063040903486257,0.013517567638633123,0.10326227673301029,0.15525901712858167,0.13437168533681162
2023-11-07,0.6852914077953116,0.5933691914493258,0.40663080855067424,2,oct_selloff_2023,Monetary,0.022782469990021627,0.17417484604569466,0.26175177738585986,0.22658231437373544,0.03324493745415013,0.25416172458084957,0.38195689367820296,0.3306364442867973,0.013518415797197661,0.10334998756894463,0.15531544050787158,0.13444696467666034
2023-11-08,0.6859188525495898,0.5931483585272891,0.4068516414727109,2,oct_selloff_2023,Monetary,0.022792373385848243,0.17438768498458612,0.26194436202178395,0.22679443215737163,0.033228964769123945,0.2542395275131739,0.38188826717347907,0.3306432405442232,0.013519258860756958,0.10343776909598125,0.15537186835869915,0.1345227451572736
2023-11-09,0.6865483922760631,0.5929269534036085,0.40707304659639154,2,oct_selloff_2023,Monetary,0.022802297490852042,0.17460096899498362,0.2621373493750604,0.22700777641516706,0.0332129500955603,0.25431706047135577,0.3818191875827075,0.33065080185037643,0.013520096781853645,0.10352562060751354,0.15542829993825186,0.1345990292687725
2023-11-10,0.6871800339696233,0.5927049750862595,0.4072950249137405,2,oct_selloff_2023,Monetary,0.022812242314752127,0.17481469828576562,0.2623307396346902,0.22722235373441546,0.03319689337155645,0.25439432120272176,0.38174965317209214,0.33065913225362975,0.01352092951282687,0.10361354139217666,0.15548473449953906,0.13467581950919794
2023-11-13,0.6890876411525466,0.5920355910707222,0.40796440892927777,2,oct_selloff_2023,Monetary,0.022842201194164483,0.17545855986780634,0.26291332968615644,0.22787355040441928,0.033148470281602095,0.2546244474423308,0.3815383036712366,0.33068877860483037,0.01352339608534353,0.10387771219975445,0.15565404854111534,0.13490925210306443
2023-11-14,0.6897277611316541,0.5918113100836281,0.4081886899163719,2,oct_selloff_2023,Monetary,0.02285222898702508,0.17567407228690365,0.2631083333870072,0.22809312647071822,0.03313224474179615,0.2547005966508738,0.381466932627619,0.3307002259797111,0.013524207575142373,0.10396590286783844,0.1557104874756847,0.13498809199770642
2023-11-15,0.6903700184042021,0.5915864509618151,0.40841354903818494,2,oct_selloff_2023,Monetary,0.022862277544507266,0.17589003096909117,0.2633037408834002,0.2283139690072035,0.033115976845798825,0.25477646230301676,0.3813950980838213,0.33071246276736316,0.013525013633459055,0.10405415918056841,0.15576692559418012,0.13506745062997738
2023-11-16,0.691014420106389,0.5913610127210421,0.40863898727895787,2,oct_selloff_2023,Monetary,0.022872346875175302,0.17610643609842785,0.26349955234187894,0.228536084790907,0.03309966653323076,0.25485204211992335,0.3813227983018218,0.33072549304502424,0.013525814211410631,0.1041424803978598,0.1558233621244348,0.13514733054525274
2023-11-17,0.6916609733982406,0.5911349943784427,0.40886500562155725,2,oct_selloff_2023,Monetary,0.022882436987397607,0.1763232878547637,0.2636957679251784,0.22875948063090096,0.033083313743975676,0.25492733381856036,0.3812500315430536,0.3307393208944104,0.013526609259910357,0.10423086577481429,0.15587979629006948,0.13522773429676313
2023-11-20,0.6936136147711154,0.59045344893212,0.40954655106787996,2,oct_selloff_2023,Monetary,0.0229128320941165,0.17697652462069735,0.264286840993832,0.22943741706246965,0.03303399991892817,0.25515145731258115,0.3810289120132736,0.3307856307552172,0.013528960734773658,0.10449639934231102,0.1560490767721829,0.13547211421861247
2023-11-21,0.6942688465012108,0.5902251003818392,0.4097748996181608,2,oct_selloff_2023,Monetary,0.02292300541228959,0.17719516459862755,0.2644846746269418,0.22966600186335198,0.03301747662711755,0.25522557362556025,0.380954259952496,0.3308026897948264,0.013529733170522066,0.10458503381240147,0.1561054936311448,0.1355546390040926
2023-11-22,0.6949262659812975,0.5899961668368141,0.4100038331631859,2,oct_selloff_2023,Monetary,0.022933199550887802,0.1774142520389501,0.2646829131407673,0.2298959012506923,0.03300091056207825,0.25529939034384524,0.38087913221557623,0.3308205668785003,0.013530499828327552,0.104673728645201,0.15616190418025414,0.13563770050940321
2023-11-24,0.6962476974345049,0.5895365408675002,0.4104634591324998,2,oct_selloff_2023,Monetary,0.022953650317849877,0.1778537699190721,0.26508060536459754,0.23035967183298528,0.0329676498786685,0.25544611576371146,0.380727442749688,0.3308587916079319,0.013532015608667411,0.10485129629833399,0.15627470313770772,0.13580544408779063
2023-11-27,0.6982464361503131,0.5888426901497641,0.4111573098502359,2,oct_selloff_2023,Monetary,0.022984482794208876,0.17851640641937294,0.2656801836646262,0.23106536327210508,0.03291743660151092,0.255663899129366,0.380496297452541,0.3309223668165821,0.013534244680242922,0.10511808099185219,0.1564438340685619,0.13606115010957887
2023-11-28,0.6989171363848572,0.5886102262338174,0.4113897737661826,2,oct_selloff_2023,Monetary,0.02299480199887272,0.1787381817184025,0.2658808542535842,0.23130329841399783,0.03290061267894093,0.25573586969540363,0.3804182790950736,0.33094523853058194,0.013534975606758306,0.10520712157789004,0.15650018977344282,0.13614748680809144
2023-11-29,0.6995900760171058,0.588377170537171,0.411622829462829,2,oct_selloff_2023,Monetary,0.023005142069887307,0.17896040546683548,0.2660819306163426,0.23154259786404044,0.032883745579782644,0.2558075244372959,0.3803397728727024,0.3309689571102192,0.013535700398885929,0.1052962170067615,0.15655653346711149,0.13623437859007012
2023-11-30,0.7002652625241728,0.5881435220969133,0.41185647790308666,2,oct_selloff_2023,Monetary,0.02301550301298802,0.1791830777879339,0.26628341286443336,0.23178326885881748,0.032866835247583825,0.25587886102196683,0.38026077704410105,0.3309935266863483,0.013536419004890898,0.10538536647036066,0.15661286431807436,0.13632182810976073
2023-12-01,0.7009427034081375,0.5879092799518316,0.4120907200481684,2,oct_selloff_2023,Monetary,0.023025884833701032,0.17940619880046374,0.2664853011053204,0.23202531866865228,0.03284988162619301,0.255949877112853,0.38018128986807387,0.3310189513928802,0.013537131372834974,0.10547456915567581,0.156669181490576,0.13640983802908163
2023-12-04,0.702988627718442,0.5872029817014912,0.4127970182985088,2,oct_selloff_2023,Monetary,0.023057155613617784,0.18007825510643305,0.2670934027979885,0.23275981420040262,0.03279876046992405,0.25616097900598933,0.37993986284649206,0.3311003976775946,0.013539230525871644,0.10574248833809931,0.1568380425157763,0.13667725691876154
2023-12-05,0.703675161633019,0.5869663551597905,0.41303364484020955,2,oct_selloff_2023,Monetary,0.023067620995824687,0.18030317198171575,0.267296916002692,0.23300745265278672,0.03278163313636317,0.25623068968824503,0.37985839287317746,0.33112928430221455,0.013539917418126669,0.10583189568185654,0.15689429653155276,0.13676753520867366
2023-12-06,0.7043639878122968,0.5867291301335164,0.41327086986648365,2,oct_selloff_2023,Monetary,0.02307810728010372,0.1805285380741084,0.2675008356758454,0.2332565067822393,0.0327644622374614,0.2563000681434848,0.37977642285018504,0.33115904676886876,0.013540597809583228,0.10592135210849701,0.1569505326260775,0.13685838732232594
2023-12-07,0.7050551139099065,0.5864913056721515,0.41350869432784854,2,oct_selloff_2023,Monetary,0.023088614470706044,0.1807543534749751,0.2677051619001184,0.23350698406410697,0.032747247718929895,0.2563691120153655,0.37969395103816855,0.33118968922753605,0.013541271647085316,0.10601085677546374,0.15700674993797512,0.13694981596732436
2023-12-08,0.5452817004418237,0.647131199259062,0.35286880074093796,2,oct_selloff_2023,Monetary,0.012853841675484996,0.15088825740754397,0.2079654310774507,0.17357417028134398,0.023572846228050483,0.27671615842835773,0.38139081305854056,0.31832018228505116,0.008318121978542717,0.09764449897025398,0.13458091881757847,0.11232526097456276
2023-12-11,0.5473759242892874,0.6462553696893674,0.35374463031063264,2,oct_selloff_2023,Monetary,0.012885551477617462,0.15156974896422706,0.20858207013801316,0.1743385537094297,0.023540588662806197,0.27690247641239457,0.3810581738844945,0.3184987610403048,0.008327356833819048,0.0979527641506012,0.13479728284761527,0.11266722647859714
2023-12-12,0.5480786656804321,0.6459620057876496,0.3540379942123504,2,oct_selloff_2023,Monetary,0.01289616325601857,0.1517978121149064,0.20878843021042298,0.17459626009908408,0.02352976691768902,0.2769635485199036,0.3809461000479102,0.3185605845144971,0.008330431483822738,0.09805561918792166,0.13486939316397947,0.11278255037662648
2023-12-13,0.5487837534513409,0.6456679299299078,0.35433207007009215,2,oct_selloff_2023,Monetary,0.012906795961685813,0.15202632502415295,0.20899519724121352,0.17485543522428865,0.02351891046430226,0.27702409932518657,0.3808334265124059,0.31862356369810535,0.008333504230609372,0.09815852257319617,0.1349414963680271,0.11289854689825954
2023-12-14,0.5494911954363297,0.6453731411609631,0.3546268588390369,2,oct_selloff_2023,Monetary,0.012917449597340286,0.15225528775044722,0.2092023712833001,0.17511608680524215,0.023508019245118274,0.27708412621524753,0.3807201516981188,0.3186877028415155,0.008336575022423921,0.09826147331387246,0.13501359149342548,0.11301521900931505
2023-12-15,0.5502009994958724,0.6450776385289401,0.35492236147105993,2,oct_selloff_2023,Monetary,0.012928124165480798,0.15248470034749245,0.20940995238527543,0.17537822259762376,0.023497093202895544,0.27714362657866526,0.3806062740292176,0.31875300618922164,0.008339643807277277,0.09836447041195348,0.13508567756915127,0.11313256968267793
2023-12-18,0.5523446631207662,0.6441868379858655,0.3558131620141345,2,oct_selloff_2023,Monetary,0.012960273486453011,0.15317563782809018,0.21003513847124375,0.17617361333497936,0.023464105569929873,0.2773189424201957,0.38026100819828335,0.31895594381159115,0.008348837596670213,0.09867372978894554,0.1353018717177139,0.11348872291080486
2023-12-19,0.553063994609484,0.6438884704499565,0.35611152955004355,2,oct_selloff_2023,Monetary,0.012971031805047804,0.15340685034893245,0.21024434821162025,0.17644176424388347,0.02345303966895656,0.27737631059720735,0.3801447034354005,0.31902594629843556,0.008351897829109967,0.09877690222771947,0.13537391179072816,0.11360881770248595
2023-12-20,0.5537857278705608,0.6435893843422571,0.3564106156577429,2,oct_selloff_2023,Monetary,0.012981811065256175,0.15363851293669034,0.2104539651893826,0.17671143867923167,0.023441938663125824,0.2774331392169808,0.3800277880013786,0.31909713411851476,0.008354955791135722,0.09888011595218443,0.13544593788862155,0.1137296060258012
2023-12-21,0.5545098709232626,0.6432895787313816,0.3567104212686184,2,oct_selloff_2023,Monetary,0.012992611268223937,0.15387062561598885,0.21066398942681253,0.17698264461223734,0.02343080249697116,0.2774894256792818,0.3799102603458719,0.31916951147787515,0.008358011429356379,0.0989833699316436,0.13551794901224645,0.11385109089537199
2023-12-22,0.5552364318136309,0.6429890526894713,0.35701094731052874,2,oct_selloff_2023,Monetary,0.013003432414868196,0.15410318840653814,0.21087442094174436,0.17725539005048013,0.023419631115331588,0.27754516738603346,0.3797921189229994,0.3192430825756354,0.008361064690147664,0.09908666312994707,0.135589944157773,0.11397327533266094
2023-12-26,0.5510246123386898,0.6447350944948349,0.3552649055051651,2,oct_selloff_2023,Monetary,0.012785271673767012,0.15220679421003436,0.20915849251340152,0.17687405394148698,0.02320272341284909,0.2762250375060919,0.37958103473033483,0.3209912043507242,0.008243113340728313,0.09813306184776242,0.1348518204350252,0.11403690988164918
2023-12-27,0.5276929949741032,0.6545817800368664,0.3454182199631336,2,oct_selloff_2023,Monetary,0.011976510317044541,0.14288383917867942,0.20072273395436493,0.1721099115240142,0.022695981244989418,0.2707707711482725,0.38037786339046536,0.32615538421627255,0.00783960544196091,0.09352915778808131,0.13138944448571455,0.11266001224737679
2023-12-28,0.5283300171296557,0.6543089442672153,0.3456910557327847,2,oct_selloff_2023,Monetary,0.011984610919551861,0.1430864150141131,0.2009060321502552,0.17235295904573544,0.022683948537814688,0.27082772202019095,0.3802661700763285,0.32622215936566573,0.007841638118225316,0.09362272114686496,0.13145461379314866,0.11277208267454572
2023-12-29,0.5289691662353408,0.654035426013345,0.34596457398665503,2,oct_selloff_2023,Monetary,0.011992726989739768,0.1432893776576038,0.2010896803445491,0.17259738124344823,0.022671882890815127,0.2708841777629316,0.38015387886537677,0.3262900604808766,0.007843668305796189,0.09371632915947797,0.13151977475103455,0.11288480177034638
2024-01-02,0.2453815472745409,0.8029667712585377,0.19703322874146234,1,china_taiwan_2024,Kinetic,0.004961577509613754,0.09842056473882715,0.08905460967992136,0.05294479534617862,0.020219847680977326,0.40109195590290664,0.36292300977417896,0.21576518664193708,0.003983981873243532,0.07902844309377793,0.07150789240037578,0.042512911374065106
2024-01-03,0.4030383914419775,0.7127388716514355,0.28726112834856454,1,china_taiwan_2024,Kinetic,0.013161763959563328,0.15948627050339684,0.1443091452144782,0.08608121176453915,0.03265635294065561,0.39570987253296663,0.3580530993540682,0.21358067517230955,0.009380900793481695,0.11367206448248664,0.10285473732915032,0.061353425743445884
2024-01-04,0.22794197344422484,0.8143707289320229,0.1856292710679771,1,china_taiwan_2024,Kinetic,0.004253444848434099,0.09143653743570444,0.08273520044747115,0.049516790712615166,0.018660208930212124,0.40113953588314466,0.36296606192064773,0.21723419326599555,0.0034638809816914333,0.07446323964253479,0.06737712549674409,0.040325024947006814
2024-01-05,0.22870304777489173,0.8138662973213427,0.18613370267865725,1,china_taiwan_2024,Kinetic,0.004264553479245452,0.09167534028215857,0.08295127819847635,0.04981187581501136,0.01864668407673769,0.4008487913654432,0.3627029854019427,0.21780153915587644,0.0034707763498823454,0.07461146975111452,0.06751124964546656,0.04054020693219383
2024-01-08,0.4082080172756523,0.7101223595748447,0.2898776404251553,1,china_taiwan_2024,Kinetic,0.013232603057209106,0.160974697483171,0.14565592963979213,0.08834478709548003,0.03241632328909765,0.39434477195598283,0.35681790527263074,0.21642099948228868,0.009396767306302636,0.11431173200859625,0.10343353244187678,0.0627356086683796
2024-01-09,0.4215288214110937,0.7034679740135981,0.29653202598640194,1,china_taiwan_2024,Kinetic,0.014039927875775808,0.1659507094993772,0.15015841150465206,0.09137977253128864,0.03330715994407283,0.3936876936287464,0.3562233562155668,0.21678179021161403,0.00987663961806905,0.11674100939764608,0.10563163352227777,0.06428274344840906
2024-01-10,0.4663831733975548,0.6819499965231035,0.3180500034768965,1,china_taiwan_2024,Kinetic,0.017058932247315337,0.18285133285436725,0.16545072790437945,0.10102218039149276,0.036577074861090554,0.3920624569756957,0.3547527812787229,0.21660768688449086,0.011633338786744553,0.12469546580428059,0.11282912331913651,0.06889207556673482
2024-01-11,0.5183036309694085,0.6586297889319535,0.34137021106804655,1,china_taiwan_2024,Kinetic,0.02090103879751408,0.20226485505892564,0.18301680921093585,0.11212092790203285,0.04032585833601407,0.39024394770420545,0.35310732604483325,0.21632286791494712,0.013766046771665267,0.13321765879581232,0.12054032242159826,0.07384618307897066
2024-01-12,0.5134315421864513,0.6607500716915825,0.3392499283084175,1,china_taiwan_2024,Kinetic,0.020437393094705526,0.20032142844952144,0.18125832409554019,0.11141439654668409,0.039805488006585586,0.39016190473310514,0.35303309049469483,0.2169995167656144,0.013504008952515733,0.13236239820938153,0.11976645064082429,0.07361707050569592
2024-01-16,0.5835689475662624,0.6314849767273276,0.3685150232726724,1,china_taiwan_2024,Kinetic,0.02585240091150111,0.22593512647260283,0.2044345564810979,0.12734686370106052,0.04430050813929857,0.38716098143133054,0.35031774280259315,0.2182207676267776,0.016325402787944823,0.14267463808243747,0.12909735114172768,0.08041763126056238
2024-01-17,0.5639284381496591,0.6394154461332877,0.3605845538667123,1,china_taiwan_2024,Kinetic,0.024082968159148548,0.21852881592621523,0.19773304956913204,0.12358360449516324,0.04270571677173913,0.3875116081097875,0.3506350029410227,0.21914767217745065,0.015399021829695726,0.13973070032843998,0.12643356610554202,0.07902126560303456
2024-01-18,0.6858996001715911,0.5931551320720522,0.40684486792794783,1,china_taiwan_2024,Kinetic,0.03516430135606756,0.2632156993605117,0.2381674137958948,0.14935218565911712,0.051267417778448225,0.38375251901978535,0.34723363847465805,0.2177464247271084,0.020857885815079694,0.15612774291762185,0.14127022378536302,0.08858901540988325
2024-01-19,0.6784537641660151,0.5957864442556611,0.4042135557443389,1,china_taiwan_2024,Kinetic,0.034290435634001123,0.2603578879617412,0.23558155910859754,0.14822388146167526,0.050542037564125564,0.3837518512138914,0.34723303421889723,0.21847307700308582,0.02042977671835914,0.15511770030263955,0.14035629943351616,0.08830977928982409
2024-01-22,0.2996925051296207,0.7694127619057619,0.2305872380942381,1,china_taiwan_2024,Kinetic,0.006802844572628353,0.1181069909656132,0.10686762475732185,0.0679150448340573,0.0226994150877615,0.39409390940400885,0.35659091544882077,0.22661576005940892,0.005234195431441602,0.09087302611923129,0.08222531432283955,0.05225470222072565
2024-01-23,0.29678302408863755,0.7711390274427653,0.2288609725572347,1,china_taiwan_2024,Kinetic,0.0066461307391933065,0.11690643340709424,0.10578131535586799,0.067449144586482,0.022393904636568315,0.3939121308103486,0.35642643537547897,0.22726752917760407,0.005125090794478992,0.09015111335934903,0.08157210064514048,0.05201266775826618
2024-01-24,0.2977739514636996,0.7705502170637235,0.2294497829362765,1,china_taiwan_2024,Kinetic,0.006663265237199645,0.11720783178891198,0.10605403188947217,0.06784882254811585,0.022376924524279404,0.3936134480963836,0.3561561760797629,0.22785345129957418,0.005134380474877351,0.09031452022651455,0.08171995729291587,0.052280924941968746
2024-01-25,0.29684471942715207,0.7711023417219328,0.22889765827806718,1,china_taiwan_2024,Kinetic,0.006595640044782871,0.11677005957054866,0.10565791920572042,0.0678211006061001,0.022219159085972863,0.39337084990391724,0.3559366641576714,0.22847332685243843,0.005085913483687028,0.09004166637785971,0.08147306892099783,0.0522970094955226
2024-01-26,0.29593232714568013,0.7716452310457617,0.22835476895423834,1,china_taiwan_2024,Kinetic,0.006529289375626624,0.11633892300173947,0.10526781070597824,0.06779630406233582,0.02206345429917299,0.3931267804496016,0.355715820982807,0.22909394426841845,0.005038295008820045,0.08977237511929236,0.0812294041138961,0.052314694712229846
2024-01-29,0.37695249899865163,0.7262414649214266,0.2737585350785734,1,china_taiwan_2024,Kinetic,0.01040455709423877,0.14700477689417138,0.13301542276387432,0.08652774224636711,0.02760177242988907,0.38998223193818704,0.3528705158268499,0.22954547980507387,0.007556220785978587,0.10676096452207053,0.09660131548517899,0.06284003428534528
2024-01-30,0.3782111038380047,0.7255782493808295,0.2744217506191705,1,china_taiwan_2024,Kinetic,0.010431301973866563,0.1473826521873852,0.1333573384685255,0.0870398112082275,0.02758063385239608,0.38968356743569355,0.35260027300955465,0.23013552570235582,0.00756872582496089,0.1069376467632266,0.09676118418807944,0.06315419384290359
2024-01-31,0.2509202005744302,0.799411504859218,0.20058849514078203,1,china_taiwan_2024,Kinetic,0.004615659094841452,0.09862519433421904,0.0892397661946695,0.05843958095070023,0.01839492828506772,0.39305402318520766,0.35564998748754945,0.23290106104217526,0.0036898109829243404,0.07884211501975086,0.0713392957869655,0.04671727335114135
2024-02-01,0.25175799679430766,0.7988764621923345,0.20112353780766545,1,china_taiwan_2024,Kinetic,0.004627471825110289,0.09887760310064721,0.089468155091174,0.058784766777376166,0.01838063491143459,0.39274860921868787,0.35537363750265155,0.23349711836722603,0.0036967783205388103,0.0789909897551028,0.07147400321811213,0.04696176651391172
2024-02-02,0.2338210156323252,0.8104903282811295,0.18950967171887045,1,china_taiwan_2024,Kinetic,0.003980627771459813,0.09188679327485084,0.08314260877842,0.054810985807594546,0.017024251480111614,0.3929791897719724,0.3555822754151348,0.23441428333278122,0.0032262603092554467,0.07447335724603418,0.06738628028297118,0.044423773880609654
2024-02-05,0.26467218527595443,0.7907187424872459,0.20928125751275406,1,china_taiwan_2024,Kinetic,0.005027440563845677,0.10355394681343956,0.09369948586210572,0.06239131203656349,0.01899497130234494,0.39125360568384393,0.35402090236422873,0.23573052064958247,0.0039752914805734245,0.08188204660391407,0.07408993963258571,0.049333979795680855
2024-02-06,0.2641118567125198,0.7910692354398324,0.20893076456016757,1,china_taiwan_2024,Kinetic,0.004986107330819962,0.1032641054327423,0.09343722653555564,0.062424417413401906,0.018878771263371317,0.3909862537717991,0.3537789923504271,0.23635598261440255,0.0039443561140126895,0.08168905693305768,0.0739153153571004,0.049382036155996796
2024-02-07,0.3841681452658185,0.7224555798515057,0.27754442014849434,1,china_taiwan_2024,Kinetic,0.010417642644772167,0.1488234663538881,0.1346610410388136,0.09026599522834465,0.027117403598270386,0.3873914799752912,0.35052630650997163,0.23496480991646682,0.007526284057614649,0.10751834368020925,0.09728662048710347,0.06521317192356697
2024-02-08,0.38545084239089733,0.7217867061051997,0.2782132938948003,1,china_taiwan_2024,Kinetic,0.010444232321555452,0.1492033188793636,0.1350047458171993,0.09079854537277898,0.027096146052688196,0.3870878007526885,0.3502515261862806,0.2355645270083427,0.007538508045172975,0.10769297207389963,0.09744463079196602,0.06553718298376168
2024-02-09,0.3867378223070795,0.7211168426460931,0.2788831573539069,1,china_taiwan_2024,Kinetic,0.010470868914674823,0.14958384163821176,0.13534905704781938,0.0913340547063735,0.02707485099908509,0.38678358570121557,0.3499762610245782,0.23616530227512111,0.0075507199315114305,0.10786742759302044,0.09760248467344942,0.06586252515592558
2024-02-12,0.390624602039033,0.7191013293837378,0.28089867061626217,1,china_taiwan_2024,Kinetic,0.010551059948111573,0.15072942783016532,0.1363856262998843,0.09295848796087183,0.02701074098517037,0.38586772835957667,0.34914755903228034,0.23797397162297268,0.007587281235094545,0.10838973192992205,0.09807508518108046,0.06684657227016512
2024-02-13,0.38901178610597564,0.7199362957195989,0.28006370428040106,1,china_taiwan_2024,Kinetic,0.010423104341865995,0.1500180535394291,0.13574194822339736,0.09282868000128316,0.026793800892774246,0.3856388389696778,0.34894045134770846,0.23862690878983941,0.007503971129781873,0.10800344175624105,0.0977255553777143,0.06683073601666382
2024-02-14,0.3903106556395614,0.7192637098361205,0.28073629016387946,1,china_taiwan_2024,Kinetic,0.010449580288260315,0.15039911755005564,0.1360867491988791,0.0933752086023664,0.02677246992177981,0.38533182575713254,0.34866265430516596,0.2392330500159217,0.007516003884364512,0.1081766272451318,0.09788226008832347,0.06716139894605969
2024-02-15,0.3916138619622255,0.7185901400766187,0.2814098599233813,1,china_taiwan_2024,Kinetic,0.010476102301666424,0.15078084459572566,0.13643215011327767,0.09392476495155573,0.02675110183581023,0.38502427835475794,0.3483843739076778,0.23984024590175407,0.007528023820411465,0.1083496282389134,0.0980387978608545,0.06749341000320194
2024-02-16,0.3929214195540513,0.7179155880309124,0.2820844119690876,1,china_taiwan_2024,Kinetic,0.010502670354691993,0.1511632342821859,0.13677815060985793,0.09447736430731549,0.02672969665693478,0.3847161970801937,0.34810561044265587,0.2404484958202156,0.0075400307635835355,0.10852244222835007,0.09819516642485687,0.06782677255229715
2024-02-20,0.30607847567651036,0.7656507772107869,0.2343492227892131,1,china_taiwan_2024,Kinetic,0.006307380474753558,0.11810246928722536,0.1068635333735242,0.07480509254100726,0.02060706967653528,0.38585682650891806,0.3491376946298786,0.24439840918466807,0.004829250762659204,0.09042524740027719,0.08182014738292967,0.057274577243347044
2024-02-21,0.3071004395890235,0.7650521487961693,0.23494785120383066,1,china_taiwan_2024,Kinetic,0.006323280229108591,0.11840018404502474,0.10713291682628259,0.07524405848860756,0.020590267593138933,0.38554221610191614,0.34885302336151974,0.24501449294342514,0.004837639126719862,0.09058231522150811,0.08196226822474881,0.05756562863085387
2024-02-22,0.3081258157318027,0.7644524616621617,0.23554753833783826,1,china_taiwan_2024,Kinetic,0.006339207034476809,0.11869840531919276,0.1074027585940042,0.07568544478412895,0.020573436923553817,0.38522707043316884,0.34856786776830523,0.24563162487497214,0.00484602242249189,0.09073928814162996,0.08210430319649341,0.057857924577223004
2024-02-23,0.30915461549792667,0.7638517163380719,0.23614828366192808,1,china_taiwan_2024,Kinetic,0.006355160871243789,0.11899713274245943,0.10767305834436934,0.0761292635398541,0.020556577688507483,0.38491138989078905,0.34828222820141413,0.24624980421928927,0.004854400539104127,0.09089616408463705,0.08224625041971591,0.05815146861847098
2024-02-26,0.31226167103852265,0.7620431367233342,0.23795686327666576,1,china_taiwan_2024,Kinetic,0.006403184368275567,0.11989634813083862,0.10848670207464856,0.07747543646475992,0.02050582880370748,0.38396114301216117,0.3474224092692597,0.24811061891487168,0.004879502701018536,0.09136618921129715,0.08267154674173505,0.05903962462261504
2024-02-27,0.31330427999152755,0.7614381642055192,0.23856183579448076,1,china_taiwan_2024,Kinetic,0.0064192461271306836,0.12019709633993715,0.10875883030764821,0.07792910721681152,0.02048885552187246,0.38364332700206827,0.34713483745127677,0.24873298002478264,0.004887858986625778,0.09152265637991569,0.08281312409059526,0.05933819633734406
2024-02-28,0.31435037010642236,0.760832136349633,0.23916786365036702,1,china_taiwan_2024,Kinetic,0.006435334813782979,0.12049834875824773,0.10903141476800945,0.0783852717663822,0.020471853784057314,0.38332497816832023,0.3468467835145134,0.24935638453310904,0.004896209534495669,0.09167901611234072,0.08295460422716751,0.05963803377636311
2024-02-29,0.3153999530064413,0.7602250537674324,0.23977494623256757,1,china_taiwan_2024,Kinetic,0.006451450406400327,0.12080010497697499,0.1093044550858389,0.07884394253722707,0.020454823613333166,0.38300609694291216,0.346558247849855,0.24998083159389967,0.004904554232083613,0.09183526630123232,0.08309598524465181,0.05993914045459982
2024-03-01,0.31645304035362737,0.759616917084546,0.24038308291545396,1,china_taiwan_2024,Kinetic,0.0064675928827780645,0.12110236458034797,0.1095779508849315,0.07930513200556986,0.020437765033164832,0.3826866837652104,0.3462692308548568,0.25060632034676805,0.004912892966573827,0.09199140483417269,0.0832372652316535,0.060241519883053964
2024-03-04,0.3196334462834743,0.7577861888968728,0.24221381110312723,1,china_taiwan_2024,Kinetic,0.006516181386821902,0.12201215943567954,0.11040116731277211,0.08070393814820072,0.020386419076565836,0.3817252570229157,0.34539929596372804,0.25248902793679034,0.004937872259280507,0.0924591292978412,0.08366047982771156,0.06115632971829395
2024-03-05,0.32070066882047876,0.7571738423462014,0.24282615765379856,1,china_taiwan_2024,Kinetic,0.00653243116871553,0.12231642827988486,0.11067648114815164,0.08117532822372675,0.020369247101172223,0.3814037205776921,0.34510835775682747,0.2531186745643082,0.004946186007878425,0.092614799982744,0.0838013364883029,0.061463835174873235
2024-03-06,0.3217714547015472,0.7565604450323052,0.24343955496769476,1,china_taiwan_2024,Kinetic,0.0065487077177299935,0.12262119832471995,0.11095224848861492,0.08164930017048234,0.020352046839593397,0.3810816544881361,0.34481694030791665,0.2537493583643538,0.004954493225312295,0.09277034837494466,0.0839420824938814,0.06177263087355638
2024-03-07,0.32096578270591003,0.7570218798185422,0.2429781201814578,1,china_taiwan_2024,Kinetic,0.006489541837773109,0.12222510288677105,0.11059384651524541,0.08165729146612045,0.020218796480618167,0.38080415256838057,0.34456584618734504,0.2544112047636562,0.004912725161192078,0.09252707714835817,0.08372196158533443,0.06181635628657313
2024-03-08,0.3568826401749135,0.7369834135921229,0.26301658640787706,1,china_taiwan_2024,Kinetic,0.007972283509883101,0.13549088222099082,0.12259722003625563,0.09082225440778395,0.022338669950367342,0.3796510868519262,0.34352250918164273,0.25448773401606367,0.005875440715237839,0.09985453288983409,0.09035211771922427,0.06693449508358085
2024-03-11,0.3604693703381104,0.7350404366336268,0.26495956336637316,1,china_taiwan_2024,Kinetic,0.008031863641358888,0.13650346093403956,0.12351343914452881,0.09242060661818313,0.022281681336267824,0.3786825516021044,0.3426461422469171,0.2563896248147107,0.005903744557926189,0.10033556352695766,0.09078737223891534,0.06793288304257399
2024-03-12,0.3616729397404922,0.7343907415760059,0.2656092584239941,1,china_taiwan_2024,Kinetic,0.008051788392950045,0.1368420868958199,0.1238198405854661,0.09295922386625619,0.022262623238352777,0.37835865462870105,0.34235306814579325,0.257025653987153,0.005913158848911659,0.10049556167422938,0.09093214454938325,0.06826839335146981
2024-03-13,0.3628805277348142,0.7337400305088059,0.2662599694911941,1,china_taiwan_2024,Kinetic,0.008071745445362107,0.13718126181784682,0.12412673874617548,0.0935007817254298,0.022243534244584143,0.3780342325728101,0.34205951893038694,0.2576627142522188,0.005922562749339306,0.1006553832314634,0.09107675707457737,0.06860526643581405
2024-03-14,0.3640921477387333,0.7330883046704053,0.2669116953295947,1,china_taiwan_2024,Kinetic,0.00809173476606308,0.13752098514723113,0.12443413312638216,0.09404529469905694,0.022224414386078934,0.37770928596327213,0.34176549507921306,0.258300804571436,0.005931956121495762,0.10081502585818765,0.091221207696751,0.0689435056531603
2024-03-15,0.36530781321470635,0.732435565314341,0.26756443468565905,1,china_taiwan_2024,Kinetic,0.008111756322056556,0.13786125632319093,0.12474202321866969,0.09459277735078915,0.022205263694398306,0.3773838153364769,0.34147099707761713,0.25893992389150766,0.005941338827437671,0.1009744872100216,0.09136549429462096,0.06928311435357883
2024-03-18,0.35541528086020996,0.7377812646212408,0.26221873537875917,1,china_taiwan_2024,Kinetic,0.00758841748768642,0.13388883475989238,0.12114762754798425,0.09279040106464692,0.02135084757560285,0.37671096874574966,0.3408621803057291,0.2610760033729184,0.005598592250539225,0.09878067382781774,0.08938044985821487,0.06845901944218734
2024-03-19,0.3566019751881664,0.737135886788972,0.262864113211028,1,china_taiwan_2024,Kinetic,0.00760712324714256,0.13421887621332393,0.12144626140455209,0.09332971432314784,0.02133225213665333,0.3763828737698419,0.3405653076948582,0.2617195663986466,0.0056074835406954345,0.09893755034132778,0.0895223975976498,0.06879668173135499
2024-03-20,0.35779263176396037,0.7364894878688962,0.26351051213110377,1,china_taiwan_2024,Kinetic,0.007625858744967896,0.13454944236582558,0.12174537002847177,0.09387196062469513,0.02131362713472187,0.3760542571893691,0.3402679631166594,0.26236415255924966,0.00561636480164195,0.09909424990105246,0.08966418522267845,0.06913571220573092
2024-03-21,0.3589872638171216,0.7358420690354385,0.2641579309645615,1,china_taiwan_2024,Kinetic,0.007644623947801664,0.1348805326287853,0.12204495288714509,0.09441715435338956,0.021294972602972497,0.37572511958947186,0.33997014710058987,0.2630097607069658,0.005625235902748238,0.09925077020216733,0.08980581064780944,0.06947611421183651
2024-03-22,0.5242736017010016,0.6560501991795027,0.3439498008204973,1,china_taiwan_2024,Kinetic,0.016080366510189136,0.19492062147943728,0.1763714718614186,0.13690114184995658,0.030671707402425974,0.37179179124605716,0.33641112443804677,0.2611253769134702,0.010549527651888987,0.12787771254577726,0.11570853924426572,0.08981402137856537
2024-03-25,0.5295426389959151,0.6537902079385384,0.34620979206146163,1,china_taiwan_2024,Kinetic,0.016199463758259248,0.19636427698291148,0.17767774537971562,0.13930115287502884,0.030591424684848108,0.3708186320090198,0.3355305735466681,0.2630593697594641,0.010591050779005127,0.12838104148035842,0.11616397009785492,0.09107372970424321
2024-03-26,0.5313107263009591,0.6530353264197426,0.3469646735802574,1,china_taiwan_2024,Kinetic,0.016239288651940947,0.1968470205212426,0.17811454979651267,0.14010986733126288,0.03056457897057824,0.37049321757855735,0.33523612639361683,0.2637060770572475,0.01060482916564468,0.12854805830084343,0.11631509316647118,0.09149669294729809
2024-03-27,0.5330847170639836,0.6522796743516587,0.3477203256483413,1,china_taiwan_2024,Kinetic,0.01627917633088616,0.19733052512074578,0.17855204284993564,0.1409229727624161,0.030537690933150965,0.37016729012147076,0.3349412150348795,0.2643538039104989,0.010618575835823653,0.12871469066540187,0.11646586836497942,0.09192119078213644
2024-03-28,0.5348646309960154,0.6515232547583514,0.3484767452416486,1,china_taiwan_2024,Kinetic,0.016319126721564672,0.19781478989011325,0.1789902237334959,0.1417404906508416,0.030510760622132527,0.36984085023858476,0.334645840014105,0.2650025491251777,0.010632290556447802,0.12888093574854603,0.11661629313677278,0.09234722579988201
2024-04-01,0.5420439149428273,0.64848996212736,0.35151003787264,1,china_taiwan_2024,Kinetic,0.01647955389845244,0.19975943244545177,0.18074980908227126,0.14505511951665181,0.030402617655417526,0.3685299787315602,0.333459714424312,0.2676076891887102,0.010686825283483208,0.12954198678113393,0.11721443684628963,0.0940667889617332
2024-04-02,0.54385374269646,0.647729750781588,0.352270249218412,1,china_taiwan_2024,Kinetic,0.016519816712269295,0.20024748429966294,0.18119141666190336,0.1458950250226245,0.030375476741895783,0.3682009859982276,0.3331620294889307,0.26826150777094604,0.010700376761995704,0.12970625310006065,0.11736307115817754,0.09450054819817813
2024-04-03,0.5456696132750511,0.6469687903620904,0.35303120963790957,1,china_taiwan_2024,Kinetic,0.01656014177707345,0.20073629073873533,0.18163370701815298,0.14673947374108934,0.030348293865368893,0.3678714846039115,0.3328638842980586,0.26891633723266095,0.01071389489373793,0.1298701152010125,0.1175113397185168,0.09493585982464231
2024-04-04,0.5474915468549594,0.6462070839949643,0.3537929160050357,1,china_taiwan_2024,Kinetic,0.016600529012800173,0.2012258507921521,0.18207667927286014,0.14758848777714695,0.03032106907980802,0.36754147520283187,0.332565279443658,0.2695721762737021,0.010727379446135405,0.13003357026480242,0.11765923997640132,0.09537272631769657
2024-04-05,0.40794287148441355,0.7102560908211327,0.2897439091788673,1,china_taiwan_2024,Kinetic,0.009249680222654573,0.15097821305238837,0.13661073647800612,0.11110424173136452,0.022673959687044023,0.3700964610633155,0.33487712625277644,0.2723524529968641,0.006569641716288181,0.10723319540174948,0.09702860765506452,0.07891246440576512
2024-04-08,0.4120427655036272,0.7081938482531259,0.2918061517468741,1,china_taiwan_2024,Kinetic,0.00931713829840536,0.15207929973729473,0.13760704091101053,0.11303928655691656,0.022612066218459896,0.36908620286395,0.3339630068321129,0.2743387240854772,0.006598340026254273,0.10770162452059534,0.09745245984949388,0.08005372735053058
2024-04-09,0.41341853306070914,0.7075045194394999,0.2924954805605001,1,china_taiwan_2024,Kinetic,0.009339692197545957,0.15244743650609577,0.13794014483437658,0.11369125952269082,0.022591372787282505,0.36874843364535226,0.33365738060446487,0.27500281296290036,0.006607874439937602,0.107857250305029,0.09759327588246064,0.08043707993307288
2024-04-10,0.4147988941613006,0.7068142363744245,0.29318576362557547,1,china_taiwan_2024,Kinetic,0.009362279952472486,0.15281612588708865,0.13827374878193144,0.11434673953980808,0.022570648293078203,0.3684101573994647,0.33335129559955307,0.27566789870790415,0.006617392755330425,0.10801261332458051,0.0977338541559299,0.08082190338973466
2024-04-11,0.4161838641427613,0.706123000917904,0.29387699908209597,1,china_taiwan_2024,Kinetic,0.009384901513704014,0.1531853670726192,0.13860785202287945,0.11500574353355869,0.02254989278124623,0.3680713748673179,0.3330447524878897,0.2763339798635463,0.00662689482017566,0.10816771109402858,0.09787419242118044,0.08120820074671133
2024-04-12,0.4175734583936609,0.7054308149456757,0.2945691850543243,1,china_taiwan_2024,Kinetic,0.009407556831235212,0.15355515924647373,0.13894245381867987,0.11566828849727213,0.022529106297666992,0.3677320867977964,0.33273775194709343,0.2770010549574433,0.00663638048210601,0.10832254112635292,0.09801428842786321,0.08159597501800217
2024-04-15,0.42177014142043107,0.7033485729282103,0.2966514270717897,1,china_taiwan_2024,Kinetic,0.00947572481369549,0.1546678334072552,0.13994924303343673,0.11767734016604366,0.022466561482477845,0.3667111969718085,0.3318140126328473,0.27900822891286636,0.006664737525173156,0.10878539990489115,0.09843310036995101,0.08276818927177439
2024-04-16,0.4231783876649753,0.7026526039653477,0.2973473960346523,1,china_taiwan_2024,Kinetic,0.009498514645864245,0.15503982120075485,0.14028583150804783,0.11835422031030836,0.022445651580354557,0.3663698943989971,0.33150518929409567,0.2796792647265527,0.006674156049719506,0.10893913408503234,0.09857220480857386,0.08316190109132664
2024-04-17,0.4245913358959584,0.701955694101619,0.29804430589838105,1,china_taiwan_2024,Kinetic,0.009521337976420482,0.15541235577279822,0.14062291472834468,0.11903472741839495,0.022424710943121047,0.366028090151327,0.3311959120211601,0.2803512868843917,0.0066835574080143425,0.1090925880684623,0.09871105571472794,0.08355710470717642
2024-04-18,0.42600900181281964,0.7012578453072498,0.29874215469275023,1,china_taiwan_2024,Kinetic,0.009544194752200993,0.15578543625562707,0.14096049190914717,0.1197188788958444,0.02240373961955511,0.3656857850249753,0.3308861815344516,0.28102429382101796,0.00669294144712123,0.10924575935887097,0.09884965082965858,0.08395380305709944
2024-04-19,0.4274314011674171,0.7005590595682254,0.2994409404317746,1,china_taiwan_2024,Kinetic,0.009567084919514482,0.15615906177286348,0.1412985622574757,0.12040669221756345,0.022382737658919048,0.3653429798240275,0.3305759985615367,0.2816982839555167,0.006702308014024417,0.10939864545865366,0.09898798789343952,0.084351999065657
2024-04-22,0.4317271581661698,0.6984571007794891,0.3015428992205109,1,china_taiwan_2024,Kinetic,0.009635955225809012,0.15728319963778686,0.14231572426068942,0.1224922790418845,0.02231954845448981,0.3643115719332377,0.32964274210869254,0.28372613750357994,0.006730301350259531,0.10985556762033022,0.09940142816245434,0.08555560208746683
2024-04-23,0.40664047267647746,0.7109137120854027,0.28908628791459734,1,china_taiwan_2024,Kinetic,0.008523772362404218,0.14820601189999164,0.1341023451449951,0.11580834326908652,0.02096144613029141,0.3644644885554816,0.32978110679033845,0.28479295852388864,0.0060596666511277455,0.10536168607319642,0.09533519598638636,0.08232973920388685
2024-04-24,0.40799820254468905,0.7102281794058332,0.28977182059416684,1,china_taiwan_2024,Kinetic,0.008544107804721472,0.14855959182656917,0.1344222774928289,0.11647222542056955,0.020941532956350744,0.3641182507667961,0.3294678178835979,0.28547239839325533,0.0060682661307945,0.10551120843625789,0.09547048941531756,0.0827218566117969
2024-04-25,0.40936046573045975,0.7095416852648186,0.29045831473518136,1,china_taiwan_2024,Kinetic,0.00856447235124842,0.14891367779890494,0.13474266772979993,0.1171396478505065,0.02092159128255348,0.3637715174404653,0.3291540805958536,0.28615281068112763,0.006076850145508746,0.10566046190441719,0.0956055395380797,0.08311546314717573
2024-04-26,0.41072727737006115,0.7088542314601326,0.2911457685398674,1,china_taiwan_2024,Kinetic,0.008584865951131969,0.14926826893279727,0.13506351505584951,0.11781062743028241,0.020901621158696725,0.36342428944233,0.3288398957105511,0.28683419368842217,0.006085418555977912,0.10580944405574239,0.09574034416321825,0.08351056176492885
2024-04-29,0.417415855846059,0.7055092518371029,0.2944907481628971,1,china_taiwan_2024,Kinetic,0.008752161951909176,0.15124355346494048,0.13685082641180032,0.12056931401740902,0.020967488008258442,0.3623330339437762,0.3278524869028221,0.2888469911451433,0.006174731230648602,0.10670372625023504,0.0965495241550785,0.08506276652693497
2024-04-30,0.41880956358797916,0.7048162245757169,0.2951837754242831,1,china_taiwan_2024,Kinetic,0.00877292363334403,0.15160233001562226,0.13717546085957108,0.12125884907944176,0.020947285821712392,0.3619839258607933,0.3275366008464004,0.28953218747109377,0.00618329891374462,0.10685178187849276,0.09668349042747691,0.08546520420456877
2024-05-01,0.42020792477380353,0.7041222503805349,0.2958777496194651,1,china_taiwan_2024,Kinetic,0.008793714466307927,0.1519616103253599,0.13750055112738527,0.12195204885475039,0.020927055269225475,0.36163432759427444,0.32722027125357367,0.2902183458829263,0.006191850019220603,0.10699955103374235,0.09681719748837833,0.08586915107812379
2024-05-02,0.42161095494089296,0.7034273311727381,0.29657266882726185,1,china_taiwan_2024,Kinetic,0.00881453439649396,0.15232139345569157,0.13782609636608747,0.12264893072261995,0.020906796403641122,0.36128424005739135,0.32690349895061377,0.29090546458835376,0.006200384406056048,0.10714703127904969,0.09695064313275352,0.08627461000940259
2024-05-03,0.4230186696784859,0.7027314688892579,0.29726853111074214,1,china_taiwan_2024,Kinetic,0.00883538336911935,0.15268167845993205,0.1381520957190815,0.123349512130353,0.020886509278265797,0.36093366417131734,0.3265862847710329,0.29159354177938396,0.006208901933180961,0.1072942201766254,0.09708382515479949,0.08668158384613629
2024-05-06,0.4272700779884772,0.7006382431903496,0.2993617568096504,1,china_taiwan_2024,Kinetic,0.008898103986661392,0.1537655351258276,0.13913280978617149,0.1254736290898167,0.020825478883408632,0.3598790157497863,0.325631999416359,0.293663505950446,0.006234351944939484,0.10773401439378387,0.09748176741872028,0.08791162305220673
2024-05-07,0.42869668794409654,0.6999386282885601,0.3000613717114399,1,china_taiwan_2024,Kinetic,0.008919068571691747,0.1541278179942584,0.13946061688144107,0.1261891844967053,0.02080507926120209,0.3595264958388416,0.3253130262103336,0.2943553986896227,0.006242800621681529,0.10788001350801009,0.09761387288027229,0.08832468470147595
2024-05-08,0.4301280612006591,0.6992380802320972,0.3007619197679028,1,china_taiwan_2024,Kinetic,0.008940061918102413,0.15449059787969885,0.1397888736962984,0.12690852770655947,0.020784651652689508,0.3591734923047195,0.32499361540396093,0.29504824063863005,0.00625123173277001,0.10802570907530949,0.09774570368120675,0.08873927527861653
2024-05-09,0.4315642136623269,0.6985366010524464,0.3014633989475536,1,china_taiwan_2024,Kinetic,0.008961083968251321,0.1548538737860531,0.14011757932943864,0.12763167657858387,0.020764196113959604,0.3588200061166725,0.32467376787425717,0.29574202989511084,0.006259645136927846,0.10817109865431405,0.0978772576124826,0.08915539754382912
2024-05-10,0.4330051612863642,0.6978341927968571,0.3021658072031429,1,china_taiwan_2024,Kinetic,0.008982134664019295,0.1552176447089807,0.140446732872097,0.12835864904126718,0.020743712701565328,0.3584660382519756,0.3243534845054971,0.2964367645409619,0.006268040692858575,0.10831617980332091,0.09800853246475563,0.08957305424220777
2024-05-13,0.4373569355055993,0.6957214142833935,0.3042785857166065,1,china_taiwan_2024,Kinetic,0.00904545803668707,0.15631191741008968,0.14143687175759567,0.1305626883012269,0.020682095794891685,0.3574012544911123,0.3233900283165509,0.2985266213974452,0.006293118858125016,0.1087495482498966,0.09840066045101344,0.09083525815757146
2024-05-14,0.43881722442002286,0.6950153105117942,0.3049846894882058,1,china_taiwan_2024,Kinetic,0.00906662272419381,0.15667765819094856,0.1417678077014185,0.131305135803462,0.020661501462657966,0.35704536985307883,0.3230680105795541,0.2992251181047092,0.00630144160794885,0.10889337125784283,0.09853079689017769,0.09125907973223643
2024-05-15,0.44028238908589906,0.6943082881369311,0.30569171186306887,1,china_taiwan_2024,Kinetic,0.009087815759563666,0.15704388884294715,0.14209918689897855,0.13205149758440973,0.020640879546491773,0.35668900854516783,0.322745561533816,0.29992455037452453,0.006309745802926475,0.10903687362491316,0.09866064320147964,0.09168444923374965
2024-05-16,0.44463038647650005,0.6922185836330303,0.30778141636696965,1,china_taiwan_2024,Kinetic,0.009226871782672681,0.15841483016005978,0.14333966590063354,0.13364901863313408,0.02075177959786234,0.35628430934607846,0.32237937455543075,0.3005845365006285,0.0063870121167652555,0.10965768935986359,0.0992223805081683,0.09251433438217252
2024-05-17,0.4461149606804896,0.6915079555842754,0.30849204441572464,1,china_taiwan_2024,Kinetic,0.009248397460600064,0.15878440141814856,0.1436740678035829,0.13440809399815806,0.02073097357347723,0.35592709371580783,0.3220561524868546,0.30128578022386027,0.006395340420410352,0.10980067680333677,0.09935176089733214,0.09294426629464536
2024-05-20,0.46417562768382753,0.6829781763147467,0.31702182368525333,1,china_taiwan_2024,Kinetic,0.009876685106304448,0.1646114184384075,0.14894657083904558,0.14074095330007008,0.02127790542469398,0.3546317570782331,0.32088408342822405,0.30320625406884905,0.006745560381938831,0.1124260063656472,0.10172725731998657,0.09612299961768078
2024-05-21,0.4657254613972651,0.6822560065557621,0.31774399344423787,1,china_taiwan_2024,Kinetic,0.009899640184477839,0.16499400307463064,0.14929274773346596,0.1415390704046907,0.02125638601500771,0.3542731002501285,0.3205595573099209,0.3039109564249429,0.0067540889786007995,0.11256814964334665,0.10185587387637131,0.09656588094591913
2024-05-22,0.46728046984284294,0.6815329587990139,0.3184670412009861,1,china_taiwan_2024,Kinetic,0.009922625290512702,0.16537708817521168,0.14963937746676376,0.1423413789103548,0.021234838455478154,0.3539139742579692,0.32023460667442594,0.3046165806121267,0.006762596173297046,0.11270993622161743,0.101984167677766,0.09701034112830567
2024-05-23,0.4688406702984486,0.6808090354665993,0.3191909645334007,1,china_taiwan_2024,Kinetic,0.009945640355422128,0.1657606725903688,0.14998645899857338,0.14314789835408434,0.021213262810777612,0.35355438017962687,0.3199092324970377,0.30532312451255794,0.006771081817472624,0.11285136362454375,0.10211213648386938,0.09745638260751496
2024-05-24,0.47040608009965884,0.6800842389962258,0.31991576100377417,1,china_taiwan_2024,Kinetic,0.00996868530970595,0.16614475516176586,0.1503339912807889,0.14395864834739813,0.021191659146059534,0.3531943191009923,0.31958343576031073,0.30603058599263744,0.006779545762644227,0.11299242937740381,0.10223977805546058,0.09790400780826555
2024-05-28,0.47672016150200036,0.6771763710349026,0.3228236289650974,1,china_taiwan_2024,Kinetic,0.01006116261262331,0.16768604354372185,0.15172860668076676,0.14724434866488845,0.02110496560691632,0.35174942678193866,0.3182760431249982,0.3088695644861469,0.006813181586408296,0.11355302644013826,0.10274702725426375,0.09971039368428711
2024-05-29,0.4783118800975197,0.6764472459857612,0.3235527540142388,1,china_taiwan_2024,Kinetic,0.01008435595331982,0.16807259922199702,0.1520783767226244,0.14807654819957844,0.02108322283624607,0.3513870472707679,0.31794814858376125,0.30958158130922475,0.006821534812163307,0.11369224686938846,0.10287299910800435,0.10016597322468265
2024-05-30,0.47990891327440544,0.6757172627519539,0.3242827372480461,1,china_taiwan_2024,Kinetic,0.010107578755617554,0.16845964592695922,0.15242859106380174,0.1489130975280269,0.021061452446577453,0.35102420744295754,0.3176198375308048,0.3102945025796601,0.006829865449795695,0.11383109082992823,0.10299863031876907,0.1006231506495531
2024-05-31,0.48151127877748706,0.6749864238800664,0.32501357611993364,1,china_taiwan_2024,Kinetic,0.010130830946427026,0.16884718244045044,0.1527792486020638,0.14975401678854586,0.02103965450642875,0.3506609084404792,0.31729111099942725,0.31100832605366496,0.006838173351462286,0.11396955585770477,0.10312391865699067,0.10108192825377597
2024-06-03,0.4863505475821122,0.6727887991340453,0.3272112008659547,1,china_taiwan_2024,Kinetic,0.010200763111351534,0.17001271852252556,0.15383386926119638,0.15230319668703873,0.020974096075484124,0.3495682679247354,0.3163024489763201,0.3131551870234604,0.006862959163937067,0.11438265273228446,0.10349770416638406,0.1024678848033491
2024-06-04,0.4879744210262066,0.6720545634852602,0.32794543651473984,1,china_taiwan_2024,Kinetic,0.010224132115075453,0.17040220191792424,0.1541862884110568,0.1531617985821501,0.020952188628195263,0.34920314380325446,0.3159720710089766,0.31387259655957367,0.006871174645612664,0.11451957742687775,0.10362159875350521,0.10293308568874422
2024-06-05,0.48960371641333256,0.6713194851633425,0.3286805148366575,1,china_taiwan_2024,Kinetic,0.010247530134187596,0.17079216890312662,0.15453914513106656,0.15402487224495173,0.020930253980213746,0.34883756633689583,0.3156412828382245,0.31459089684466585,0.006879366653878654,0.11465611089797759,0.10374513934697066,0.10339989793783058
2024-06-06,0.49123845184678905,0.6705835668075576,0.3294164331924424,1,china_taiwan_2024,Kinetic,0.01027095709252986,0.17118261820883102,0.1548924382727141,0.1548924382727141,0.02090829220293455,0.3484715367155759,0.3153100855407448,0.3153100855407448,0.006887535041636053,0.11479225069393426,0.10386832372843606,0.10386832372843606
2024-06-07,0.4928786454903201,0.6698468110725508,0.33015318892744916,1,china_taiwan_2024,Kinetic,0.010294412913433698,0.17157354855722828,0.15524616667978977,0.15576451733986832,0.020886303368231187,0.3481050561371864,0.3149784802004345,0.3160301602941478,0.006895679661927649,0.11492799436546079,0.10399114968169486,0.10433836521836583
2024-06-10,0.4978321582297162,0.6676315463689184,0.3323684536310816,1,china_taiwan_2024,Kinetic,0.010364952777179411,0.1727492129529902,0.15630995181612778,0.15840804068341882,0.020820175245482395,0.3470029207580399,0.31398122686964147,0.3181956771268362,0.006919969450669108,0.11533282417781847,0.10435745484385255,0.10575820515874147
2024-06-11,0.49949436756696164,0.6668914679703483,0.33310853202965174,1,china_taiwan_2024,Kinetic,0.010388523271446909,0.17314205452411513,0.15666540956904168,0.1592983802023579,0.020798078909376762,0.3466346484896127,0.3136480003411436,0.31891927225986694,0.006928017534539354,0.11546695890898921,0.10447882496767405,0.10623473061844911
2024-06-12,0.5011621268467632,0.6661505656957456,0.3338494343042544,1,china_taiwan_2024,Kinetic,0.010412122237288587,0.17353537062147645,0.15702129669105006,0.16019333729694807,0.02077595588238101,0.3462659313730168,0.31331437129737727,0.31964374144722485,0.006936041118463047,0.11560068530771744,0.10459982561702252,0.10671288226105137
2024-06-13,0.5028354545997968,0.6654088422915859,0.3345911577084141,1,china_taiwan_2024,Kinetic,0.010435749594980703,0.17392915991634506,0.1573776119798692,0.1610929331086019,0.020753806239232755,0.3458967706538793,0.31298034086543264,0.3203690822414553,0.0069440400564409945,0.11573400094068327,0.10472045459013916,0.10719266212115065
2024-06-14,0.5045143694186104,0.6646663005195691,0.3353336994804309,1,china_taiwan_2024,Kinetic,0.01045940526429172,0.1743234210715287,0.1577343542255574,0.16199718885723255,0.020731630055145653,0.34552716758576096,0.3126459101795782,0.32109529217951516,0.006952014202651681,0.11586690337752806,0.10484070968794447,0.1076740722123067
2024-06-17,0.5095848231276311,0.6624337928412339,0.33756620715876606,1,china_taiwan_2024,Kinetic,0.010530541332015562,0.17550902220025935,0.15880713048969858,0.16473812910565758,0.020664943016519298,0.3444157169419883,0.31164022804879254,0.3232791119926998,0.00697578643523845,0.11626310725397415,0.1051992097805238,0.10912810368902964
2024-06-18,0.5112862733797268,0.661688005518422,0.338311994481578,1,china_taiwan_2024,Kinetic,0.01055430943534715,0.17590515725578584,0.15916556831053472,0.16566123837805907,0.02064266143031886,0.344044357171981,0.3113042078333368,0.32400877356436336,0.006983659959899117,0.11639433266498529,0.10531794744260385,0.10961605441408975
2024-06-20,0.5147062357436201,0.6601940207297466,0.33980597927025336,1,china_taiwan_2024,Kinetic,0.010601929267324292,0.17669882112207155,0.15988370507409308,0.16752178028013115,0.020598019862742078,0.3433003310457013,0.3106309851542825,0.3254706639372741,0.006999330310487202,0.11665550517478669,0.1055542661020345,0.11059687768294496
2024-06-21,0.5164247858550347,0.6594458289839618,0.34055417101603824,1,china_taiwan_2024,Kinetic,0.010625780828929128,0.1770963471488188,0.1602434014977372,0.1684592563795496,0.0205756600379593,0.3429276672993217,0.31029378505221283,0.32620288761050614,0.007007126847335056,0.11678544745558428,0.1056718427398851,0.11108975397323381
2024-06-24,0.5216149412392834,0.6571964909765853,0.3428035090234147,1,china_taiwan_2024,Kinetic,0.010697501083386742,0.17829168472311238,0.16132498766214232,0.17130076777064193,0.020508425349110956,0.3418070891518493,0.30927984401454633,0.32840464148449333,0.007030360174219985,0.1171726695703331,0.10602221579840083,0.11257826348046078
2024-06-25,0.523356558793396,0.6564451337591438,0.3435548662408562,1,china_taiwan_2024,Kinetic,0.010721462740481549,0.17869104567469252,0.16168634439443447,0.17225770598378748,0.020485962314487835,0.341432705241464,0.30894108744371906,0.329140245000329,0.007038052042769089,0.11730086737948485,0.10613821397303155,0.11307773284557067
2024-06-26,0.5251039914257685,0.6556929924923569,0.3443070075076431,1,china_taiwan_2024,Kinetic,0.01074545170699041,0.17909086178317352,0.1620481129697216,0.17321956496588298,0.02046347367845031,0.3410578946408385,0.3086019447875966,0.3298766868931146,0.007045717385438647,0.11742862309064414,0.10625381212085629,0.11357885491070405
2024-06-27,0.5268572585523368,0.6549400701334273,0.34505992986657275,1,china_taiwan_2024,Kinetic,0.01076946789612781,0.17949113160213018,0.16241029207922408,0.1741863669748547,0.020440959522356084,0.3406826587059348,0.308262417273104,0.33061396449860514,0.007053356059189642,0.1175559343198274,0.10636900808475745,0.11408163140279826
2024-06-28,0.5286163796538649,0.6541863696543909,0.3458136303456091,1,china_taiwan_2024,Kinetic,0.010793511220608351,0.17989185367680588,0.16277288040662366,0.17515813434982705,0.020418419928031523,0.3403069988005254,0.3079225061342338,0.33135207513720943,0.007060967921233711,0.11768279868722852,0.10648379971139746,0.11458606402574943
2024-07-01,0.5339290625928143,0.6519206294388158,0.3480793705611842,1,china_taiwan_2024,Kinetic,0.010865803125771144,0.18109671876285238,0.16386308742016367,0.17810345328402705,0.02035064934095494,0.3391774890159156,0.30690048341708115,0.33357137822604827,0.007083641213110974,0.11806068688518287,0.10682572709274075,0.11610931537014958
2024-07-02,0.535711795705967,0.6511638464952337,0.34883615350476627,1,china_taiwan_2024,Kinetic,0.010889954108797107,0.18149923514661848,0.16422729930556773,0.17909530714498376,0.020328008821321925,0.33880014702203215,0.306559050261619,0.334312793895027,0.007091144405640898,0.11818574009401499,0.10693887991533749,0.11662038908977293
2024-07-03,0.5375004811779169,0.6504063005130739,0.3495936994869261,1,china_taiwan_2024,Kinetic,0.010914131783265809,0.18190219638776345,0.16459191371457393,0.1800922392923137,0.02030534327959633,0.33842238799327207,0.30621723975739606,0.33505502896973544,0.007098620076466073,0.11831033460776785,0.10705161769346312,0.117133127109229
2024-07-05,0.5410957887617718,0.6488889316889722,0.3511110683110278,1,china_taiwan_2024,Kinetic,0.01096256684495877,0.1827094474159795,0.16532234465065182,0.1821014298501817,0.02025993746882635,0.33766562448043924,0.3055324918143805,0.3365419462363539,0.007113488288594241,0.11855813814323736,0.1072758396046775,0.1181636022745187
2024-07-08,0.4459898735438466,0.6915677753324717,0.3084322246675283,1,china_taiwan_2024,Kinetic,0.007377584257015469,0.1506797977414213,0.13725269380398852,0.1506797977414213,0.016542044325789287,0.3378547511496525,0.3077484533749056,0.3378547511496525,0.005102099531952052,0.10420529251158149,0.09491954011241323,0.10420529251158149
2024-07-09,0.44747898693249877,0.6908563157239351,0.30914368427606487,1,china_taiwan_2024,Kinetic,0.00739461897145083,0.1510277147880158,0.1380289383850163,0.1510277147880158,0.016525064164781198,0.3375079483023814,0.30845903923045587,0.3375079483023814,0.005108619218798832,0.10433845061065382,0.09535816383595835,0.10433845061065382
2024-07-10,0.4489730723144983,0.690143950296235,0.309856049703765,1,china_taiwan_2024,Kinetic,0.0074116754520668834,0.15137607638713457,0.13880924408816223,0.15137607638713457,0.016508062307298302,0.3371607023262591,0.3091705330401834,0.3371607023262591,0.005115122974803072,0.10447128333816166,0.09579836005263859,0.10447128333816166
2024-07-11,0.4504721462908093,0.6894306812834909,0.31056931871650906,1,china_taiwan_2024,Kinetic,0.0074287536456684525,0.1517248814523192,0.13959362974050246,0.1517248814523192,0.01649103880636541,0.33681301430426475,0.30988293258510513,0.33681301430426475,0.005121610687020418,0.10460378838732932,0.09624013125483001,0.10460378838732932
2024-07-12,0.4519762255178246,0.6887165109355462,0.3112834890644538,1,china_taiwan_2024,Kinetic,0.007445853498683274,0.1520741288894096,0.14038211424032215,0.1520741288894096,0.016473993715383224,0.3364648853270541,0.3105962356305086,0.3364648853270541,0.005128082242550375,0.10473596345227675,0.09668347991734993,0.10473596345227675
2024-07-15,0.5404341058938857,0.6491676574634904,0.35083234253650963,2,china_taiwan_2024,Kinetic,0.008610025661747605,0.16425194626421802,0.17735617996232808,0.19021595400559202,0.01593168448816993,0.30392594485232005,0.3281735516469273,0.3519688190125827,0.0055893501895372295,0.10662705119016148,0.11513389588281774,0.12348204527399317
2024-07-16,0.5477449527779223,0.6461012831637285,0.3538987168362715,2,china_taiwan_2024,Kinetic,0.008778898527376325,0.1653436458578627,0.18058646934306016,0.19303593904962324,0.016027347185681218,0.3018624727061604,0.3296907957384267,0.35241938436973186,0.00567205760330201,0.1068287417517342,0.11667714956455849,0.12472076791667686
2024-07-17,0.5652949386916541,0.6388572372410827,0.3611427627589173,2,china_taiwan_2024,Kinetic,0.009275546939634765,0.16776121120974408,0.18798372308779057,0.20027445745448483,0.01640833183665599,0.29676758047404195,0.3325409626395544,0.3542831250497478,0.005925750291755044,0.10717546390967483,0.12009476197815859,0.1279467865793289
2024-07-18,0.591906543473969,0.6281775799587648,0.3718224200412352,2,china_taiwan_2024,Kinetic,0.010195472156975346,0.1713287097940767,0.19903729139466428,0.2113450701282527,0.017224800552359032,0.2894522989871482,0.336264725553617,0.3570581749068758,0.006404567026105741,0.10762485429590062,0.12503076402984767,0.1327622346893812
2024-07-19,0.6263915060849339,0.6148581053569384,0.3851418946430616,2,china_taiwan_2024,Kinetic,0.011673804873876589,0.17586442639290104,0.21321121246182467,0.2256420623563316,0.018636595101424812,0.28075799988426914,0.34038011433845156,0.3602252906758545,0.007177733547058353,0.10813166801162388,0.13109464213513317,0.1387378509492462
2024-07-22,0.7527978206001908,0.5705164556044354,0.4294835443955646,2,china_taiwan_2024,Kinetic,0.02034750135751426,0.18948475029888628,0.2651493355295309,0.2778162334142593,0.027029171446447068,0.25170735769109137,0.3522185217249069,0.36904494913755453,0.011608584354895476,0.1081041681316121,0.1512720591121792,0.15849873279687776
2024-07-23,0.7839002468539746,0.5605694610803299,0.4394305389196701,2,china_taiwan_2024,Kinetic,0.024449913003722405,0.18867654086184366,0.27920448114006796,0.2915693118483408,0.03119008203128803,0.2406894775439335,0.3561734828641766,0.3719469575606021,0.013705874555957617,0.10576630682942453,0.156513505523901,0.16344485201038703
2024-07-24,0.8391438882612475,0.5437312471214061,0.4562687528785939,2,china_taiwan_2024,Kinetic,0.03010158873265089,0.19533294696245923,0.3007184009056406,0.31299095166049684,0.035871784510071385,0.23277646384006906,0.3583633332881036,0.372988418361756,0.016367174381939933,0.10620862685579742,0.16350999115677894,0.17018296048407766
2024-07-25,0.8947476960194427,0.527774754444002,0.472225245555998,2,aug_volatility_2024,Technology,0.03648746853729548,0.20192140519422866,0.3221536459130635,0.334185176374855,0.04077961720339832,0.22567412701092995,0.3600497071367291,0.3734965486489425,0.019257164747554373,0.10656902004337188,0.17002456136500707,0.1763744994000646
2024-07-26,0.9493990126950267,0.5129786121197983,0.48702138788020166,2,aug_volatility_2024,Technology,0.04341339051185093,0.20829411269107612,0.3430321971160208,0.35465931237607906,0.04572723368293255,0.21939575447819215,0.361315097792515,0.37356191404636047,0.022270140812184116,0.10685042484099311,0.17596818038898146,0.18193264183804309
2024-07-29,1.0942649377709712,0.4774945050955917,0.5225054949044083,2,aug_volatility_2024,Technology,0.06456360689741494,0.2247418966826007,0.39778433342539365,0.4071751007655619,0.05900180538447267,0.20538161182464845,0.36351738934054156,0.37209919345033726,0.03082876752266748,0.10731302073070302,0.18993983342373816,0.19442387322729965
2024-07-30,1.1316413287299953,0.4691220734567889,0.5308779265432111,2,aug_volatility_2024,Technology,0.07054769740688148,0.22889845617828705,0.4119367503903375,0.4202584247544895,0.062341040059092655,0.20227120587330655,0.3640170608231858,0.3713706932444152,0.03309548208511837,0.10738131837341595,0.19324862247616684,0.19715250360851003
2024-07-31,1.1401532084872084,0.46725626746454346,0.5327437325354565,2,aug_volatility_2024,Technology,0.07472596196044996,0.22531594076920888,0.4165552701317883,0.42355603562576133,0.06554028125711171,0.1976190033865407,0.3653502590976235,0.3714904562587242,0.034916174068337316,0.1052802854840827,0.19463806071446405,0.19790921226857244
2024-08-01,1.1604872226156178,0.46285855779759666,0.5371414422024033,2,aug_volatility_2024,Technology,0.07792596007134486,0.22757348271033256,0.42464397287172523,0.43034380696221514,0.06714934775042834,0.19610167029448677,0.36591869741971117,0.37083028453537376,0.03606869749361579,0.10533433400028082,0.1965500968608485,0.19918831384765825
2024-08-02,1.170189400999829,0.46078927467772607,0.539210725322274,2,aug_volatility_2024,Technology,0.07917294299668741,0.22868784189503025,0.42900850447878536,0.43332011162932615,0.06765822945331819,0.1954280577995627,0.36661458744390735,0.3702991253032119,0.036482042977544545,0.10537690479442549,0.1976825176093555,0.1996692599409485
2024-08-05,1.0968168436514658,0.476913376114705,0.5230866238852949,2,aug_volatility_2024,Technology,0.06504983517487035,0.22095936136109534,0.40472815114410954,0.4060794959713904,0.0593078375404136,0.20145511316683365,0.369002494342364,0.3702345549503886,0.0310231365089525,0.10537847501086904,0.19302026897079982,0.19366474339467346
2024-08-06,1.0416779466426813,0.4897932123155818,0.5102067876844182,2,aug_volatility_2024,Technology,0.056065277937862694,0.2149305071629461,0.3846988462309795,0.38598331531089297,0.053822083993004345,0.20633105256347722,0.36930689323975846,0.37053997020375995,0.02746039258055169,0.10527150352795656,0.18842288366956952,0.18905200790634039
2024-08-07,0.9775211594230355,0.5056835904055568,0.49431640959444323,2,aug_volatility_2024,Technology,0.0464754079255886,0.2078027703236274,0.36101878866065545,0.362224192513164,0.047544145185583385,0.21258135265970027,0.3693206895631194,0.37055381259159687,0.02350185114537451,0.10508245099347319,0.18256127725378515,0.18317083020181035
2024-08-08,0.9073454686906366,0.524288869748638,0.475711130251362,2,aug_volatility_2024,Technology,0.03707761747488816,0.19986373141461286,0.33464339031802004,0.3357607294831155,0.04086383715388337,0.22027302533733958,0.36881585004324097,0.37004728746553606,0.019439382158881458,0.10478632984711272,0.175449804878687,0.17603561336668083
2024-08-09,0.8341648112268332,0.5452072757470042,0.4547927242529958,2,china_taiwan_2024,Kinetic,0.028527072753547662,0.191421501963147,0.3065962718652426,0.30761996464489594,0.03419836508278499,0.22947683645587638,0.36754879580010275,0.36877600266123584,0.015553167620998311,0.1043643956047272,0.16715851813783678,0.16771664288943347
2024-08-12,0.6166749869282795,0.6185535176121105,0.3814464823878895,2,china_taiwan_2024,Kinetic,0.011285646477803179,0.16329475769749166,0.22067887956532012,0.22141570318766446,0.018300801422185334,0.26479873703144563,0.3578528142750591,0.3590476472713098,0.006980776327371881,0.1010065467814007,0.136501697217828,0.1369574620612888
2024-08-13,0.561536089919495,0.640395061283249,0.35960493871675103,2,china_taiwan_2024,Kinetic,0.008675923210360191,0.15643319860680238,0.19788312855029896,0.1985438395520335,0.01545033946367369,0.2785808453188281,0.352396100807463,0.3535727144100353,0.005556018375987378,0.10017904780853788,0.12672337823488974,0.12714649429733604
2024-08-14,0.518432009919569,0.6585741037249141,0.3414258962750859,2,china_taiwan_2024,Kinetic,0.007215025937572254,0.15099360878165824,0.1798115017321188,0.1804118734682197,0.013917014766683899,0.2912505514562726,0.3468371903965098,0.3479952433805338,0.004751629240188656,0.0994404805715709,0.11841919859266097,0.1188145878706654
2024-08-15,0.4903617336266094,0.6709780434087131,0.32902195659128686,2,china_taiwan_2024,Kinetic,0.006541905489507579,0.1474148887988876,0.16792213247923005,0.1684828068589842,0.013340978793604182,0.30062478103386847,0.34244542541546674,0.3435888147570606,0.004389474945514514,0.09891215365559058,0.11267206389593246,0.1130482640942493
2024-08-16,0.48033620780531694,0.6755222190252019,0.32447778097479807,2,china_taiwan_2024,Kinetic,0.006355310276645137,0.1461296905185689,0.1636523944188477,0.16419881259125524,0.013230962341321104,0.30422376690327724,0.34070384817872607,0.34184142257667566,0.004293153300672991,0.09871385280456961,0.11055082862660753,0.11091994624294796
2024-08-19,0.4205358748420456,0.7039596941620313,0.2960403058379687,1,china_taiwan_2024,Kinetic,0.005839049645996955,0.13838578105884616,0.13792526307835629,0.13838578105884616,0.013884783666054931,0.3290700968397149,0.3279750226545152,0.3290700968397149,0.004110455602992934,0.09741801211055917,0.0970938260138574,0.09741801211055917
2024-08-20,0.4205358748420456,0.7039596941620313,0.2960403058379687,1,china_taiwan_2024,Kinetic,0.005839049645996955,0.13838578105884616,0.13792526307835629,0.13838578105884616,0.013884783666054931,0.3290700968397149,0.3279750226545152,0.3290700968397149,0.004110455602992934,0.09741801211055917,0.0970938260138574,0.09741801211055917
2024-08-21,0.4205358748420456,0.7039596941620313,0.2960403058379687,1,china_taiwan_2024,Kinetic,0.005839049645996955,0.13838578105884616,0.13792526307835629,0.13838578105884616,0.013884783666054931,0.3290700968397149,0.3279750226545152,0.3290700968397149,0.004110455602992934,0.09741801211055917,0.0970938260138574,0.09741801211055917
2024-08-22,0.4205358748420456,0.7039596941620313,0.2960403058379687,1,china_taiwan_2024,Kinetic,0.005839049645996955,0.13838578105884616,0.13792526307835629,0.13838578105884616,0.013884783666054931,0.3290700968397149,0.3279750226545152,0.3290700968397149,0.004110455602992934,0.09741801211055917,0.0970938260138574,0.09741801211055917
2024-08-23,0.4205358748420456,0.7039596941620313,0.2960403058379687,1,china_taiwan_2024,Kinetic,0.005839049645996955,0.13838578105884616,0.13792526307835629,0.13838578105884616,0.013884783666054931,0.3290700968397149,0.3279750226545152,0.3290700968397149,0.004110455602992934,0.09741801211055917,0.0970938260138574,0.09741801211055917
2024-08-26,0.4205358748420456,0.7039596941620313,0.2960403058379687,1,china_taiwan_2024,Kinetic,0.005839049645996955,0.13838578105884616,0.13792526307835629,0.13838578105884616,0.013884783666054931,0.3290700968397149,0.3279750226545152,0.3290700968397149,0.004110455602992934,0.09741801211055917,0.0970938260138574,0.09741801211055917
2024-08-27,0.4205358748420456,0.7039596941620313,0.2960403058379687,1,china_taiwan_2024,Kinetic,0.005839049645996955,0.13838578105884616,0.13792526307835629,0.13838578105884616,0.013884783666054931,0.3290700968397149,0.3279750226545152,0.3290700968397149,0.004110455602992934,0.09741801211055917,0.0970938260138574,0.09741801211055917
2024-08-28,0.4205358748420456,0.7039596941620313,0.2960403058379687,1,china_taiwan_2024,Kinetic,0.005839049645996955,0.13838578105884616,0.13792526307835629,0.13838578105884616,0.013884783666054931,0.3290700968397149,0.3279750226545152,0.3290700968397149,0.004110455602992934,0.09741801211055917,0.0970938260138574,0.09741801211055917
2024-08-29,0.4205358748420456,0.7039596941620313,0.2960403058379687,1,china_taiwan_2024,Kinetic,0.005839049645996955,0.13838578105884616,0.13792526307835629,0.13838578105884616,0.013884783666054931,0.3290700968397149,0.3279750226545152,0.3290700968397149,0.004110455602992934,0.09741801211055917,0.0970938260138574,0.09741801211055917
2024-08-30,0.4205358748420456,0.7039596941620313,0.2960403058379687,1,china_taiwan_2024,Kinetic,0.005839049645996955,0.13838578105884616,0.13792526307835629,0.13838578105884616,0.013884783666054931,0.3290700968397149,0.3279750226545152,0.3290700968397149,0.004110455602992934,0.09741801211055917,0.0970938260138574,0.09741801211055917
2024-09-03,0.4205358748420456,0.7039596941620313,0.2960403058379687,1,china_taiwan_2024,Kinetic,0.005839049645996955,0.13838578105884616,0.13792526307835629,0.13838578105884616,0.013884783666054931,0.3290700968397149,0.3279750226545152,0.3290700968397149,0.004110455602992934,0.09741801211055917,0.0970938260138574,0.09741801211055917
2024-09-04,0.4205358748420456,0.7039596941620313,0.2960403058379687,1,china_taiwan_2024,Kinetic,0.005839049645996955,0.13838578105884616,0.13792526307835629,0.13838578105884616,0.013884783666054931,0.3290700968397149,0.3279750226545152,0.3290700968397149,0.004110455602992934,0.09741801211055917,0.0970938260138574,0.09741801211055917
2024-09-05,0.4205358748420456,0.7039596941620313,0.2960403058379687,1,china_taiwan_2024,Kinetic,0.005839049645996955,0.13838578105884616,0.13792526307835629,0.13838578105884616,0.013884783666054931,0.3290700968397149,0.3279750226545152,0.3290700968397149,0.004110455602992934,0.09741801211055917,0.0970938260138574,0.09741801211055917
2024-09-06,0.4205358748420456,0.7039596941620313,0.2960403058379687,1,china_taiwan_2024,Kinetic,0.005839049645996955,0.13838578105884616,0.13792526307835629,0.13838578105884616,0.013884783666054931,0.3290700968397149,0.3279750226545152,0.3290700968397149,0.004110455602992934,0.09741801211055917,0.0970938260138574,0.09741801211055917
2024-09-09,0.4205358748420456,0.7039596941620313,0.2960403058379687,1,china_taiwan_2024,Kinetic,0.005839049645996955,0.13838578105884616,0.13792526307835629,0.13838578105884616,0.013884783666054931,0.3290700968397149,0.3279750226545152,0.3290700968397149,0.004110455602992934,0.09741801211055917,0.0970938260138574,0.09741801211055917
2024-09-10,0.4205358748420456,0.7039596941620313,0.2960403058379687,1,china_taiwan_2024,Kinetic,0.005839049645996955,0.13838578105884616,0.13792526307835629,0.13838578105884616,0.013884783666054931,0.3290700968397149,0.3279750226545152,0.3290700968397149,0.004110455602992934,0.09741801211055917,0.0970938260138574,0.09741801211055917
2024-09-11,0.4205358748420456,0.7039596941620313,0.2960403058379687,1,china_taiwan_2024,Kinetic,0.005839049645996955,0.13838578105884616,0.13792526307835629,0.13838578105884616,0.013884783666054931,0.3290700968397149,0.3279750226545152,0.3290700968397149,0.004110455602992934,0.09741801211055917,0.0970938260138574,0.09741801211055917
2024-09-12,0.4205358748420456,0.7039596941620313,0.2960403058379687,1,china_taiwan_2024,Kinetic,0.005839049645996955,0.13838578105884616,0.13792526307835629,0.13838578105884616,0.013884783666054931,0.3290700968397149,0.3279750226545152,0.3290700968397149,0.004110455602992934,0.09741801211055917,0.0970938260138574,0.09741801211055917
2024-09-13,0.4205358748420456,0.7039596941620313,0.2960403058379687,1,china_taiwan_2024,Kinetic,0.005839049645996955,0.13838578105884616,0.13792526307835629,0.13838578105884616,0.013884783666054931,0.3290700968397149,0.3279750226545152,0.3290700968397149,0.004110455602992934,0.09741801211055917,0.0970938260138574,0.09741801211055917
2024-09-16,0.4205358748420456,0.7039596941620313,0.2960403058379687,1,china_taiwan_2024,Kinetic,0.005839049645996955,0.13838578105884616,0.13792526307835629,0.13838578105884616,0.013884783666054931,0.3290700968397149,0.3279750226545152,0.3290700968397149,0.004110455602992934,0.09741801211055917,0.0970938260138574,0.09741801211055917
2024-09-17,0.4205358748420456,0.7039596941620313,0.2960403058379687,1,china_taiwan_2024,Kinetic,0.005839049645996955,0.13838578105884616,0.13792526307835629,0.13838578105884616,0.013884783666054931,0.3290700968397149,0.3279750226545152,0.3290700968397149,0.004110455602992934,0.09741801211055917,0.0970938260138574,0.09741801211055917
2024-09-18,0.4205358748420456,0.7039596941620313,0.2960403058379687,1,china_taiwan_2024,Kinetic,0.005839049645996955,0.13838578105884616,0.13792526307835629,0.13838578105884616,0.013884783666054931,0.3290700968397149,0.3279750226545152,0.3290700968397149,0.004110455602992934,0.09741801211055917,0.0970938260138574,0.09741801211055917
2024-09-19,0.4205358748420456,0.7039596941620313,0.2960403058379687,1,china_taiwan_2024,Kinetic,0.005839049645996955,0.13838578105884616,0.13792526307835629,0.13838578105884616,0.013884783666054931,0.3290700968397149,0.3279750226545152,0.3290700968397149,0.004110455602992934,0.09741801211055917,0.0970938260138574,0.09741801211055917
2024-09-20,0.4205358748420456,0.7039596941620313,0.2960403058379687,1,china_taiwan_2024,Kinetic,0.005839049645996955,0.13838578105884616,0.13792526307835629,0.13838578105884616,0.013884783666054931,0.3290700968397149,0.3279750226545152,0.3290700968397149,0.004110455602992934,0.09741801211055917,0.0970938260138574,0.09741801211055917
2024-09-23,0.4205358748420456,0.7039596941620313,0.2960403058379687,1,china_taiwan_2024,Kinetic,0.005839049645996955,0.13838578105884616,0.13792526307835629,0.13838578105884616,0.013884783666054931,0.3290700968397149,0.3279750226545152,0.3290700968397149,0.004110455602992934,0.09741801211055917,0.0970938260138574,0.09741801211055917
2024-09-24,0.4205358748420456,0.7039596941620313,0.2960403058379687,1,china_taiwan_2024,Kinetic,0.005839049645996955,0.13838578105884616,0.13792526307835629,0.13838578105884616,0.013884783666054931,0.3290700968397149,0.3279750226545152,0.3290700968397149,0.004110455602992934,0.09741801211055917,0.0970938260138574,0.09741801211055917
2024-09-25,0.4205358748420456,0.7039596941620313,0.2960403058379687,1,china_taiwan_2024,Kinetic,0.005839049645996955,0.13838578105884616,0.13792526307835629,0.13838578105884616,0.013884783666054931,0.3290700968397149,0.3279750226545152,0.3290700968397149,0.004110455602992934,0.09741801211055917,0.0970938260138574,0.09741801211055917
2024-09-26,0.4205358748420456,0.7039596941620313,0.2960403058379687,1,china_taiwan_2024,Kinetic,0.005839049645996955,0.13838578105884616,0.13792526307835629,0.13838578105884616,0.013884783666054931,0.3290700968397149,0.3279750226545152,0.3290700968397149,0.004110455602992934,0.09741801211055917,0.0970938260138574,0.09741801211055917
2024-09-27,0.4205358748420456,0.7039596941620313,0.2960403058379687,1,china_taiwan_2024,Kinetic,0.005839049645996955,0.13838578105884616,0.13792526307835629,0.13838578105884616,0.013884783666054931,0.3290700968397149,0.3279750226545152,0.3290700968397149,0.004110455602992934,0.09741801211055917,0.0970938260138574,0.09741801211055917
2024-09-30,0.4205358748420456,0.7039596941620313,0.2960403058379687,1,china_taiwan_2024,Kinetic,0.005839049645996955,0.13838578105884616,0.13792526307835629,0.13838578105884616,0.013884783666054931,0.3290700968397149,0.3279750226545152,0.3290700968397149,0.004110455602992934,0.09741801211055917,0.0970938260138574,0.09741801211055917
2024-10-01,0.4205358748420456,0.7039596941620313,0.2960403058379687,1,china_taiwan_2024,Kinetic,0.005839049645996955,0.13838578105884616,0.13792526307835629,0.13838578105884616,0.013884783666054931,0.3290700968397149,0.3279750226545152,0.3290700968397149,0.004110455602992934,0.09741801211055917,0.0970938260138574,0.09741801211055917
2024-10-02,0.4205358748420456,0.7039596941620313,0.2960403058379687,1,china_taiwan_2024,Kinetic,0.005839049645996955,0.13838578105884616,0.13792526307835629,0.13838578105884616,0.013884783666054931,0.3290700968397149,0.3279750226545152,0.3290700968397149,0.004110455602992934,0.09741801211055917,0.0970938260138574,0.09741801211055917
2024-10-03,0.4205358748420456,0.7039596941620313,0.2960403058379687,1,china_taiwan_2024,Kinetic,0.005839049645996955,0.13838578105884616,0.13792526307835629,0.13838578105884616,0.013884783666054931,0.3290700968397149,0.3279750226545152,0.3290700968397149,0.004110455602992934,0.09741801211055917,0.0970938260138574,0.09741801211055917
2024-10-04,0.4205358748420456,0.7039596941620313,0.2960403058379687,1,china_taiwan_2024,Kinetic,0.005839049645996955,0.13838578105884616,0.13792526307835629,0.13838578105884616,0.013884783666054931,0.3290700968397149,0.3279750226545152,0.3290700968397149,0.004110455602992934,0.09741801211055917,0.0970938260138574,0.09741801211055917
2024-10-07,0.4205358748420456,0.7039596941620313,0.2960403058379687,1,china_taiwan_2024,Kinetic,0.005839049645996955,0.13838578105884616,0.13792526307835629,0.13838578105884616,0.013884783666054931,0.3290700968397149,0.3279750226545152,0.3290700968397149,0.004110455602992934,0.09741801211055917,0.0970938260138574,0.09741801211055917
2024-10-08,0.4205358748420456,0.7039596941620313,0.2960403058379687,1,china_taiwan_2024,Kinetic,0.005839049645996955,0.13838578105884616,0.13792526307835629,0.13838578105884616,0.013884783666054931,0.3290700968397149,0.3279750226545152,0.3290700968397149,0.004110455602992934,0.09741801211055917,0.0970938260138574,0.09741801211055917
2024-10-09,0.4205358748420456,0.7039596941620313,0.2960403058379687,1,china_taiwan_2024,Kinetic,0.005839049645996955,0.13838578105884616,0.13792526307835629,0.13838578105884616,0.013884783666054931,0.3290700968397149,0.3279750226545152,0.3290700968397149,0.004110455602992934,0.09741801211055917,0.0970938260138574,0.09741801211055917
2024-10-10,0.4205358748420456,0.7039596941620313,0.2960403058379687,1,china_taiwan_2024,Kinetic,0.005839049645996955,0.13838578105884616,0.13792526307835629,0.13838578105884616,0.013884783666054931,0.3290700968397149,0.3279750226545152,0.3290700968397149,0.004110455602992934,0.09741801211055917,0.0970938260138574,0.09741801211055917
2024-10-11,0.4205358748420456,0.7039596941620313,0.2960403058379687,1,china_taiwan_2024,Kinetic,0.005839049645996955,0.13838578105884616,0.13792526307835629,0.13838578105884616,0.013884783666054931,0.3290700968397149,0.3279750226545152,0.3290700968397149,0.004110455602992934,0.09741801211055917,0.0970938260138574,0.09741801211055917
2024-10-14,0.4205358748420456,0.7039596941620313,0.2960403058379687,1,china_taiwan_2024,Kinetic,0.005839049645996955,0.13838578105884616,0.13792526307835629,0.13838578105884616,0.013884783666054931,0.3290700968397149,0.3279750226545152,0.3290700968397149,0.004110455602992934,0.09741801211055917,0.0970938260138574,0.09741801211055917
2024-10-15,0.4205358748420456,0.7039596941620313,0.2960403058379687,1,china_taiwan_2024,Kinetic,0.005839049645996955,0.13838578105884616,0.13792526307835629,0.13838578105884616,0.013884783666054931,0.3290700968397149,0.3279750226545152,0.3290700968397149,0.004110455602992934,0.09741801211055917,0.0970938260138574,0.09741801211055917
2024-10-16,0.4205358748420456,0.7039596941620313,0.2960403058379687,1,china_taiwan_2024,Kinetic,0.005839049645996955,0.13838578105884616,0.13792526307835629,0.13838578105884616,0.013884783666054931,0.3290700968397149,0.3279750226545152,0.3290700968397149,0.004110455602992934,0.09741801211055917,0.0970938260138574,0.09741801211055917
2024-10-17,0.4205358748420456,0.7039596941620313,0.2960403058379687,1,china_taiwan_2024,Kinetic,0.005839049645996955,0.13838578105884616,0.13792526307835629,0.13838578105884616,0.013884783666054931,0.3290700968397149,0.3279750226545152,0.3290700968397149,0.004110455602992934,0.09741801211055917,0.0970938260138574,0.09741801211055917
2024-10-18,0.4205358748420456,0.7039596941620313,0.2960403058379687,1,china_taiwan_2024,Kinetic,0.005839049645996955,0.13838578105884616,0.13792526307835629,0.13838578105884616,0.013884783666054931,0.3290700968397149,0.3279750226545152,0.3290700968397149,0.004110455602992934,0.09741801211055917,0.0970938260138574,0.09741801211055917
2024-10-21,0.6470551797974595,0.6071442003072243,0.39285579969277573,2,china_taiwan_2024,Kinetic,0.008516394504361554,0.20514208109598747,0.2115655480918377,0.22183115610527282,0.013161774714526429,0.3170395470139051,0.3269667791826683,0.3428318990889002,0.005170679530851435,0.12455082477638305,0.1284507955087784,0.1346834998767629
2024-10-22,0.6904151206898361,0.5915706667317985,0.4084293332682015,2,china_taiwan_2024,Kinetic,0.00960612894926585,0.2176176519867859,0.2257657200350135,0.23742561971877083,0.013913555282027684,0.31519827052650695,0.32699996461467573,0.34388820957678956,0.00568270410722883,0.12873621947843145,0.1335563775262975,0.14045403215624372
2024-10-23,0.7397873812983791,0.5747828790744038,0.42521712092559616,2,china_taiwan_2024,Kinetic,0.011182995251849934,0.23102877000047467,0.2418642688196871,0.25571134722636746,0.015116499057097985,0.31229076872736444,0.3269375430481096,0.3456551891674281,0.006427794207533694,0.13279138156989112,0.13901944077740533,0.1469785043707661
2024-10-24,0.8297750202642469,0.5465152758810671,0.4534847241189329,2,eu_banking_contagion_2024,Sovereign,0.014608773707009115,0.2565527298530399,0.2709972196621238,0.28761629704207403,0.017605704377985327,0.3091834817723714,0.3265912000771283,0.346619613772515,0.007983917992770165,0.14020998593367498,0.14810412026664774,0.15718669992584006
2024-10-25,0.9386699897667019,0.5158175477407267,0.48418245225927325,2,eu_banking_contagion_2024,Sovereign,0.019755366711597916,0.2870826719839273,0.30605322636549337,0.32577872470568325,0.021046125823739114,0.30583983201090637,0.3260498681134572,0.34706417405189727,0.010190164811895221,0.14808227986160483,0.15786762470198634,0.16804238288378684
2024-10-28,1.3483725891166585,0.42582680645925547,0.5741731935407446,2,eu_banking_contagion_2024,Sovereign,0.04843336221864056,0.39862329916367667,0.4361114190539713,0.46520450868037,0.035919865628809666,0.2956329002689245,0.3234353935804014,0.3450118405218644,0.020624223959648073,0.16974448646312085,0.1857079328361667,0.19809655028180895
2024-10-29,1.502136794777905,0.3996584048030684,0.6003415951969315,2,eu_banking_contagion_2024,Sovereign,0.06278032224023529,0.4392020144634618,0.4842265552691065,0.5159279028051014,0.04179401134336606,0.29238483205412663,0.3223584942147035,0.3434626623878039,0.02509068343955503,0.1755307764867613,0.1935252126421359,0.20619492262847933
2024-10-30,1.6591024739597422,0.37606674048588756,0.6239332595141125,2,eu_banking_contagion_2024,Sovereign,0.07931721882414047,0.47993843883341947,0.5329983830346339,0.5668484332675484,0.04780730549743312,0.2892759467038593,0.32125706000699206,0.34165968779171557,0.029828567947600394,0.18048888432596963,0.20044296459208338,0.21317284264845912
2024-10-31,1.8159218898510558,0.35512348677146494,0.644876513228535,2,eu_banking_contagion_2024,Sovereign,0.0976619554716166,0.5199609574888004,0.5814223953038644,0.6168765815867745,0.05378092307683287,0.2863344290273676,0.32018028889532985,0.3397043590004697,0.034682054152000034,0.18465034820845225,0.20647674830732535,0.2190673625607574
2024-11-01,1.9691872366233147,0.3367925025628368,0.6632074974371631,2,eu_banking_contagion_2024,Sovereign,0.11726411830293902,0.5584355677236821,0.628517706216317,0.6649698443803768,0.05954950150094358,0.28358683081922953,0.31917620352550863,0.33768746415431833,0.03949367586407138,0.18807691237375737,0.2116800511816472,0.2239568580176872
2024-11-04,2.372605276813906,0.2965066819039962,0.7034933180960038,2,eu_banking_contagion_2024,Sovereign,0.17593729374081382,0.6566669578480742,0.752241943189151,0.7877590820358669,0.07415362996118523,0.27677041953219067,0.3170531358672995,0.33202281463932454,0.05216658319025744,0.19470614078752382,0.22304476256402964,0.23357583155419284
2024-11-05,2.476237209244613,0.28766736554704225,0.7123326344529577,2,eu_banking_contagion_2024,Sovereign,0.19234674519426923,0.6811252000511104,0.7844333792095713,0.8183318847896622,0.07767702725577952,0.27506460104397296,0.31678442448123384,0.3304739472190138,0.055331881461583625,0.19593749190640503,0.22565588364438133,0.2354073774405878
2024-11-06,2.5582434621987655,0.2810375429965841,0.7189624570034159,2,eu_banking_contagion_2024,Sovereign,0.20548159823576398,0.7001674099657363,0.810459806814321,0.8421346471829445,0.08032136161863036,0.2736906867198459,0.3168032358099901,0.32918471585153375,0.05774804349919035,0.19677332858305258,0.227769632804583,0.23667145211659002
2024-11-07,2.6147940014463886,0.2766409371045403,0.7233590628954597,2,eu_banking_contagion_2024,Sovereign,0.21432621685663142,0.7130055975626852,0.8292798053479413,0.8581823816791306,0.08196676936618166,0.27268136502083223,0.3171491922075775,0.3282026734054086,0.05929140547728944,0.197246536670524,0.22941274247332527,0.23740837827432099
2024-11-08,2.641993036175614,0.2745749346764486,0.7254250653235514,2,eu_banking_contagion_2024,Sovereign,0.21794565722699238,0.7188151765859874,0.8397878469043757,0.8654443554582584,0.08249289617450206,0.2720730776892962,0.31786149145949333,0.3275725346767084,0.059842414596117104,0.1973686301555374,0.23058469320584443,0.2376293273660525
2024-11-11,2.568474509061017,0.28023179021198413,0.7197682097880158,2,eu_banking_contagion_2024,Sovereign,0.20120097686632984,0.699399921441029,0.826698324226598,0.8411752865270603,0.07833481553215216,0.2723016790603523,0.32186355025529234,0.32749995515220326,0.056382909939651615,0.1959940920595406,0.23166715136326682,0.2357240564255568
2024-11-12,2.501802817930768,0.28556719266989017,0.7144328073301098,2,eu_banking_contagion_2024,Sovereign,0.1887100087576808,0.682836530127016,0.8097852316615274,0.820471047384544,0.07542960916230886,0.27293778919466866,0.32368067773274706,0.3279519239102755,0.05388938742964129,0.19499571096082086,0.23124809527111906,0.2342996136685287
2024-11-13,2.4175299319713663,0.29260899535798957,0.7073910046420104,2,eu_banking_contagion_2024,Sovereign,0.1738332016889973,0.6619640134011795,0.787352315403941,0.7943804014772484,0.07190529448677627,0.27381833194569105,0.325684619243534,0.3285917543239987,0.050865158506080276,0.19369662492446188,0.23038637000313414,0.2324428512083341
2024-11-14,2.3178322609904902,0.3014016144690403,0.6985983855309597,2,eu_banking_contagion_2024,Sovereign,0.15725891006602785,0.6372316566261494,0.759876738789852,0.7634649555084609,0.06784740755952101,0.2749256999097244,0.32783940045132093,0.3293874920794337,0.047398089383542404,0.19206265009790255,0.22902807586873056,0.23010957018078412
2024-11-15,2.1959233320398033,0.3128986199308318,0.6871013800691682,2,eu_banking_contagion_2024,Sovereign,0.1392167357514417,0.6075024857092162,0.722900618716851,0.7263034918622943,0.06339781253752727,0.2766501347498796,0.3292012103379517,0.33075084237464136,0.0435607244879014,0.1900866893829636,0.22619460594364713,0.227259360254656
2024-11-18,1.7817354574011401,0.3594878144646646,0.6405121855353354,2,eu_banking_contagion_2024,Sovereign,0.08592465256603189,0.5042054037419843,0.5944232616898697,0.5971821394032545,0.04822525824982042,0.2829855586291267,0.33362038074771344,0.33516880237333957,0.030888865559598442,0.18125569863247976,0.21368791921184868,0.21467970213140863
2024-11-19,1.635603944656986,0.3794196779934423,0.6205803220065578,2,eu_banking_contagion_2024,Sovereign,0.07016066633956733,0.46689107259299556,0.5480129802574046,0.5505392254670186,0.04289587743338514,0.2854548462775385,0.33505237135652194,0.33659690493255445,0.026620337430363985,0.17714766042124727,0.20792690850549117,0.20888541564945537
2024-11-20,1.489472431912832,0.401691533989646,0.5983084660103539,2,eu_banking_contagion_2024,Sovereign,0.05602940120544025,0.42910941727869684,0.5010214571045499,0.5033121563241452,0.03761694409710246,0.288094903997397,0.33637511267067954,0.3379130392348211,0.02250653611873461,0.17236962007608278,0.20125607766605424,0.20217623214948233
2024-11-21,1.3457607895180745,0.4263009273871635,0.5736990726128365,2,eu_banking_contagion_2024,Sovereign,0.04375446639651103,0.39148906071448064,0.45423055178820804,0.4562867106188749,0.03251281114541893,0.29090538509052216,0.3375269626861924,0.3390548410778665,0.018652569602163133,0.16689214964451263,0.19363890547489607,0.19451544789126465
2024-11-22,1.2068888878221102,0.4531265735751924,0.5468734264248076,2,eu_banking_contagion_2024,Sovereign,0.03344975774228764,0.354690028438567,0.4084611813672726,0.41028792027398286,0.027715689555025527,0.293887889778008,0.33844141369497627,0.3399550069719901,0.015156974112683063,0.16071947726765543,0.1850846155514275,0.1859123594930416
2024-11-25,0.843574011219611,0.542424656625775,0.457575343374225,2,eu_banking_contagion_2024,Sovereign,0.013934993247456763,0.2562861423258374,0.28606981301324585,0.2872830626330709,0.016518993072475074,0.30380990750925047,0.3391164369794367,0.3405546624388377,0.007558683927334226,0.13901592274903682,0.1551713200947095,0.15582941660314445
2024-11-26,0.7482995763119531,0.5719843518520465,0.42801564814795345,2,china_taiwan_2024,Kinetic,0.01064733197394395,0.2299573085710158,0.25332291532744955,0.2543720204395439,0.014228702395396335,0.30730647971815844,0.33853141622232275,0.33993340166412256,0.0060901072780699,0.1315319820966335,0.14489674353284207,0.14549681524040803
2024-11-27,0.6699881141495723,0.5988066570816534,0.40119334291834663,2,china_taiwan_2024,Kinetic,0.008527901222868582,0.208149311081627,0.2261988782672689,0.2271120235778079,0.012728436583823876,0.3106761249725073,0.3376162554083323,0.3389791830353367,0.005106564023188481,0.12464119314263823,0.13544939413084314,0.1359961916216768
2024-11-29,0.5739097091587269,0.6353604620270826,0.36463953797291737,2,china_taiwan_2024,Kinetic,0.00665470363291186,0.18118550806401781,0.19266222765600086,0.19340726980579642,0.01159538430298861,0.3157038558027028,0.3357012864243355,0.3369994734699732,0.0042281355748601855,0.11511810811616609,0.1224099619786837,0.12288333230320746
2024-12-02,0.40178847045805993,0.713374393551141,0.28662560644885904,1,china_taiwan_2024,Kinetic,0.005333347862199465,0.13229846109690335,0.1318582004020538,0.13229846109690335,0.01327401917760151,0.3292739110857914,0.32817815865081573,0.3292739110857914,0.0038046737967938177,0.09437833445275265,0.09406426374655993,0.09437833445275265
2024-12-03,0.40178847045805993,0.713374393551141,0.28662560644885904,1,china_taiwan_2024,Kinetic,0.005333347862199465,0.13229846109690335,0.1318582004020538,0.13229846109690335,0.01327401917760151,0.3292739110857914,0.32817815865081573,0.3292739110857914,0.0038046737967938177,0.09437833445275265,0.09406426374655993,0.09437833445275265
2024-12-04,0.40178847045805993,0.713374393551141,0.28662560644885904,1,china_taiwan_2024,Kinetic,0.005333347862199465,0.13229846109690335,0.1318582004020538,0.13229846109690335,0.01327401917760151,0.3292739110857914,0.32817815865081573,0.3292739110857914,0.0038046737967938177,0.09437833445275265,0.09406426374655993,0.09437833445275265
2024-12-05,0.40178847045805993,0.713374393551141,0.28662560644885904,1,china_taiwan_2024,Kinetic,0.005333347862199465,0.13229846109690335,0.1318582004020538,0.13229846109690335,0.01327401917760151,0.3292739110857914,0.32817815865081573,0.3292739110857914,0.0038046737967938177,0.09437833445275265,0.09406426374655993,0.09437833445275265
2024-12-06,0.299001664816357,0.7698219541091754,0.23017804589082458,1,china_taiwan_2024,Kinetic,0.0029636674552699963,0.09878891517566654,0.09846016700975391,0.09878891517566654,0.00991187609972086,0.3303958699906953,0.3292963839188885,0.3303958699906953,0.0022814962717457154,0.07604987572485718,0.07579679816936451,0.07604987572485718
2024-12-09,0.299001664816357,0.7698219541091754,0.23017804589082458,1,china_taiwan_2024,Kinetic,0.0029636674552699963,0.09878891517566654,0.09846016700975391,0.09878891517566654,0.00991187609972086,0.3303958699906953,0.3292963839188885,0.3303958699906953,0.0022814962717457154,0.07604987572485718,0.07579679816936451,0.07604987572485718
2024-12-10,0.299001664816357,0.7698219541091754,0.23017804589082458,1,china_taiwan_2024,Kinetic,0.0029636674552699963,0.09878891517566654,0.09846016700975391,0.09878891517566654,0.00991187609972086,0.3303958699906953,0.3292963839188885,0.3303958699906953,0.0022814962717457154,0.07604987572485718,0.07579679816936451,0.07604987572485718
2024-12-11,0.299001664816357,0.7698219541091754,0.23017804589082458,1,china_taiwan_2024,Kinetic,0.0029636674552699963,0.09878891517566654,0.09846016700975391,0.09878891517566654,0.00991187609972086,0.3303958699906953,0.3292963839188885,0.3303958699906953,0.0022814962717457154,0.07604987572485718,0.07579679816936451,0.07604987572485718
2024-12-12,0.5096383709573199,0.6624102958948119,0.33758970410518807,1,china_taiwan_2024,Kinetic,0.008550362658642665,0.16721482103185092,0.16665836623497537,0.16721482103185092,0.016777313377290274,0.32810484955783376,0.32701298750704216,0.32810484955783376,0.005663848258719437,0.11076481907770634,0.11039621769105593,0.11076481907770634
2024-12-13,0.5096383709573199,0.6624102958948119,0.33758970410518807,1,china_taiwan_2024,Kinetic,0.008550362658642665,0.16721482103185092,0.16665836623497537,0.16721482103185092,0.016777313377290274,0.32810484955783376,0.32701298750704216,0.32810484955783376,0.005663848258719437,0.11076481907770634,0.11039621769105593,0.11076481907770634
2024-12-16,0.45857885332884674,0.6855988606428418,0.3144011393571582,1,china_taiwan_2024,Kinetic,0.006934560755185588,0.15071528015443236,0.1502137322647964,0.15071528015443236,0.015121850265984282,0.3286572833884132,0.32756358295718924,0.3286572833884132,0.004754326952813804,0.10333022435534553,0.1029863636936533,0.10333022435534553
2024-12-17,0.299001664816357,0.7698219541091754,0.23017804589082458,1,china_taiwan_2024,Kinetic,0.0029636674552699963,0.09878891517566654,0.09846016700975391,0.09878891517566654,0.00991187609972086,0.3303958699906953,0.3292963839188885,0.3303958699906953,0.0022814962717457154,0.07604987572485718,0.07579679816936451,0.07604987572485718
2024-12-18,0.10264727153145536,0.9069083339870877,0.0930916660129123,1,china_taiwan_2024,Kinetic,0.00035157112374676285,0.03413643302716408,0.034022834353380445,0.03413643302716408,0.003425041099499921,0.33256054951936315,0.3314538598617738,0.33256054951936315,0.0003188427821151446,0.030958615604927135,0.030855592020942884,0.030958615604927135
2024-12-19,0.10264727153145536,0.9069083339870877,0.0930916660129123,1,china_taiwan_2024,Kinetic,0.00035157112374676285,0.03413643302716408,0.034022834353380445,0.03413643302716408,0.003425041099499921,0.33256054951936315,0.3314538598617738,0.33256054951936315,0.0003188427821151446,0.030958615604927135,0.030855592020942884,0.030958615604927135
2024-12-20,0.10264727153145536,0.9069083339870877,0.0930916660129123,1,china_taiwan_2024,Kinetic,0.00035157112374676285,0.03413643302716408,0.034022834353380445,0.03413643302716408,0.003425041099499921,0.33256054951936315,0.3314538598617738,0.33256054951936315,0.0003188427821151446,0.030958615604927135,0.030855592020942884,0.030958615604927135
2024-12-23,0.10264727153145536,0.9069083339870877,0.0930916660129123,1,china_taiwan_2024,Kinetic,0.00035157112374676285,0.03413643302716408,0.034022834353380445,0.03413643302716408,0.003425041099499921,0.33256054951936315,0.3314538598617738,0.33256054951936315,0.0003188427821151446,0.030958615604927135,0.030855592020942884,0.030958615604927135
2024-12-24,0.10264727153145536,0.9069083339870877,0.0930916660129123,1,china_taiwan_2024,Kinetic,0.00035157112374676285,0.03413643302716408,0.034022834353380445,0.03413643302716408,0.003425041099499921,0.33256054951936315,0.3314538598617738,0.33256054951936315,0.0003188427821151446,0.030958615604927135,0.030855592020942884,0.030958615604927135
2024-12-26,0.14227495884178318,0.8754459618146198,0.12455403818538024,1,china_taiwan_2024,Kinetic,0.0006745302696231913,0.04725255829234265,0.047095311987474686,0.04725255829234265,0.004741032962612223,0.3321213984316793,0.3310161701740291,0.3321213984316793,0.0005905148006633492,0.04136706134244127,0.04122940069983435,0.04136706134244127
2024-12-27,0.14227495884178318,0.8754459618146198,0.12455403818538024,1,china_taiwan_2024,Kinetic,0.0006745302696231913,0.04725255829234265,0.047095311987474686,0.04725255829234265,0.004741032962612223,0.3321213984316793,0.3310161701740291,0.3321213984316793,0.0005905148006633492,0.04136706134244127,0.04122940069983435,0.04136706134244127
2024-12-30,0.14227495884178318,0.8754459618146198,0.12455403818538024,1,china_taiwan_2024,Kinetic,0.0006745302696231913,0.04725255829234265,0.047095311987474686,0.04725255829234265,0.004741032962612223,0.3321213984316793,0.3310161701740291,0.3321213984316793,0.0005905148006633492,0.04136706134244127,0.04122940069983435,0.04136706134244127
2024-12-31,0.14227495884178318,0.8754459618146198,0.12455403818538024,1,china_taiwan_2024,Kinetic,0.0006745302696231913,0.04725255829234265,0.047095311987474686,0.04725255829234265,0.004741032962612223,0.3321213984316793,0.3310161701740291,0.3321213984316793,0.0005905148006633492,0.04136706134244127,0.04122940069983435,0.04136706134244127
2025-01-02,0.14227495884178318,0.8754459618146198,0.12455403818538024,1,china_taiwan_2024,Kinetic,0.0006745302696231913,0.04725255829234265,0.047095311987474686,0.04725255829234265,0.004741032962612223,0.3321213984316793,0.3310161701740291,0.3321213984316793,0.0005905148006633492,0.04136706134244127,0.04122940069983435,0.04136706134244127
2025-01-03,0.14227495884178318,0.8754459618146198,0.12455403818538024,1,china_taiwan_2024,Kinetic,0.0006745302696231913,0.04725255829234265,0.047095311987474686,0.04725255829234265,0.004741032962612223,0.3321213984316793,0.3310161701740291,0.3321213984316793,0.0005905148006633492,0.04136706134244127,0.04122940069983435,0.04136706134244127
2025-01-06,0,1.0,0.0,0,,,0,0,0,0,0.0,0.0,0.0,0.0,0.0,0.0,0.0,0.0
2025-01-07,0,1.0,0.0,0,,,0,0,0,0,0.0,0.0,0.0,0.0,0.0,0.0,0.0,0.0
2025-01-08,0,1.0,0.0,0,,,0,0,0,0,0.0,0.0,0.0,0.0,0.0,0.0,0.0,0.0
2025-01-10,0,1.0,0.0,0,,,0,0,0,0,0.0,0.0,0.0,0.0,0.0,0.0,0.0,0.0
