date,strategy,position,daily_return,equity,rsi,hazard
2020-01-02,buy_hold,1.0,0.0,1.0,,
2020-01-03,buy_hold,1.0,-0.0075724427376562264,0.9924275572623438,,
2020-01-06,buy_hold,1.0,0.0038149057437186773,0.9962135748507686,,
2020-01-07,buy_hold,1.0,-0.0028117140895841386,0.9934125071061257,,
2020-01-08,buy_hold,1.0,0.005329691324418961,0.9987070891268185,,
2020-01-09,buy_hold,1.0,0.006780567991909958,1.0054788904486454,,
2020-01-10,buy_hold,1.0,-0.0028774047649330337,1.002585720698229,,
2020-01-13,buy_hold,1.0,0.0068773644669493095,1.0094808681088296,,
2020-01-14,buy_hold,1.0,-0.0015246395354396869,1.0079417736670409,,
2020-01-15,buy_hold,1.0,0.002259705812039936,1.010219425551194,,
2020-01-16,buy_hold,1.0,0.008318299408812457,1.0186227332015274,,
2020-01-17,buy_hold,1.0,0.003112433290971106,1.0217931285072839,,
2020-01-21,buy_hold,1.0,-0.0019581594686813864,1.0197922946176639,,
2020-01-22,buy_hold,1.0,0.00012085308085829638,1.019915539658304,,
2020-01-23,buy_hold,1.0,0.0011468261704623561,1.0210852054908452,,
2020-01-24,buy_hold,1.0,-0.00889308704140157,1.0120046058817278,,
2020-01-27,buy_hold,1.0,-0.0160295060539406,0.9957826719251309,,
2020-01-28,buy_hold,1.0,0.010479277027765521,1.006217754403683,,
2020-01-29,buy_hold,1.0,-0.0008260353404740961,1.005386582978333,,
2020-01-30,buy_hold,1.0,0.0032454264815648948,1.008649491218941,,
2020-01-31,buy_hold,1.0,-0.0181579175202502,0.9903345169505451,,
2020-02-03,buy_hold,1.0,0.007428379219187375,0.9976910972963045,,
2020-02-04,buy_hold,1.0,0.015241443016014378,1.0128973493033309,,
2020-02-05,buy_hold,1.0,0.01154790952571938,1.0245941962519267,,
2020-02-06,buy_hold,1.0,0.003365071825304211,1.0280420293141044,,
2020-02-07,buy_hold,1.0,-0.005329838521395902,1.0225627313046521,,
2020-02-10,buy_hold,1.0,0.0074654689475770475,1.0301966416221566,,
2020-02-11,buy_hold,1.0,0.0017332528446214468,1.0319822328817676,,
2020-02-12,buy_hold,1.0,0.006442507148935794,1.038630785794683,,
2020-02-13,buy_hold,1.0,-0.0010667789122341675,1.0375227963748002,,
2020-02-14,buy_hold,1.0,0.001601826897133396,1.0391847282964224,,
2020-02-18,buy_hold,1.0,-0.0025768463130915187,1.0365069089606906,,
2020-02-19,buy_hold,1.0,0.004781431288612525,1.0414628955260583,,
2020-02-20,buy_hold,1.0,-0.004108450758418258,1.0371840965030699,,
2020-02-21,buy_hold,1.0,-0.010298234455230926,1.0265029315040444,,
2020-02-24,buy_hold,1.0,-0.03316535317155456,0.9924585992490766,,
2020-02-25,buy_hold,1.0,-0.0303021191015308,0.9623850005712927,,
2020-02-26,buy_hold,1.0,-0.003678504093598156,0.9588448634070738,,
2020-02-27,buy_hold,1.0,-0.04491149303368702,0.9157817090037804,,
2020-02-28,buy_hold,1.0,-0.004201647230027472,0.9119339173228349,,
2020-03-02,buy_hold,1.0,0.04330641456304862,0.9514265056005226,,
2020-03-03,buy_hold,1.0,-0.028632583459673566,0.92418470677317,,
2020-03-04,buy_hold,1.0,0.042033202278010995,0.963031149495211,,
2020-03-05,buy_hold,1.0,-0.033241560765363776,0.9310184910203277,,
2020-03-06,buy_hold,1.0,-0.01653132364634169,0.9156275230245421,,
2020-03-09,buy_hold,1.0,-0.07809425225267508,0.8441222762719715,,
2020-03-10,buy_hold,1.0,0.05174472418703391,0.8878011506377959,,
2020-03-11,buy_hold,1.0,-0.048748198718997826,0.8445224437235497,,
2020-03-12,buy_hold,1.0,-0.09567715327112847,0.7637209404345037,,
2020-03-13,buy_hold,1.0,0.08548612822385371,0.8290084866757298,,
2020-03-16,buy_hold,1.0,-0.1094237577267766,0.738295262876283,,
2020-03-17,buy_hold,1.0,0.05399190775766782,0.7781572326074224,,
2020-03-18,buy_hold,1.0,-0.050632671789504924,0.7387570528481814,,
2020-03-19,buy_hold,1.0,0.002124755814642887,0.740326731191829,,
2020-03-20,buy_hold,1.0,-0.04309401025771009,0.7084230834437913,,
2020-03-23,buy_hold,1.0,-0.025568329210901575,0.6903098888256984,,
2020-03-24,buy_hold,1.0,0.09060343886626665,0.7528543386366969,,
2020-03-25,buy_hold,1.0,0.014969976320901912,0.7641245502591766,,
2020-03-26,buy_hold,1.0,0.0583896320742876,0.8087415016077404,,
2020-03-27,buy_hold,1.0,-0.02978531299241305,0.7846528828523998,,
2020-03-30,buy_hold,1.0,0.0324755820128122,0.8101349419010624,,
2020-03-31,buy_hold,1.0,-0.014905264485897352,0.7980596663227599,,
2020-04-01,buy_hold,1.0,-0.045005069312212376,0.762142935724623,,
2020-04-02,buy_hold,1.0,0.023075326116876793,0.7797296325141425,,
2020-04-03,buy_hold,1.0,-0.014454064173766046,0.768459370367596,,
2020-04-06,buy_hold,1.0,0.0671662461839766,0.8200739016200896,,
2020-04-07,buy_hold,1.0,0.0010194221819503912,0.8209099031462398,,
2020-04-08,buy_hold,1.0,0.033568419464302,0.8484665511174523,,
2020-04-09,buy_hold,1.0,0.015217253973991207,0.8613778821142429,,
2020-04-13,buy_hold,1.0,-0.009129989241393854,0.8535135113177653,,
2020-04-14,buy_hold,1.0,0.029492797858446496,0.878686012776513,,
2020-04-15,buy_hold,1.0,-0.02124800353350942,0.8600156892721924,,
2020-04-16,buy_hold,1.0,0.004824298477707822,0.8641646616527531,,
2020-04-17,buy_hold,1.0,0.027015445955409723,0.887510455366208,,
2020-04-20,buy_hold,1.0,-0.01761819211446436,0.8718741256599704,,
2020-04-21,buy_hold,1.0,-0.03036276124250159,0.8454016197490418,,
2020-04-22,buy_hold,1.0,0.02219423462812986,0.8641646616527531,,
2020-04-23,buy_hold,1.0,-7.172582735837096e-05,0.8641026787274222,,
2020-04-24,buy_hold,1.0,0.013938366348973164,0.8761468584266541,,
2020-04-27,buy_hold,1.0,0.01441901626093256,0.888780034225273,,
2020-04-28,buy_hold,1.0,-0.004598543750138906,0.8846929403536381,,
2020-04-29,buy_hold,1.0,0.02617839917226461,0.9078527852911001,,
2020-04-30,buy_hold,1.0,-0.009310591125336165,0.8994001392052571,,
2020-05-01,buy_hold,1.0,-0.026473887939000074,0.8755895207076161,,
2020-05-04,buy_hold,1.0,0.002758945587571393,0.8780052245522961,,
2020-05-05,buy_hold,1.0,0.009239001479586673,0.8861171161210196,,
2020-05-06,buy_hold,1.0,-0.00677881405452907,0.8801102929602996,,
2020-05-07,buy_hold,1.0,0.012066673934841843,0.8907302968921497,,
2020-05-08,buy_hold,1.0,0.016546474678490464,0.9054687431950399,,
2020-05-11,buy_hold,1.0,0.00020502338122119212,0.9056543854583599,,
2020-05-12,buy_hold,1.0,-0.019931566538478274,0.8876032748137319,,
2020-05-13,buy_hold,1.0,-0.017685950032489406,0.8719051676467023,,
2020-05-14,buy_hold,1.0,0.011967432321909666,0.8823396337316376,,
2020-05-15,buy_hold,1.0,0.004597157178597211,0.8863958877128079,,
2020-05-18,buy_hold,1.0,0.030459188379994506,0.9133947870359047,,
2020-05-19,buy_hold,1.0,-0.010270652602789698,0.9040136264890598,,
2020-05-20,buy_hold,1.0,0.016987626831334257,0.9193706726262971,,
2020-05-21,buy_hold,1.0,-0.006903816858362499,0.9130235058775357,,
2020-05-22,buy_hold,1.0,0.0018992870951781704,0.9147575996398432,,
2020-05-26,buy_hold,1.0,0.012320490314574828,0.9260278617863895,,
2020-05-27,buy_hold,1.0,0.014878562675227025,0.9398058253669848,,
2020-05-28,buy_hold,1.0,-0.0018447245020560832,0.9380721425337553,,
2020-05-29,buy_hold,1.0,0.004455854864071851,0.9422520558529146,,
2020-06-01,buy_hold,1.0,0.004041834318741833,0.946060482549166,,
2020-06-02,buy_hold,1.0,0.008280158669037085,0.9538940134551789,,
2020-06-03,buy_hold,1.0,0.013308342033607534,0.966588761250051,,
2020-06-04,buy_hold,1.0,-0.0026268185639171104,0.9640497079483257,,
2020-06-05,buy_hold,1.0,0.02562969132476911,0.9887580043847751,,
2020-06-08,buy_hold,1.0,0.012087452807709953,1.0007095701010216,,
2020-06-09,buy_hold,1.0,-0.007456958512838896,0.9932473203533774,,
2020-06-10,buy_hold,1.0,-0.0055798863946313615,0.9877051131440335,,
2020-06-11,buy_hold,1.0,-0.057648789026178204,0.9307651094563156,,
2020-06-12,buy_hold,1.0,0.01197552486555975,0.9419115101686052,,
2020-06-15,buy_hold,1.0,0.009335475440339636,0.9507047019387574,,
2020-06-16,buy_hold,1.0,0.01924808804792222,0.9690039497492483,,
2020-06-17,buy_hold,1.0,-0.0041541806511917745,0.9649785322902715,,
2020-06-18,buy_hold,1.0,0.00038528992242903293,0.9653503287941233,,
2020-06-19,buy_hold,1.0,-0.005715155315068832,0.9598332017316121,,
2020-06-22,buy_hold,1.0,0.006415302833964631,0.9659908223908142,,
2020-06-23,buy_hold,1.0,0.004603741626881375,0.9704379945510402,,
2020-06-24,buy_hold,1.0,-0.025508531844863014,0.94568354606357,,
2020-06-25,buy_hold,1.0,0.010720303298271672,0.9558215605015565,,
2020-06-26,buy_hold,1.0,-0.023751523387657625,0.9331193423528764,,
2020-06-29,buy_hold,1.0,0.014697742556111892,0.9468340902209075,,
2020-06-30,buy_hold,1.0,0.012809172091049259,0.9589622510242192,,
2020-07-01,buy_hold,1.0,0.0070049941941574545,0.9656797760250599,,
2020-07-02,buy_hold,1.0,0.005506915993384265,0.9709976934281401,,
2020-07-06,buy_hold,1.0,0.01543717708293224,0.9859871567687091,,
2020-07-07,buy_hold,1.0,-0.0103138932752328,0.9758177904630464,,
2020-07-08,buy_hold,1.0,0.007648756241961818,0.983281582878868,,
2020-07-09,buy_hold,1.0,-0.005692786276713657,0.9776839709777099,,
2020-07-10,buy_hold,1.0,0.010210555778740193,0.987666667697358,,
2020-07-13,buy_hold,1.0,-0.008658733759526416,0.979114724978608,,
2020-07-14,buy_hold,1.0,0.012958921243643395,0.9918029955880973,,
2020-07-15,buy_hold,1.0,0.009186950437388486,1.0009146405522185,,
2020-07-16,buy_hold,1.0,-0.003293410251778428,0.9976182180138686,,
2020-07-17,buy_hold,1.0,0.0028990473264209893,1.0005103604415906,,
2020-07-20,buy_hold,1.0,0.008081555176722377,1.0085960401243816,,
2020-07-21,buy_hold,1.0,0.002127689722915882,1.010742019553528,,
2020-07-22,buy_hold,1.0,0.00569219487987227,1.0164953601021023,,
2020-07-23,buy_hold,1.0,-0.01193165375888905,1.0043668894178468,,
2020-07-24,buy_hold,1.0,-0.0064407464619276045,0.9978980169283516,,
2020-07-27,buy_hold,1.0,0.007292863233946401,1.0051755506872364,,
2020-07-28,buy_hold,1.0,-0.006342506269268355,0.9988002184552873,,
2020-07-29,buy_hold,1.0,0.012298749680021981,1.0110842123224202,,
2020-07-30,buy_hold,1.0,-0.0035682244592564194,1.0074764369056433,,
2020-07-31,buy_hold,1.0,0.007902322733857714,1.0154378408568288,,
2020-08-03,buy_hold,1.0,0.006952288399693751,1.0224974575784278,,
2020-08-04,buy_hold,1.0,0.003862555169124038,1.0264469104186136,,
2020-08-05,buy_hold,1.0,0.00621066831432282,1.032821831721485,,
2020-08-06,buy_hold,1.0,0.006684888710914105,1.0397261307247456,,
2020-08-07,buy_hold,1.0,0.0007177538324063537,1.0404723981397264,,
2020-08-10,buy_hold,1.0,0.002989181182223133,1.0435825586528682,,
2020-08-11,buy_hold,1.0,-0.008254580820398982,1.0349682220797094,,
2020-08-12,buy_hold,1.0,0.013941930075427988,1.0493976766622348,,
2020-08-13,buy_hold,1.0,-0.0018077166652583632,1.0475006629936492,,
2020-08-14,buy_hold,1.0,2.973080205714851e-05,1.0475318060285155,,
2020-08-17,buy_hold,1.0,0.003176577125454383,1.0508593716017316,,
2020-08-18,buy_hold,1.0,0.0021602802484286254,1.053129522346079,,
2020-08-19,buy_hold,1.0,-0.0041637617301967245,1.048744541943994,,
2020-08-20,buy_hold,1.0,0.003113506327182991,1.0520098147109354,,
2020-08-21,buy_hold,1.0,0.003547544040174433,1.055741865859318,,
2020-08-24,buy_hold,1.0,0.010133081888267892,1.0664397846389433,,
2020-08-25,buy_hold,1.0,0.0034995423109109858,1.070171835787326,,
2020-08-26,buy_hold,1.0,0.01002574566859904,1.0809011064346274,,
2020-08-27,buy_hold,1.0,0.0021863980513545656,1.0832643865074432,,
2020-08-28,buy_hold,1.0,0.006459193269465091,1.0902614005418232,,
2020-08-31,buy_hold,1.0,-0.003622105587839375,1.086312358630715,,
2020-09-01,buy_hold,1.0,0.009418422933059833,1.0965437078617088,,
2020-09-02,buy_hold,1.0,0.01446400841345552,1.1124041252779424,,
2020-09-03,buy_hold,1.0,-0.034414504387841216,1.074121288627512,,
2020-09-04,buy_hold,1.0,-0.00816439443845085,1.0653517387524198,,
2020-09-08,buy_hold,1.0,-0.027322990780228484,1.036243143016787,,
2020-09-09,buy_hold,1.0,0.019747105702258017,1.0567059458951797,,
2020-09-10,buy_hold,1.0,-0.017363653943967106,1.0383576695301233,,
2020-09-11,buy_hold,1.0,0.0005092252448430923,1.0388864274686245,,
2020-09-14,buy_hold,1.0,0.013171214522164743,1.052569823468979,,
2020-09-15,buy_hold,1.0,0.005052317940822171,1.0578877408720595,,
2020-09-16,buy_hold,1.0,-0.003968677460062464,1.053689325639584,,
2020-09-17,buy_hold,1.0,-0.008795262924435221,1.044421850979913,,
2020-09-18,buy_hold,1.0,-0.011512622086873314,1.0323978169103085,,
2020-09-21,buy_hold,1.0,-0.01112945821511857,1.0209077885456257,,
2020-09-22,buy_hold,1.0,0.01018452303595807,1.0313052474356577,,
2020-09-23,buy_hold,1.0,-0.023191005185657643,1.0073882420943814,,
2020-09-24,buy_hold,1.0,0.0026652216122244887,1.0100731550091122,,
2020-09-25,buy_hold,1.0,0.01616691062354647,1.026402917429388,,
2020-09-28,buy_hold,1.0,0.01660952977345831,1.0434509872459958,,
2020-09-29,buy_hold,1.0,-0.005445889983579089,1.0377684679661972,,
2020-09-30,buy_hold,1.0,0.007581719238008766,1.0456365371243754,,
2020-10-01,buy_hold,1.0,0.006420017417759993,1.0523495419053601,,
2020-10-02,buy_hold,1.0,-0.009494505421909216,1.042358003473996,,
2020-10-05,buy_hold,1.0,0.017733330662908164,1.0608424826187293,,
2020-10-06,buy_hold,1.0,-0.01421630362732218,1.045761223785059,,
2020-10-07,buy_hold,1.0,0.017406787144703673,1.0639645668116704,,
2020-10-08,buy_hold,1.0,0.008862583700684601,1.0733940418396015,,
2020-10-09,buy_hold,1.0,0.008930380016144213,1.082979858540294,,
2020-10-12,buy_hold,1.0,0.016087308281315105,1.100402089387087,,
2020-10-13,buy_hold,1.0,-0.006525994557069148,1.0932208713411593,,
2020-10-14,buy_hold,1.0,-0.006283400305970743,1.0863517269836807,,
2020-10-15,buy_hold,1.0,-0.0012357459742410315,1.0850092722104507,,
2020-10-16,buy_hold,1.0,-0.0006043340773008721,1.0843535641330666,,
2020-10-19,buy_hold,1.0,-0.015203341535143244,1.0678677665527017,,
2020-10-20,buy_hold,1.0,0.0040055122337414595,1.0721451239556468,,
2020-10-21,buy_hold,1.0,-0.001892947766998998,1.070115609237356,,
2020-10-22,buy_hold,1.0,0.005485398655340257,1.0759856199613254,,
2020-10-23,buy_hold,1.0,0.0033951249364962965,1.0796387255709674,,
2020-10-26,buy_hold,1.0,-0.018479807818759242,1.0596872094087257,,
2020-10-27,buy_hold,1.0,-0.0034475403779671288,1.0560338949662738,,
2020-10-28,buy_hold,1.0,-0.03417882018269758,1.0199399023633877,,
2020-10-29,buy_hold,1.0,0.010163452147137875,1.0303060127540145,,
2020-10-30,buy_hold,1.0,-0.010424949171865983,1.0195651249395858,,
2020-11-02,buy_hold,1.0,0.011208748247739653,1.030993173747209,,
2020-11-03,buy_hold,1.0,0.01765572514061753,1.0491961058447425,,
2020-11-04,buy_hold,1.0,0.022349194330119282,1.072644793504671,,
2020-11-05,buy_hold,1.0,0.019502923040162434,1.0935645023618235,,
2020-11-06,buy_hold,1.0,-0.00022840983008720617,1.0933147214796497,,
2020-11-09,buy_hold,1.0,0.012565623292521089,1.1070529024099305,,
2020-11-10,buy_hold,1.0,-0.0014665883516650213,1.1054293115185791,,
2020-11-11,buy_hold,1.0,0.0074283339486393984,1.1136408096011536,,
2020-11-12,buy_hold,1.0,-0.009700957996358062,1.1028374268841827,,
2020-11-13,buy_hold,1.0,0.013844593598558275,1.118105762864674,,
2020-11-16,buy_hold,1.0,0.012482743649079975,1.1320627904750726,,
2020-11-17,buy_hold,1.0,-0.005378366485061736,1.125974141903796,,
2020-11-18,buy_hold,1.0,-0.012034821950714591,1.1124232435848753,,
2020-11-19,buy_hold,1.0,0.004210169186685819,1.1171067336475695,,
2020-11-20,buy_hold,1.0,-0.0068479997711362595,1.1094567869912162,,
2020-11-23,buy_hold,1.0,0.005994748194757982,1.1161077010621938,,
2020-11-24,buy_hold,1.0,0.016113403960128947,1.1340919953124198,,
2020-11-25,buy_hold,1.0,-0.0015416550045284083,1.1323436167122507,,
2020-11-27,buy_hold,1.0,0.002785057007971714,1.1354972582374072,,
2020-11-30,buy_hold,1.0,-0.004427149982516476,1.130470241570454,,
2020-12-01,buy_hold,1.0,0.010937190887625237,1.1428344103952899,,
2020-12-02,buy_hold,1.0,0.002103800418060464,1.1452387059056535,,
2020-12-03,buy_hold,1.0,-0.00027232016397371606,1.1449268343134722,,
2020-12-04,buy_hold,1.0,0.008617350106026267,1.1547930696905357,,
2020-12-07,buy_hold,1.0,-0.002054774390807257,1.152420230464254,,
2020-12-08,buy_hold,1.0,0.0029261707102903323,1.1557924087885845,,
2020-12-09,buy_hold,1.0,-0.008969011888588896,1.1454260929334188,,
2020-12-10,buy_hold,1.0,-0.00032701538892276893,1.1450515209741559,,
2020-12-11,buy_hold,1.0,-0.0011725792083989717,1.143708857368116,,
2020-12-14,buy_hold,1.0,-0.004477239062760319,1.1385881993954825,,
2020-12-15,buy_hold,1.0,0.013519485856039015,1.1539813264530627,,
2020-12-16,buy_hold,1.0,0.0015694208337742044,1.1557924087885845,,
2020-12-17,buy_hold,1.0,0.005592112847883968,1.1622557303672578,,
2020-12-18,buy_hold,1.0,-0.003993038567770557,1.157614798410289,,
2020-12-21,buy_hold,1.0,-0.0035754573142122714,1.1534757961122726,,
2020-12-22,buy_hold,1.0,-0.00168560175560728,1.1515314952852953,,
2020-12-23,buy_hold,1.0,0.0008988109257548338,1.1525665043746085,,
2020-12-24,buy_hold,1.0,0.003890510051640206,1.1570505759450618,,
2020-12-28,buy_hold,1.0,0.008590576124987148,1.166990306998178,,
2020-12-29,buy_hold,1.0,-0.0019078686896041308,1.1647638427303846,,
2020-12-30,buy_hold,1.0,0.0014270166407852614,1.1664259801165457,,
2020-12-31,buy_hold,1.0,0.005080945774450951,1.1723525272714288,,
2021-01-04,buy_hold,1.0,-0.013614109694840004,1.1563919913641327,,
2021-01-05,buy_hold,1.0,0.006887005805936042,1.1643560697225954,,
2021-01-06,buy_hold,1.0,0.0059787101148918165,1.1713174171339815,,
2021-01-07,buy_hold,1.0,0.01485763625545422,1.1887204252574364,,
2021-01-08,buy_hold,1.0,0.005697749106416072,1.1954934559982255,,
2021-01-11,buy_hold,1.0,-0.00674093776624507,1.1874347090113884,,
2021-01-12,buy_hold,1.0,0.00021113342471146268,1.1876854161681232,,
2021-01-13,buy_hold,1.0,0.002693019293887877,1.190883875908933,,
2021-01-14,buy_hold,1.0,-0.003501983105316353,1.1867134206951064,,
2021-01-15,buy_hold,1.0,-0.0072924217895834476,1.1780594058880383,,
2021-01-19,buy_hold,1.0,0.007851547293575623,1.1873089950280098,,
2021-01-20,buy_hold,1.0,0.013838868162580287,1.2037400076784481,,
2021-01-21,buy_hold,1.0,0.0009115743601755266,1.2048373062057653,,
2021-01-22,buy_hold,1.0,-0.0035393204794977873,1.2005730008534483,,
2021-01-25,buy_hold,1.0,0.003943939732637736,1.2053079884134463,,
2021-01-26,buy_hold,1.0,-0.0015610923595564818,1.2034263913218217,,
2021-01-27,buy_hold,1.0,-0.024440416316123037,1.1740141493121068,,
2021-01-28,buy_hold,1.0,0.008600234426549891,1.1841109462162775,,
2021-01-29,buy_hold,1.0,-0.020019628353843633,1.1604054851433097,,
2021-02-01,buy_hold,1.0,0.01664560142907834,1.1797211323451215,,
2021-02-02,buy_hold,1.0,0.01414013264417835,1.196402545639622,,
2021-02-03,buy_hold,1.0,0.0007860549480012136,1.1973429837804233,,
2021-02-04,buy_hold,1.0,0.011366236838600718,1.2109522677111084,,
2021-02-05,buy_hold,1.0,0.003935686505302849,1.215718196209705,,
2021-02-08,buy_hold,1.0,0.007221842569723913,1.2244979216318803,,
2021-02-09,buy_hold,1.0,-0.0006656892364624856,1.2236827865453792,,
2021-02-10,buy_hold,1.0,-0.00043580046437874387,1.2231495050187504,,
2021-02-11,buy_hold,1.0,0.0016152176708956745,1.225125157713404,,
2021-02-12,buy_hold,1.0,0.004939778440439246,1.2311770045543162,,
2021-02-16,buy_hold,1.0,-0.0008662133886342405,1.2301105425491927,,
2021-02-17,buy_hold,1.0,0.00022954758583715318,1.2303929114545478,,
2021-02-18,buy_hold,1.0,-0.004255877797017749,1.2251565095810804,,
2021-02-19,buy_hold,1.0,-0.0017662771899401575,1.2229925435841007,,
2021-02-22,buy_hold,1.0,-0.0076916744136455995,1.2135856831285354,,
2021-02-23,buy_hold,1.0,0.0012145208636356042,1.2150596082605045,,
2021-02-24,buy_hold,1.0,0.011019552625333606,1.2284490215566484,,
2021-02-25,buy_hold,1.0,-0.02409587327137175,1.1988484696128787,,
2021-02-26,buy_hold,1.0,-0.005152572172426928,1.1926713163493947,,
2021-03-01,buy_hold,1.0,0.024240223158821905,1.2215819352128299,,
2021-03-02,buy_hold,1.0,-0.007803467097999173,1.2120493607738865,,
2021-03-03,buy_hold,1.0,-0.013245567506533495,1.195995079144505,,
2021-03-04,buy_hold,1.0,-0.012374735459726893,1.1811949564289568,,
2021-03-05,buy_hold,1.0,0.018396639007687288,1.202924973640081,,
2021-03-08,buy_hold,1.0,-0.004978819631375253,1.1969358271662502,,
2021-03-09,buy_hold,1.0,0.014277445719665938,1.2140250134685397,,
2021-03-10,buy_hold,1.0,0.006224683725996272,1.2215819352128299,,
2021-03-11,buy_hold,1.0,0.010139112013267448,1.2339676912873367,,
2021-03-12,buy_hold,1.0,0.001346819639895358,1.2356296232089587,,
2021-03-15,buy_hold,1.0,0.005963444306901211,1.2429982316509227,,
2021-03-16,buy_hold,1.0,-0.0012614504953201156,1.2414302509159247,,
2021-03-17,buy_hold,1.0,0.0034100675751407294,1.245663611961372,,
2021-03-18,buy_hold,1.0,-0.01454974475684423,1.2275395243544454,,
2021-03-19,buy_hold,1.0,-0.0018503547026522682,1.2252681408228645,,
2021-03-22,buy_hold,1.0,0.007985022418292465,1.2350519343957547,,
2021-03-23,buy_hold,1.0,-0.007870914994485223,1.2253309456063513,,
2021-03-24,buy_hold,1.0,-0.005083154364717735,1.2191023992619687,,
2021-03-25,buy_hold,1.0,0.005625316688284254,1.2259602363332645,,
2021-03-26,buy_hold,1.0,0.016114971888928853,1.2457165510787196,,
2021-03-29,buy_hold,1.0,-0.0005051636557035222,1.2450872603518064,,
2021-03-30,buy_hold,1.0,-0.0026529051873807052,1.2417841619000773,,
2021-03-31,buy_hold,1.0,0.004053352901706608,1.2468175513360082,,
2021-04-01,buy_hold,1.0,0.010799052562000977,1.2602819996081112,,
2021-04-05,buy_hold,1.0,0.014353332203415503,1.278371245818471,,
2021-04-06,buy_hold,1.0,-0.0005906779903689374,1.2776161400600456,,
2021-04-07,buy_hold,1.0,0.0011571932083034309,1.279094588780142,,
2021-04-08,buy_hold,1.0,0.004746783359879103,1.285166173689875,,
2021-04-09,buy_hold,1.0,0.007270297427584449,1.294509714016471,,
2021-04-12,buy_hold,1.0,0.0003647098622294731,1.2949818344759245,,
2021-04-13,buy_hold,1.0,0.002963532343154718,1.2988195550261918,,
2021-04-14,buy_hold,1.0,-0.003415146771034494,1.2943838956166878,,
2021-04-15,buy_hold,1.0,0.010742415252662507,1.3082887049197611,,
2021-04-16,buy_hold,1.0,0.0033424207067618283,1.3126615561775075,,
2021-04-19,buy_hold,1.0,-0.004913024045379744,1.3062124183885617,,
2021-04-20,buy_hold,1.0,-0.007321639490669107,1.2966488019628857,,
2021-04-21,buy_hold,1.0,0.009462152935174384,1.3089178912302692,,
2021-04-22,buy_hold,1.0,-0.009133152443168147,1.296963344594073,,
2021-04-23,buy_hold,1.0,0.010842389436381383,1.3110255262608737,,
2021-04-26,buy_hold,1.0,0.0020877787405582104,1.3137626574829302,,
2021-04-27,buy_hold,1.0,-0.00021563393511825346,1.3134793656712858,,
2021-04-28,buy_hold,1.0,-0.00028728842228964435,1.313102018256612,,
2021-04-29,buy_hold,1.0,0.006372889490944278,1.3214702723092973,,
2021-04-30,buy_hold,1.0,-0.006570713189966604,1.3127872701608858,,
2021-05-03,buy_hold,1.0,0.0021566226984657266,1.3156184569859717,,
2021-05-04,buy_hold,1.0,-0.006169200550219633,1.3075021428772546,,
2021-05-05,buy_hold,1.0,0.00031289448637350503,1.3079112530886825,,
2021-05-06,buy_hold,1.0,0.007985664592470965,1.3183557936725672,,
2021-05-07,buy_hold,1.0,0.007277980905764148,1.3279507619659197,,
2021-05-10,buy_hold,1.0,-0.009902252343438556,1.3148010584212717,,
2021-05-11,buy_hold,1.0,-0.008924901955285836,1.3030665878841559,,
2021-05-12,buy_hold,1.0,-0.021245430888066186,1.275382376748715,,
2021-05-13,buy_hold,1.0,0.012012761386759552,1.2907032409174755,,
2021-05-14,buy_hold,1.0,0.015355290254888354,1.3105223638146883,,
2021-05-17,buy_hold,1.0,-0.0025446038102260315,1.307187603614339,,
2021-05-18,buy_hold,1.0,-0.008615867769141139,1.2959250480721374,,
2021-05-19,buy_hold,1.0,-0.0026214930224683908,1.2925277896009744,,
2021-05-20,buy_hold,1.0,0.010757919839773589,1.3064326999521814,,
2021-05-21,buy_hold,1.0,-0.0008189123360050621,1.3053628460980302,,
2021-05-24,buy_hold,1.0,0.010194318599585861,1.3186701308392157,,
2021-05-25,buy_hold,1.0,-0.0022188717264742808,1.3157441709693505,,
2021-05-26,buy_hold,1.0,0.0019849015947326354,1.3183557936725676,,
2021-05-27,buy_hold,1.0,0.0005248894853089325,1.3190477847665625,,
2021-05-28,buy_hold,1.0,0.0017886940151470299,1.3214071576448674,,
2021-06-01,buy_hold,1.0,-0.000880887089630189,1.320243147139553,,
2021-06-02,buy_hold,1.0,0.0015726546550896003,1.3223194336707522,,
2021-06-03,buy_hold,1.0,-0.0037112616144964194,1.3174119603144674,,
2021-06-04,buy_hold,1.0,0.009145736983049213,1.3294606636018267,,
2021-06-07,buy_hold,1.0,-0.0009701870631749765,1.3281708380650001,,
2021-06-08,buy_hold,1.0,0.00021306393037834326,1.3284538233639722,,
2021-06-09,buy_hold,1.0,-0.0014915937999274709,1.3264723098775526,,
2021-06-10,buy_hold,1.0,0.004648148677397934,1.332637950390315,,
2021-06-11,buy_hold,1.0,0.001652513805569189,1.3348401530011604,,
2021-06-14,buy_hold,1.0,0.0022390431143626266,1.3378289176545124,,
2021-06-15,buy_hold,1.0,-0.001834270754774825,1.3353749771959667,,
2021-06-16,buy_hold,1.0,-0.005583433982308539,1.3279189991691662,,
2021-06-17,buy_hold,1.0,-0.00033153875713864966,1.3274787425546009,,
2021-06-18,buy_hold,1.0,-0.013490561825025504,1.309570308506761,,
2021-06-21,buy_hold,1.0,0.0143161738885218,1.3283183447625888,,
2021-06-22,buy_hold,1.0,0.005346272394088247,1.3354198964597541,,
2021-06-23,buy_hold,1.0,-0.0012051668075482302,1.3338104927264014,,
2021-06-24,buy_hold,1.0,0.0059154335491837795,1.3417005600633285,,
2021-06-25,buy_hold,1.0,0.0035523082459698596,1.3464666940264638,,
2021-06-28,buy_hold,1.0,0.0020157994109979427,1.3491809007952107,,
2021-06-29,buy_hold,1.0,0.0005379648525867253,1.3499067126996198,,
2021-06-30,buy_hold,1.0,0.00084165438424888,1.3510428676026904,,
2021-07-01,buy_hold,1.0,0.005536790844608674,1.358523309382707,,
2021-07-02,buy_hold,1.0,0.00764328805367831,1.3689068943639553,,
2021-07-06,buy_hold,1.0,-0.0018211627898890859,1.366413892065117,,
2021-07-07,buy_hold,1.0,0.0035337227216318823,1.371242419882661,,
2021-07-08,buy_hold,1.0,-0.008147876323219228,1.3600697062363052,,
2021-07-09,buy_hold,1.0,0.0106749529220318,1.3745883863210593,,
2021-07-12,buy_hold,1.0,0.003581804106493225,1.379511892647922,,
2021-07-13,buy_hold,1.0,-0.003409190833199238,1.3748088733492174,,
2021-07-14,buy_hold,1.0,0.0014925156986502763,1.3768607971753348,,
2021-07-15,buy_hold,1.0,-0.003415755106364604,1.3721577778766298,,
2021-07-16,buy_hold,1.0,-0.00784339149711255,1.3613954072289354,,
2021-07-19,buy_hold,1.0,-0.01476807550364212,1.3412902170646668,,
2021-07-20,buy_hold,1.0,0.014330597737985507,1.3605117076153157,,
2021-07-21,buy_hold,1.0,0.008096090519097432,1.3715265335524611,,
2021-07-22,buy_hold,1.0,0.002094238237832391,1.3743988368632285,,
2021-07-23,buy_hold,1.0,0.01028820710814804,1.3885389367460752,,
2021-07-26,buy_hold,1.0,0.002454489923239045,1.3919470915743435,,
2021-07-27,buy_hold,1.0,-0.004557485199261246,1.3856033133063386,,
2021-07-28,buy_hold,1.0,-0.00041009623924470606,1.3850350825984665,,
2021-07-29,buy_hold,1.0,0.004147622919764782,1.3907796858517303,,
2021-07-30,buy_hold,1.0,-0.0048566490409561736,1.3840251570242572,,
2021-08-02,buy_hold,1.0,-0.0020979786123879185,1.3811215018458134,,
2021-08-03,buy_hold,1.0,0.008135517531740355,1.3923576400375435,,
2021-08-04,buy_hold,1.0,-0.004918918900219893,1.3855087457260973,,
2021-08-05,buy_hold,1.0,0.006332895640749792,1.3942830280221268,,
2021-08-06,buy_hold,1.0,0.0016524393829557837,1.3965869962086175,,
2021-08-09,buy_hold,1.0,-0.0008136695892877466,1.3954506358410077,,
2021-08-10,buy_hold,1.0,0.0012437796204576301,1.3971862689032213,,
2021-08-11,buy_hold,1.0,0.0024852791219118764,1.4006586667667484,,
2021-08-12,buy_hold,1.0,0.002996798881682805,1.4048561590929343,,
2021-08-13,buy_hold,1.0,0.0018196304603790292,1.4074124781524708,,
2021-08-16,buy_hold,1.0,0.0023548946094322787,1.4107267862105197,,
2021-08-17,buy_hold,1.0,-0.00655530188376352,1.4014790462513982,,
2021-08-18,buy_hold,1.0,-0.010944908245636875,1.386139986681994,,
2021-08-19,buy_hold,1.0,0.0015481693405896557,1.3882859661111404,,
2021-08-20,buy_hold,1.0,0.007956998056274589,1.3993325548450402,,
2021-08-23,buy_hold,1.0,0.008796536202838157,1.4116418343235446,,
2021-08-24,buy_hold,1.0,0.0015874833714735193,1.4138827922620096,,
2021-08-25,buy_hold,1.0,0.002098456785371461,1.4168497642011517,,
2021-08-26,buy_hold,1.0,-0.005903191813574349,1.4084858282720547,,
2021-08-27,buy_hold,1.0,0.008941086161835532,1.4210792214203594,,
2021-08-30,buy_hold,1.0,0.004397436945924094,1.4273283276917184,,
2021-08-31,buy_hold,1.0,-0.0014816724260134917,1.4252134946657096,,
2021-09-01,buy_hold,1.0,0.000531478468028368,1.425970964950468,,
2021-09-02,buy_hold,1.0,0.003076815343835193,1.430358414295291,,
2021-09-03,buy_hold,1.0,-0.00024282917285955996,1.430011081544655,,
2021-09-07,buy_hold,1.0,-0.0035755334223698254,1.4248980291282327,,
2021-09-08,buy_hold,1.0,-0.0012182927533557208,1.423162086185075,,
2021-09-09,buy_hold,1.0,-0.004280274983400223,1.4170705611102532,,
2021-09-10,buy_hold,1.0,-0.007884518539529206,1.4058976419993583,,
2021-09-13,buy_hold,1.0,0.0025592243154941574,1.409495649429859,,
2021-09-14,buy_hold,1.0,-0.005396366967483135,1.4018894936664645,,
2021-09-15,buy_hold,1.0,0.008352428354997832,1.4135986752239378,,
2021-09-16,buy_hold,1.0,-0.001585140473883917,1.4113579227500117,,
2021-09-17,buy_hold,1.0,-0.009741082796565381,1.3976097683689153,,
2021-09-20,buy_hold,1.0,-0.016674078771511724,1.3743059129992976,,
2021-09-21,buy_hold,1.0,-0.0009447367979118493,1.3730075556316994,,
2021-09-22,buy_hold,1.0,0.00975487901139771,1.3864010782186216,,
2021-09-23,buy_hold,1.0,0.012149981533317256,1.403245825716749,,
2021-09-24,buy_hold,1.0,0.0016473073132372562,1.405557402827722,,
2021-09-27,buy_hold,1.0,-0.0028611521839283505,1.4015358891949847,,
2021-09-28,buy_hold,1.0,-0.020151673486682342,1.3732925955760604,,
2021-09-29,buy_hold,1.0,0.001683085080053992,1.375603963854223,,
2021-09-30,buy_hold,1.0,-0.012222330111930968,1.358790878104716,,
2021-10-01,buy_hold,1.0,0.01188426642849505,1.3749391109207212,,
2021-10-04,buy_hold,1.0,-0.012896005667686783,1.3572078883535634,,
2021-10-05,buy_hold,1.0,0.010404886917059208,1.371329482954823,,
2021-10-06,buy_hold,1.0,0.004156170049415486,1.3770289614797604,,
2021-10-07,buy_hold,1.0,0.008645575753100543,1.3889341696804471,,
2021-10-08,buy_hold,1.0,-0.0018237663937724635,1.3864010782186216,,
2021-10-11,buy_hold,1.0,-0.00723973408171219,1.3763639030817196,,
2021-10-12,buy_hold,1.0,-0.0024615649909554005,1.372975893883079,,
2021-10-13,buy_hold,1.0,0.0035975410953525966,1.3779152310842517,,
2021-10-14,buy_hold,1.0,0.01682079484003496,1.4010928604932793,,
2021-10-15,buy_hold,1.0,0.007615675550701084,1.4117631291351997,,
2021-10-18,buy_hold,1.0,0.0029605557419365436,1.4159427325734153,,
2021-10-19,buy_hold,1.0,0.007715044460277154,1.4268667937084256,,
2021-10-20,buy_hold,1.0,0.003927619704506169,1.4324709838431005,,
2021-10-21,buy_hold,1.0,0.002608265645662522,1.4362072486986668,,
2021-10-22,buy_hold,1.0,-0.0010363537741431283,1.4347188298960263,,
2021-10-25,buy_hold,1.0,0.005362969930133632,1.4424131838389551,,
2021-10-26,buy_hold,1.0,0.0009000585504972403,1.4437114401584192,,
2021-10-27,buy_hold,1.0,-0.00443031581349973,1.437315342534955,,
2021-10-28,buy_hold,1.0,0.009648907590266154,1.4511838654531466,,
2021-10-29,buy_hold,1.0,0.002029148282186144,1.454128532700867,,
2021-11-01,buy_hold,1.0,0.0017201565121793827,1.4566298613659383,,
2021-11-02,buy_hold,1.0,0.004043192920713645,1.462519296909513,,
2021-11-03,buy_hold,1.0,0.006105207390848744,1.471448280530264,,
2021-11-04,buy_hold,1.0,0.004712577233635162,1.4783825941975626,,
2021-11-05,buy_hold,1.0,0.003469460357242049,1.4835117840009677,,
2021-11-08,buy_hold,1.0,0.0008537131530526043,1.484778277523678,,
2021-11-09,buy_hold,1.0,-0.0033053935223728015,1.4798705010229913,,
2021-11-10,buy_hold,1.0,-0.00804469294850596,1.4679653972387097,,
2021-11-11,buy_hold,1.0,0.00032343507507226477,1.468440188737169,,
2021-11-12,buy_hold,1.0,0.007546819642791247,1.4795222419977947,,
2021-11-15,buy_hold,1.0,0.00034244751260681383,1.4800289007094134,,
2021-11-16,buy_hold,1.0,0.003957950805435262,1.4858867822890436,,
2021-11-17,buy_hold,1.0,-0.0024292049653559245,1.4822772587395503,,
2021-11-18,buy_hold,1.0,0.0033963387624069696,1.4873115744500418,,
2021-11-19,buy_hold,1.0,-0.0017882791993174552,1.4846518460985487,,
2021-11-22,buy_hold,1.0,-0.002815139725225624,1.480472343708467,,
2021-11-23,buy_hold,1.0,0.001325865467896259,1.4824352508651655,,
2021-11-24,buy_hold,1.0,0.0026699912087577715,1.486393339952528,,
2021-11-26,buy_hold,1.0,-0.02230316930897358,1.4532420576318361,,
2021-11-29,buy_hold,1.0,0.012266505075916534,1.4710682587083124,,
2021-11-30,buy_hold,1.0,-0.019457711621540197,1.4424446367547648,,
2021-12-01,buy_hold,1.0,-0.011107107118906612,1.4264232496612372,,
2021-12-02,buy_hold,1.0,0.015316356438894507,1.448270856585775,,
2021-12-03,buy_hold,1.0,-0.008701289453998173,1.4356690326548323,,
2021-12-06,buy_hold,1.0,0.011843220618083405,1.4526719777431139,,
2021-12-07,buy_hold,1.0,0.020684785767459024,1.4827201863931212,,
2021-12-08,buy_hold,1.0,0.002647987987555167,1.4866464116355957,,
2021-12-09,buy_hold,1.0,-0.006751419141819648,1.4766094385949617,,
2021-12-10,buy_hold,1.0,0.009413372569996747,1.4905093133808298,,
2021-12-13,buy_hold,1.0,-0.008858355350985003,1.4773058522289497,,
2021-12-14,buy_hold,1.0,-0.006879966920530167,1.4671420368341088,,
2021-12-15,buy_hold,1.0,0.015625104638459453,1.4900662846791244,,
2021-12-16,buy_hold,1.0,-0.008818564364836412,1.476926039239809,,
2021-12-17,buy_hold,1.0,-0.010642826164874664,1.4612073721458028,,
2021-12-20,buy_hold,1.0,-0.010633646539398911,1.4456694094296403,,
2021-12-21,buy_hold,1.0,0.01775926321012955,1.4713434329865338,,
2021-12-22,buy_hold,1.0,0.009998557223861448,1.4860547444972023,,
2021-12-23,buy_hold,1.0,0.00622211222126956,1.495301143884414,,
2021-12-27,buy_hold,1.0,0.014152190406462095,1.5164629303876667,,
2021-12-28,buy_hold,1.0,-0.0008172005324036391,1.5152236760735835,,
2021-12-29,buy_hold,1.0,0.001279173894441099,1.517161910644256,,
2021-12-30,buy_hold,1.0,-0.0027645714962911683,1.5129676080708303,,
2021-12-31,buy_hold,1.0,-0.00252011070668956,1.5091547622028565,,
2022-01-03,buy_hold,1.0,0.005789993266425153,1.5178927581140045,,
2022-01-04,buy_hold,1.0,-0.00033494253241361793,1.5173843512696694,,
2022-01-05,buy_hold,1.0,-0.019202164790246945,1.4882472869064474,,
2022-01-06,buy_hold,1.0,-0.0009394059106672126,1.486849218608593,,
2022-01-07,buy_hold,1.0,-0.003953552933701587,1.480970881518391,,
2022-01-10,buy_hold,1.0,-0.00124441756648197,1.4791279353379814,,
2022-01-11,buy_hold,1.0,0.009108385964317955,1.4926004034636444,,
2022-01-12,buy_hold,1.0,0.0027035254149414545,1.4966356865887602,,
2022-01-13,buy_hold,1.0,-0.013778508834274339,1.4760142785594068,,
2022-01-14,buy_hold,1.0,0.00040879371047997104,1.4766176639130606,,
2022-01-18,buy_hold,1.0,-0.017709423692852444,1.4504676160704741,,
2022-01-19,buy_hold,1.0,-0.010383625968048205,1.4354065028664318,,
2022-01-20,buy_hold,1.0,-0.011068113663819545,1.4195192605389204,,
2022-01-21,buy_hold,1.0,-0.019630698794802615,1.39165310550186,,
2022-01-24,buy_hold,1.0,0.00424696738585828,1.3975634108533548,,
2022-01-25,buy_hold,1.0,-0.01220923483570413,1.3805002309724586,,
2022-01-26,buy_hold,1.0,-0.0025086186248336473,1.377037082381454,,
2022-01-27,buy_hold,1.0,-0.004937962861860434,1.3702373244092496,,
2022-01-28,buy_hold,1.0,0.024835445927284594,1.4042677793871627,,
2022-01-31,buy_hold,1.0,0.018010918519493435,1.4295599319412549,,
2022-02-01,buy_hold,1.0,0.006756986975822166,1.4392194497825392,,
2022-02-02,buy_hold,1.0,0.009713993553545741,1.4532000182398646,,
2022-02-03,buy_hold,1.0,-0.02350502734393156,1.4190425120749346,,
2022-02-04,buy_hold,1.0,0.004702262333002194,1.4257152222283933,,
2022-02-07,buy_hold,1.0,-0.0032092356616105766,1.421139766093917,,
2022-02-08,buy_hold,1.0,0.008227933979097157,1.4328328102644072,,
2022-02-09,buy_hold,1.0,0.0146360441413389,1.4538038145225958,,
2022-02-10,buy_hold,1.0,-0.017965622492844946,1.427685324012225,,
2022-02-11,buy_hold,1.0,-0.019718786647606623,1.3995331017081087,,
2022-02-14,buy_hold,1.0,-0.003269345453155603,1.3949575445254985,,
2022-02-15,buy_hold,1.0,0.016126814404645362,1.417453765948421,,
2022-02-16,buy_hold,1.0,0.0011208451130328978,1.4190425120749344,,
2022-02-17,buy_hold,1.0,-0.021361298713458376,1.3887299210874053,,
2022-02-18,buy_hold,1.0,-0.006474974265308964,1.3797379305868998,,
2022-02-22,buy_hold,1.0,-0.010731756010875504,1.3649309197568908,,
2022-02-23,buy_hold,1.0,-0.01773856388597317,1.3407190054368432,,
2022-02-24,buy_hold,1.0,0.015049265787723032,1.360895842096314,,
2022-02-25,buy_hold,1.0,0.02206363922856225,1.3909221569839774,,
2022-02-28,buy_hold,1.0,-0.0025584770707245408,1.387363514538171,,
2022-03-01,buy_hold,1.0,-0.015230193566624362,1.3662336996644824,,
2022-03-02,buy_hold,1.0,0.018396149666508377,1.3913671392829376,,
2022-03-03,buy_hold,1.0,-0.004978271729381256,1.3844405355882554,,
2022-03-04,buy_hold,1.0,-0.008124623784205531,1.3731924770849968,,
2022-03-07,buy_hold,1.0,-0.029479352843546525,1.3327116515309045,,
2022-03-08,buy_hold,1.0,-0.007581606971097221,1.3226075555831953,,
2022-03-09,buy_hold,1.0,0.026810655996851507,1.358067531774773,,
2022-03-10,buy_hold,1.0,-0.00451548360893772,1.3519352000952136,,
2022-03-11,buy_hold,1.0,-0.012715048166331067,1.3347452789082446,,
2022-03-14,buy_hold,1.0,-0.007308367936537663,1.3249904693084265,,
2022-03-15,buy_hold,1.0,0.021990553042423144,1.3541277425044584,,
2022-03-16,buy_hold,1.0,0.022174219517286264,1.3841544683211997,,
2022-03-17,buy_hold,1.0,0.012511015377877799,1.4014716461597245,,
2022-03-18,buy_hold,1.0,0.010952445360718155,1.4168211877888846,,
2022-03-21,buy_hold,1.0,-0.00029216129444975536,1.4164072474766563,,
2022-03-22,buy_hold,1.0,0.01170128882416166,1.4329810377720165,,
2022-03-23,buy_hold,1.0,-0.012878373121662401,1.4145265732913215,,
2022-03-24,buy_hold,1.0,0.015074419605995537,1.4358497404009458,,
2022-03-25,buy_hold,1.0,0.004883535409893502,1.4428617634514802,,
2022-03-28,buy_hold,1.0,0.007112955128191878,1.4531247744310944,,
2022-03-29,buy_hold,1.0,0.01237091511051669,1.4711012576605702,,
2022-03-30,buy_hold,1.0,-0.006174680690242074,1.4620176771315025,,
2022-03-31,buy_hold,1.0,-0.015391255544445315,1.4395153894522752,,
2022-04-01,buy_hold,1.0,0.002833929374457478,1.4435948743994276,,
2022-04-04,buy_hold,1.0,0.008566626991421522,1.4559616132151354,,
2022-04-05,buy_hold,1.0,-0.0126314006522259,1.437570778744354,,
2022-04-06,buy_hold,1.0,-0.00999927785479493,1.423196109091755,,
2022-04-07,buy_hold,1.0,0.0050389066791118875,1.4303674614715436,,
2022-04-08,buy_hold,1.0,-0.002673833253519109,1.4265428973883092,,
2022-04-11,buy_hold,1.0,-0.017092414786359478,1.4021598344756132,,
2022-04-12,buy_hold,1.0,-0.0037050554405516634,1.3969647545523662,,
2022-04-13,buy_hold,1.0,0.011453553656807225,1.4129649653253002,,
2022-04-14,buy_hold,1.0,-0.012451824989684779,1.3953709728605135,,
2022-04-18,buy_hold,1.0,0.000411128806207417,1.395944650062802,,
2022-04-19,buy_hold,1.0,0.01614265718881236,1.4184789060033225,,
2022-04-20,buy_hold,1.0,-0.0007416171858457554,1.4174269376688708,,
2022-04-21,buy_hold,1.0,-0.014953430437440685,1.3962315425562848,,
2022-04-22,buy_hold,1.0,-0.027439226906940783,1.357920028445455,,
2022-04-25,buy_hold,1.0,0.005797612252212092,1.3657927222398945,,
2022-04-26,buy_hold,1.0,-0.028960888836886634,1.3262381510368761,,
2022-04-27,buy_hold,1.0,0.0028118438923825373,1.329967325681714,,
2022-04-28,buy_hold,1.0,0.025259422511581198,1.3635615322877062,,
2022-04-29,buy_hold,1.0,-0.03695561820402615,1.3131702729027848,,
2022-05-02,buy_hold,1.0,0.006019525585405638,1.3210749349585171,,
2022-05-03,buy_hold,1.0,0.004584038567061466,1.3271307934103451,,
2022-05-04,buy_hold,1.0,0.030452710592192345,1.3675455233800569,,
2022-05-05,buy_hold,1.0,-0.03554279408205374,1.318939134444725,,
2022-05-06,buy_hold,1.0,-0.00596888252134542,1.3110665416984195,,
2022-05-09,buy_hold,1.0,-0.03201733241307214,1.2690896884172043,,
2022-05-10,buy_hold,1.0,0.0023107414157934603,1.2720222265205863,,
2022-05-11,buy_hold,1.0,-0.015886096402890515,1.2518147588034607,,
2022-05-12,buy_hold,1.0,-0.0010440790904434616,1.2505077651886856,,
2022-05-13,buy_hold,1.0,0.023907972002350064,1.280404869827538,,
2022-05-16,buy_hold,1.0,-0.00405769376136822,1.2752093789752135,,
2022-05-17,buy_hold,1.0,0.020570315266089434,1.3014408379310076,,
2022-05-18,buy_hold,1.0,-0.0403115699516019,1.2489777145548804,,
2022-05-19,buy_hold,1.0,-0.006124472977856565,1.2413283842921439,,
2022-05-20,buy_hold,1.0,0.00043656006935144376,1.2418702986976784,,
2022-05-23,buy_hold,1.0,0.01871008566649457,1.2651057983729872,,
2022-05-24,buy_hold,1.0,-0.007633964755563882,1.2554480252961484,,
2022-05-25,buy_hold,1.0,0.008835111545580032,1.2665400486393181,,
2022-05-26,buy_hold,1.0,0.01998141523086394,1.291847311257699,,
2022-05-27,buy_hold,1.0,0.024548978926760334,1.3235608436783561,,
2022-05-31,buy_hold,1.0,-0.005610905102935271,1.316134469386516,,
2022-06-01,buy_hold,1.0,-0.00808861155141849,1.3054887689142163,,
2022-06-02,buy_hold,1.0,0.019043553498148125,1.3303499141262658,,
2022-06-03,buy_hold,1.0,-0.016411559387724428,1.3085167975041285,,
2022-06-06,buy_hold,1.0,0.003044821383080931,1.3125009974292896,,
2022-06-07,buy_hold,1.0,0.009592061564035026,1.3250905877994887,,
2022-06-08,buy_hold,1.0,-0.010872035906070887,1.310684155350136,,
2022-06-09,buy_hold,1.0,-0.023782941451267026,1.2795122308223403,,
2022-06-10,buy_hold,1.0,-0.028995596073005614,1.2424120110069454,,
2022-06-13,buy_hold,1.0,-0.03796802734241944,1.1952400778024834,,
2022-06-14,buy_hold,1.0,-0.003013551888173316,1.1916381598092014,,
2022-06-15,buy_hold,1.0,0.014256384186563942,1.2086266112268114,,
2022-06-16,buy_hold,1.0,-0.03309598534219549,1.1686259226174613,,
2022-06-17,buy_hold,1.0,0.00215561976495815,1.171145035754098,,
2022-06-21,buy_hold,1.0,0.025173681898878808,1.2006270683416227,,
2022-06-22,buy_hold,1.0,-0.0018128077633648987,1.198450562271227,,
2022-06-23,buy_hold,1.0,0.009802261625003528,1.210198088227242,,
2022-06-24,buy_hold,1.0,0.03179397468113199,1.2486750956034933,,
2022-06-27,buy_hold,1.0,-0.0038195046609135197,1.243905775255869,,
2022-06-28,buy_hold,1.0,-0.020433087740328926,1.218488939409364,,
2022-06-29,buy_hold,1.0,-0.0008142416716528933,1.2174967949384488,,
2022-06-30,buy_hold,1.0,-0.008124388181679043,1.2076053783664187,,
2022-07-01,buy_hold,1.0,0.010576424654916261,1.2203775256635827,,
2022-07-05,buy_hold,1.0,0.0018887588709100012,1.222682524541039,,
2022-07-06,buy_hold,1.0,0.003377360593117995,1.226811964317318,,
2022-07-07,buy_hold,1.0,0.014976843512821691,1.245185735126556,,
2022-07-08,buy_hold,1.0,-0.0008222900973839931,1.2441618312271576,,
2022-07-11,buy_hold,1.0,-0.011423654376906067,1.22994895647828,,
2022-07-12,buy_hold,1.0,-0.008848960616153478,1.2190651866025246,,
2022-07-13,buy_hold,1.0,-0.005251610960145037,1.2126631305074316,,
2022-07-14,buy_hold,1.0,-0.0024284342767368905,1.2097182577951722,,
2022-07-15,buy_hold,1.0,0.019105056712162005,1.2328299937160867,,
2022-07-18,buy_hold,1.0,-0.008257052395409525,1.2226504518633405,,
2022-07-19,buy_hold,1.0,0.027019103135834444,1.2556853705213107,,
2022-07-20,buy_hold,1.0,0.00637319623016297,1.2636880997909878,,
2022-07-21,buy_hold,1.0,0.010183178874689114,1.2765564617529754,,
2022-07-22,buy_hold,1.0,-0.009278040628803885,1.2647125190358692,,
2022-07-25,buy_hold,1.0,0.0012150024959767247,1.2662491479031908,,
2022-07-26,buy_hold,1.0,-0.011830950910888594,1.2512682163933937,,
2022-07-27,buy_hold,1.0,0.02596641216734974,1.2837591626321692,,
2022-07-28,buy_hold,1.0,0.01254235250944502,1.2998605225871318,,
2022-07-29,buy_hold,1.0,0.014578581385860545,1.3188106450059356,,
2022-08-01,buy_hold,1.0,-0.002961194164764147,1.3149053906195152,,
2022-08-02,buy_hold,1.0,-0.006597342522590255,1.306230509372798,,
2022-08-03,buy_hold,1.0,0.015659557567266003,1.3266855012304404,,
2022-08-04,buy_hold,1.0,-0.0006756241282040998,1.3257891604952705,,
2022-08-05,buy_hold,1.0,-0.0016901273148809404,1.3235484080213444,,
2022-08-08,buy_hold,1.0,-0.0011611470517788325,1.322011573689484,,
2022-08-09,buy_hold,1.0,-0.003970733954758776,1.3167622174452511,,
2022-08-10,buy_hold,1.0,0.021003770886192097,1.3444191893720654,,
2022-08-11,buy_hold,1.0,0.0,1.3444191893720654,,
2022-08-12,buy_hold,1.0,0.016929156568386228,1.367179072322488,,
2022-08-15,buy_hold,1.0,0.004120743203056998,1.3728128661921226,,
2022-08-16,buy_hold,1.0,0.001958697060514103,1.3755017907177691,,
2022-08-17,buy_hold,1.0,-0.0070980216067149104,1.3657384492871794,,
2022-08-18,buy_hold,1.0,0.0029065607987797115,1.3697080511252637,,
2022-08-19,buy_hold,1.0,-0.013438159649442394,1.351301695661116,,
2022-08-22,buy_hold,1.0,-0.02082245500234825,1.3231642769086154,,
2022-08-23,buy_hold,1.0,-0.0024192232117700163,1.3199632471769331,,
2022-08-24,buy_hold,1.0,0.003200952075488317,1.3241883862725525,,
2022-08-25,buy_hold,1.0,0.014117689702359382,1.3428828670174164,,
2022-08-26,buy_hold,1.0,-0.03384897826986166,1.2974276540327743,,
2022-08-29,buy_hold,1.0,-0.006612377077501619,1.2888485731535313,,
2022-08-30,buy_hold,1.0,-0.010977649036453818,1.2747000458563176,,
2022-08-31,buy_hold,1.0,-0.007609084602395844,1.265000745364719,,
2022-09-01,buy_hold,1.0,0.003137781017091168,1.2689700406901305,,
2022-09-02,buy_hold,1.0,-0.01054443723937104,1.2555894657374314,,
2022-09-06,buy_hold,1.0,-0.003773171336553527,1.2508519115548322,,
2022-09-07,buy_hold,1.0,0.017964914616335648,1.273323359343595,,
2022-09-08,buy_hold,1.0,0.006536540198751828,1.2816464886679542,,
2022-09-09,buy_hold,1.0,0.01553509822639021,1.301556992760919,,
2022-09-12,buy_hold,1.0,0.010747735585115992,1.3155457831680721,,
2022-09-13,buy_hold,1.0,-0.043482523869380896,1.258342532250203,,
2022-09-14,buy_hold,1.0,0.003815809287637917,1.2631441273717932,,
2022-09-15,buy_hold,1.0,-0.011353298408071644,1.2488032751613378,,
2022-09-16,buy_hold,1.0,-0.00762891990223169,1.2392762550014873,,
2022-09-19,buy_hold,1.0,0.007755002402463518,1.2488868453363398,,
2022-09-20,buy_hold,1.0,-0.011478624704418516,1.2345513419404388,,
2022-09-21,buy_hold,1.0,-0.01744376761971478,1.2130161152170227,,
2022-09-22,buy_hold,1.0,-0.008399806794313958,1.2028270142108104,,
2022-09-23,buy_hold,1.0,-0.016754943930186283,1.1826737150299949,,
2022-09-26,buy_hold,1.0,-0.00989260746368692,1.1709739882095829,,
2022-09-27,buy_hold,1.0,-0.0025527258611443004,1.167984812627153,,
2022-09-28,buy_hold,1.0,0.019676375012553704,1.1909665198093722,,
2022-09-29,buy_hold,1.0,-0.020889091724908604,1.166088310935779,,
2022-09-30,buy_hold,1.0,-0.01546339354202153,1.148056628479028,,
2022-10-03,buy_hold,1.0,0.026401066982800536,1.178366548427551,,
2022-10-04,buy_hold,1.0,0.03098661302891359,1.214880136669892,,
2022-10-05,buy_hold,1.0,-0.002328223445616562,1.2120516242520833,,
2022-10-06,buy_hold,1.0,-0.010315688548034108,1.19954847719216,,
2022-10-07,buy_hold,1.0,-0.027893967515762785,1.1660883109357791,,
2022-10-10,buy_hold,1.0,-0.007635171048825273,1.1571850272237487,,
2022-10-11,buy_hold,1.0,-0.006333235023873729,1.149856302480233,,
2022-10-12,buy_hold,1.0,-0.0032983186207611315,1.146063710026563,,
2022-10-13,buy_hold,1.0,0.02639109447114385,1.1763095856678236,,
2022-10-14,buy_hold,1.0,-0.022788709796075945,1.1495030078896973,,
2022-10-17,buy_hold,1.0,0.025697087086019366,1.17904188678908,,
2022-10-18,buy_hold,1.0,0.011749372163996519,1.1928948887139055,,
2022-10-19,buy_hold,1.0,-0.007086427821572316,1.1844415251863118,,
2022-10-20,buy_hold,1.0,-0.008385145536217942,1.1745098106184846,,
2022-10-21,buy_hold,1.0,0.02430147028036722,1.2030521258752294,,
2022-10-24,buy_hold,1.0,0.012236354016297746,1.2177730975874983,,
2022-10-25,buy_hold,1.0,0.01596882059336413,1.2372194977062985,,
2022-10-26,buy_hold,1.0,-0.007534267092563773,1.2278979555584517,,
2022-10-27,buy_hold,1.0,-0.005340075102394204,1.2213408882576933,,
2022-10-28,buy_hold,1.0,0.02379072035001273,1.2503974677822682,,
2022-10-31,buy_hold,1.0,-0.007223366886300431,1.2413653881187758,,
2022-11-01,buy_hold,1.0,-0.004375838307819846,1.235933373899444,,
2022-11-02,buy_hold,1.0,-0.025096196305051666,1.2049161473280987,,
2022-11-03,buy_hold,1.0,-0.010296839332933683,1.1925093193494039,,
2022-11-04,buy_hold,1.0,0.014393107447528974,1.2096732341149794,,
2022-11-07,buy_hold,1.0,0.009565589330484237,1.221244471496602,,
2022-11-08,buy_hold,1.0,0.00539559623688568,1.2278338135713265,,
2022-11-09,buy_hold,1.0,-0.02060218255983237,1.2025377571909948,,
2022-11-10,buy_hold,1.0,0.05495406190758523,1.2686220915458775,,
2022-11-11,buy_hold,1.0,0.009678483940748883,1.2809004300857836,,
2022-11-14,buy_hold,1.0,-0.008506676457308182,1.270004224553017,,
2022-11-15,buy_hold,1.0,0.00852899374009164,1.2808360826341196,,
2022-11-16,buy_hold,1.0,-0.007628729845933768,1.2710649301827799,,
2022-11-17,buy_hold,1.0,-0.003059810679389874,1.2671757121352087,,
2022-11-18,buy_hold,1.0,0.004540530862782388,1.2729293625647269,,
2022-11-21,buy_hold,1.0,-0.003636177689204767,1.2683007652166354,,
2022-11-22,buy_hold,1.0,0.013457059650755054,1.285368364269254,,
2022-11-23,buy_hold,1.0,0.0063015106404846755,1.293468126693639,,
2022-11-25,buy_hold,1.0,-0.00022362902791805972,1.2931788696738236,,
2022-11-28,buy_hold,1.0,-0.015957023262847758,1.272543584367415,,
2022-11-29,buy_hold,1.0,-0.0017176297441129362,1.2703578256562256,,
2022-11-30,buy_hold,1.0,0.03150068041388665,1.3103749615335023,,
2022-12-01,buy_hold,1.0,-0.0007359648536605645,1.3094105716166968,,
2022-12-02,buy_hold,1.0,-0.0011536685642719036,1.3078999458024974,,
2022-12-05,buy_hold,1.0,-0.01798925464550316,1.2843718006266165,,
2022-12-06,buy_hold,1.0,-0.014414812326349224,1.2658578221633285,,
2022-12-07,buy_hold,1.0,-0.0017012850476975094,1.2637042371779712,,
2022-12-08,buy_hold,1.0,0.007833990789471112,1.273604084532639,,
2022-12-09,buy_hold,1.0,-0.007470032334505716,1.2640902208398217,,
2022-12-12,buy_hold,1.0,0.014417263216674803,1.282314942283294,,
2022-12-13,buy_hold,1.0,0.007569832570769819,1.292021851699375,,
2022-12-14,buy_hold,1.0,-0.006393649967363135,1.2837611162294247,,
2022-12-15,buy_hold,1.0,-0.024461638505212213,1.2523582158771727,,
2022-12-16,buy_hold,1.0,-0.011806229924814837,1.2375725868322958,,
2022-12-19,buy_hold,1.0,-0.008479570891913313,1.2270785023483628,,
2022-12-20,buy_hold,1.0,0.001368454458692936,1.2287577033960677,,
2022-12-21,buy_hold,1.0,0.014952376576902848,1.247130551299016,,
2022-12-22,buy_hold,1.0,-0.014266243634492137,1.2293386830101658,,
2022-12-23,buy_hold,1.0,0.00575231260443454,1.2364102234115641,,
2022-12-27,buy_hold,1.0,-0.003943522558565449,1.2315344118038998,,
2022-12-28,buy_hold,1.0,-0.01242769797105181,1.216229274093044,,
2022-12-29,buy_hold,1.0,0.018000162106262874,1.2381215981851013,,
2022-12-30,buy_hold,1.0,-0.0026341265231801803,1.2348602292443998,,
2023-01-03,buy_hold,1.0,-0.004209765323364145,1.2296617574721251,,
2023-01-04,buy_hold,1.0,0.007720256166506179,1.239155061237966,,
2023-01-05,buy_hold,1.0,-0.011413484782442085,1.2250119838034403,,
2023-01-06,buy_hold,1.0,0.02293200761678249,1.2531039679466707,,
2023-01-09,buy_hold,1.0,-0.0005669058412933747,1.2523935759874938,,
2023-01-10,buy_hold,1.0,0.007012903406191429,1.2611764911624288,,
2023-01-11,buy_hold,1.0,0.012647778706636581,1.2771275723326636,,
2023-01-12,buy_hold,1.0,0.0036408850748759214,1.281777447049482,,
2023-01-13,buy_hold,1.0,0.0038794084426636566,1.2867499852991817,,
2023-01-17,buy_hold,1.0,-0.0018317557778677607,1.2843929735789388,,
2023-01-18,buy_hold,1.0,-0.015788149230731463,1.2641147856411716,,
2023-01-19,buy_hold,1.0,-0.007279641126033076,1.2549124836595917,,
2023-01-20,buy_hold,1.0,0.018628834133544547,1.2782900401698007,,
2023-01-23,buy_hold,1.0,0.011998624634303123,1.2936277625355665,,
2023-01-24,buy_hold,1.0,-0.001073105651909545,1.2922395632721226,,
2023-01-25,buy_hold,1.0,0.0003744995160910314,1.2927235063632416,,
2023-01-26,buy_hold,1.0,0.010990622314309029,1.3069313421785094,,
2023-01-27,buy_hold,1.0,0.002297554775759325,1.3099340885253212,,
2023-01-30,buy_hold,1.0,-0.01254676244105013,1.2934986567031606,,
2023-01-31,buy_hold,1.0,0.014703366352354585,1.3125174413289458,,
2023-02-01,buy_hold,1.0,0.010627833315133062,1.3264666579185946,,
2023-02-02,buy_hold,1.0,0.014556769183021734,1.34577572688689,,
2023-02-03,buy_hold,1.0,-0.010629004267835307,1.3314714709422601,,
2023-02-06,buy_hold,1.0,-0.006111262534072792,1.323334499226704,,
2023-02-07,buy_hold,1.0,0.013078559362147857,1.3406418080308187,,
2023-02-08,buy_hold,1.0,-0.010934613278656413,1.3259824083148029,,
2023-02-09,buy_hold,1.0,-0.008669483525339916,1.3144868256710271,,
2023-02-10,buy_hold,1.0,0.0023339239530182354,1.3175547379593877,,
2023-02-13,buy_hold,1.0,0.011738884380308345,1.3330213606930204,,
2023-02-14,buy_hold,1.0,-0.0004600484329413401,1.3324081063049562,,
2023-02-15,buy_hold,1.0,0.0032473561235903947,1.3367349099280872,,
2023-02-16,buy_hold,1.0,-0.013768793615414388,1.318329682834768,,
2023-02-17,buy_hold,1.0,-0.002498422667476463,1.3150359380719665,,
2023-02-21,buy_hold,1.0,-0.02006091045784031,1.2886551198694627,,
2023-02-22,buy_hold,1.0,-0.0013781248856713502,1.2868791921797227,,
2023-02-23,buy_hold,1.0,0.00531953857996359,1.293724795690275,,
2023-02-24,buy_hold,1.0,-0.010682338613958398,1.2799047893494375,,
2023-02-27,buy_hold,1.0,0.0034058649125903173,1.284263972162939,,
2023-02-28,buy_hold,1.0,-0.00369613017750392,1.2795171653395465,,
2023-03-01,buy_hold,1.0,-0.003835892071521463,1.2746090755896449,,
2023-03-02,buy_hold,1.0,0.007777292175160877,1.2845220827796173,,
2023-03-03,buy_hold,1.0,0.016037913122004754,1.3051231363465334,,
2023-03-06,buy_hold,1.0,0.0006927738073219114,1.306027291470724,,
2023-03-07,buy_hold,1.0,-0.015328831171671276,1.2860074196141742,,
2023-03-08,buy_hold,1.0,0.0016321039080189337,1.2881063173494678,,
2023-03-09,buy_hold,1.0,-0.01844986631368417,1.264340927996558,,
2023-03-10,buy_hold,1.0,-0.014429365727364307,1.2460972903424206,,
2023-03-13,buy_hold,1.0,-0.0014253567261915956,1.2443211571881418,,
2023-03-14,buy_hold,1.0,0.01653012059959691,1.264889935981092,,
2023-03-15,buy_hold,1.0,-0.006254246754236581,1.2569790022045155,,
2023-03-16,buy_hold,1.0,0.017545169906807878,1.2790329123674835,,
2023-03-17,buy_hold,1.0,-0.011692932804006406,1.2640772664690578,,
2023-03-20,buy_hold,1.0,0.009615863578776862,1.2762324610164575,,
2023-03-21,buy_hold,1.0,0.013130428408064665,1.2929899399778824,,
2023-03-22,buy_hold,1.0,-0.017046345848840794,1.2709491862819475,,
2023-03-23,buy_hold,1.0,0.002703258285163823,1.2743848901997865,,
2023-03-24,buy_hold,1.0,0.006562066758455831,1.2827474889252448,,
2023-03-27,buy_hold,1.0,0.0018697637214686313,1.2851459236438423,,
2023-03-28,buy_hold,1.0,-0.002244680765799978,1.2822611813077927,,
2023-03-29,buy_hold,1.0,0.014534657325577571,1.3008984081799917,,
2023-03-30,buy_hold,1.0,0.005855542884786402,1.30851587459784,,
2023-03-31,buy_hold,1.0,0.0140946343381394,1.3269589273759472,,
2023-04-03,buy_hold,1.0,0.0038104499066662356,1.3320152378969168,,
2023-04-04,buy_hold,1.0,-0.005548128965125132,1.3246250455735529,,
2023-04-05,buy_hold,1.0,-0.002618162112968503,1.321156962465343,,
2023-04-06,buy_hold,1.0,0.0039007900069205625,1.3263105183421013,,
2023-04-10,buy_hold,1.0,0.0010263558560867914,1.3276717849095914,,
2023-04-11,buy_hold,1.0,0.00026857693837545327,1.32802836693275,,
2023-04-12,buy_hold,1.0,-0.004075888774048186,1.3226154710203513,,
2023-04-13,buy_hold,1.0,0.013282687786781766,1.340183359383882,,
2023-04-14,buy_hold,1.0,-0.002442806010879872,1.3369095514178977,,
2023-04-17,buy_hold,1.0,0.003588411354619181,1.3417069328323046,,
2023-04-18,buy_hold,1.0,0.000652126255665797,1.3425818951506134,,
2023-04-19,buy_hold,1.0,-0.00016897529024206825,1.3423550319852067,,
2023-04-20,buy_hold,1.0,-0.005456997816181031,1.3350298035071237,,
2023-04-21,buy_hold,1.0,0.0007769633280969579,1.3360670727063653,,
2023-04-24,buy_hold,1.0,0.001043173806718034,1.337460822880631,,
2023-04-25,buy_hold,1.0,-0.01587392933532894,1.316230064289453,,
2023-04-26,buy_hold,1.0,-0.004235659020755733,1.3106549625442556,,
2023-04-27,buy_hold,1.0,0.01990805560526976,1.3367475544179095,,
2023-04-28,buy_hold,1.0,0.008535072292188417,1.3481567914312724,,
2023-05-01,buy_hold,1.0,-0.0010097267205219085,1.3467955214955112,,
2023-05-02,buy_hold,1.0,-0.011239171336821618,1.331658655873759,,
2023-05-03,buy_hold,1.0,-0.006864017177932058,1.3225181279846996,,
2023-05-04,buy_hold,1.0,-0.007082838430298111,1.3131509457630437,,
2023-05-05,buy_hold,1.0,0.01851262963791367,1.337460822880631,,
2023-05-08,buy_hold,1.0,0.0002664575683435366,1.3378171994392505,,
2023-05-09,buy_hold,1.0,-0.004385446225443457,1.3319502740516362,,
2023-05-10,buy_hold,1.0,0.004672479821722142,1.3381737848306798,,
2023-05-11,buy_hold,1.0,-0.0017440797517116469,1.3358399030282853,,
2023-05-12,buy_hold,1.0,-0.0013100539312481674,1.334089880711805,,
2023-05-15,buy_hold,1.0,0.003449831625814914,1.3386922661739642,,
2023-05-16,buy_hold,1.0,-0.006682676450998515,1.3297462188916696,,
2023-05-17,buy_hold,1.0,0.012139053164957891,1.3458880789386973,,
2023-05-18,buy_hold,1.0,0.009633263175037099,1.358853373007259,,
2023-05-19,buy_hold,1.0,-0.0014551212443099093,1.356876076596294,,
2023-05-22,buy_hold,1.0,0.0004062029361668884,1.357427243642622,,
2023-05-23,buy_hold,1.0,-0.011222703289779923,1.342193240449757,,
2023-05-24,buy_hold,1.0,-0.007245144524378522,1.3324688564430545,,
2023-05-25,buy_hold,1.0,0.008660066660869603,1.344008125563384,,
2023-05-26,buy_hold,1.0,0.012950653532373346,1.36141390914225,,
2023-05-30,buy_hold,1.0,0.0003809145682556192,1.3619324915336681,,
2023-05-31,buy_hold,1.0,-0.005545126738781492,1.3543804032584494,,
2023-06-01,buy_hold,1.0,0.009500835612663128,1.3672481488268204,,
2023-06-02,buy_hold,1.0,0.014461347088409626,1.3870203988629906,,
2023-06-05,buy_hold,1.0,-0.0019164015220194397,1.3843623108595375,,
2023-06-06,buy_hold,1.0,0.0021773628723409377,1.3873765699570713,,
2023-06-07,buy_hold,1.0,-0.0034575083454612132,1.3825797038881473,,
2023-06-08,buy_hold,1.0,0.0060485472931077755,1.3909423026136056,,
2023-06-09,buy_hold,1.0,0.001794232106647975,1.39343797595145,,
2023-06-12,buy_hold,1.0,0.009071947133884928,1.4060791716036292,,
2023-06-13,buy_hold,1.0,0.006592978761295054,1.4153494217187113,,
2023-06-14,buy_hold,1.0,0.0011908503825370786,1.4170348911189885,,
2023-06-15,buy_hold,1.0,0.012397566254175318,1.4346026750661143,,
2023-06-16,buy_hold,1.0,-0.003406314549458278,1.4297159671013449,,
2023-06-20,buy_hold,1.0,-0.005188118562762023,1.4222984311529492,,
2023-06-21,buy_hold,1.0,-0.005123607125814611,1.415011132776059,,
2023-06-22,buy_hold,1.0,0.0036095870934844676,1.4201187386980643,,
2023-06-23,buy_hold,1.0,-0.007560043022603047,1.4093825799363022,,
2023-06-26,buy_hold,1.0,-0.004085746172940996,1.4036242004541177,,
2023-06-27,buy_hold,1.0,0.010963331923127928,1.4190125984590314,,
2023-06-28,buy_hold,1.0,0.0005045359504041169,1.4197285413290304,,
2023-06-29,buy_hold,1.0,0.003941360273658878,1.4253242030012043,,
2023-06-30,buy_hold,1.0,0.01180059057151972,1.4421438703524991,,
2023-07-03,buy_hold,1.0,0.001150549226367703,1.4438031278668442,,
2023-07-05,buy_hold,1.0,-0.0014872618178117802,1.4416558146023306,,
2023-07-06,buy_hold,1.0,-0.007830700555981562,1.43036663961339,,
2023-07-07,buy_hold,1.0,-0.0025245008526216806,1.4267556778121244,,
2023-07-10,buy_hold,1.0,0.0025308900868037387,1.43036663961339,,
2023-07-11,buy_hold,1.0,0.006368705288492871,1.4394762231955796,,
2023-07-12,buy_hold,1.0,0.008045932324243221,1.4510581514697685,,
2023-07-13,buy_hold,1.0,0.007936798111386922,1.4625749070658662,,
2023-07-14,buy_hold,1.0,-0.0006227608592497269,1.4616640726600247,,
2023-07-17,buy_hold,1.0,0.003472225134738549,1.4667392993916593,,
2023-07-18,buy_hold,1.0,0.007430404058318407,1.4776377650343542,,
2023-07-19,buy_hold,1.0,0.002223845543349423,1.4809238031928107,,
2023-07-20,buy_hold,1.0,-0.006634520910753783,1.471098583253295,,
2023-07-21,buy_hold,1.0,0.0,1.471098583253295,,
2023-07-24,buy_hold,1.0,0.0044673218553719085,1.477670454105669,,
2023-07-25,buy_hold,1.0,0.002730077429022648,1.4817046088599566,,
2023-07-26,buy_hold,1.0,0.00015373244460081814,1.481932394931653,,
2023-07-27,buy_hold,1.0,-0.00663000550707904,1.4721071749921373,,
2023-07-28,buy_hold,1.0,0.009790313616981239,1.4865195659131185,,
2023-07-31,buy_hold,1.0,0.0019040893103383638,1.4893500319281825,,
2023-08-01,buy_hold,1.0,-0.002861611263046182,1.4850880911021986,,
2023-08-02,buy_hold,1.0,-0.013910839975648126,1.4644292683171352,,
2023-08-03,buy_hold,1.0,-0.0028658782116476322,1.460232392384566,,
2023-08-04,buy_hold,1.0,-0.0045225268226085635,1.453628452222765,,
2023-08-07,buy_hold,1.0,0.008728406258841748,1.4663163119031766,,
2023-08-08,buy_hold,1.0,-0.004348767986704805,1.459939642467589,,
2023-08-09,buy_hold,1.0,-0.006685171036793447,1.450179696254298,,
2023-08-10,buy_hold,1.0,0.0003590875355359291,1.4507004377075103,,
2023-08-11,buy_hold,1.0,-0.000583360608187089,1.449854156217872,,
2023-08-14,buy_hold,1.0,0.00552017365133195,1.4578576029293,,
2023-08-15,buy_hold,1.0,-0.011649005082334907,1.440875012303456,,
2023-08-16,buy_hold,1.0,-0.007338065687120143,1.4303017768162432,,
2023-08-17,buy_hold,1.0,-0.007619913294031333,1.4194030012926044,,
2023-08-18,buy_hold,1.0,0.0004813693970866506,1.4200862584595597,,
2023-08-21,buy_hold,1.0,0.006506231695136533,1.429325668684177,,
2023-08-22,buy_hold,1.0,-0.0027085734628762292,1.4254542351081714,,
2023-08-23,buy_hold,1.0,0.01113767424533818,1.4413304800304438,,
2023-08-24,buy_hold,1.0,-0.013859117851970804,1.4213549110440642,,
2023-08-25,buy_hold,1.0,0.007049979091482195,1.4313754334485005,,
2023-08-28,buy_hold,1.0,0.006341311034760544,1.4404522302795126,,
2023-08-29,buy_hold,1.0,0.014454650869165642,1.461273464361914,,
2023-08-30,buy_hold,1.0,0.004118979657211419,1.4672924200352437,,
2023-08-31,buy_hold,1.0,-0.001463524006255823,1.4651450023543249,,
2023-09-01,buy_hold,1.0,0.0018652191164341136,1.4678778188210642,,
2023-09-05,buy_hold,1.0,-0.004322014486313419,1.4615336296239814,,
2023-09-06,buy_hold,1.0,-0.006722259968089395,1.4517088206135438,,
2023-09-07,buy_hold,1.0,-0.003070342500929635,1.4472515773226395,,
2023-09-08,buy_hold,1.0,0.0015060909167685654,1.4494312697775242,,
2023-09-11,buy_hold,1.0,0.006576696819851069,1.4589637398000628,,
2023-09-12,buy_hold,1.0,-0.005485565561749839,1.4509604985531739,,
2023-09-13,buy_hold,1.0,0.0011660176408752054,1.4526523440907,,
2023-09-14,buy_hold,1.0,0.008622257019274215,1.465177485961101,,
2023-09-15,buy_hold,1.0,-0.01204822797445626,1.447524693587201,,
2023-09-18,buy_hold,1.0,0.0005863460817880917,1.4483734440195775,,
2023-09-19,buy_hold,1.0,-0.0020737526066703094,1.4453698758146099,,
2023-09-20,buy_hold,1.0,-0.009193323009734522,1.4320821236777064,,
2023-09-21,buy_hold,1.0,-0.016528379312113484,1.4084121271314642,,
2023-09-22,buy_hold,1.0,-0.0022484905514912334,1.4052453257710036,,
2023-09-25,buy_hold,1.0,0.004205157576708585,1.411154603799804,,
2023-09-26,buy_hold,1.0,-0.014691306948187433,1.3904228983640332,,
2023-09-27,buy_hold,1.0,0.0003991374315590601,1.390977868188467,,
2023-09-28,buy_hold,1.0,0.0057975019113911674,1.3990420650379924,,
2023-09-29,buy_hold,1.0,-0.002427025193380783,1.3956465546995458,,
2023-10-02,buy_hold,1.0,-0.0003975711289018191,1.395091685923246,,
2023-10-03,buy_hold,1.0,-0.013386107365473632,1.3764168388307978,,
2023-10-04,buy_hold,1.0,0.007282020592027649,1.3864399345943772,,
2023-10-05,buy_hold,1.0,-0.0003767841106999681,1.3859175460565822,,
2023-10-06,buy_hold,1.0,0.011872751443487983,1.402372200602081,,
2023-10-09,buy_hold,1.0,0.006402166988387359,1.4113504216102077,,
2023-10-10,buy_hold,1.0,0.005204791754274352,1.4186962066469961,,
2023-10-11,buy_hold,1.0,0.004096383733770637,1.424507730711067,,
2023-10-12,buy_hold,1.0,-0.006096450172193069,1.4158232903108832,,
2023-10-13,buy_hold,1.0,-0.004980926830192911,1.4087711780973617,,
2023-10-16,buy_hold,1.0,0.010521455308720506,1.4235935010879266,,
2023-10-17,buy_hold,1.0,-4.592236077838319e-05,1.423528126313568,,
2023-10-18,buy_hold,1.0,-0.01332493437744875,1.404559707445987,,
2023-10-19,buy_hold,1.0,-0.00878641342894515,1.3922186651707282,,
2023-10-20,buy_hold,1.0,-0.012288075604494075,1.3751109769551224,,
2023-10-23,buy_hold,1.0,-0.0017331871348932326,1.3727276523008134,,
2023-10-24,buy_hold,1.0,0.007539413996082267,1.3830772143753793,,
2023-10-25,buy_hold,1.0,-0.01435224953027292,1.3632269450750292,,
2023-10-26,buy_hold,1.0,-0.011974683722639878,1.3469027335655752,,
2023-10-27,buy_hold,1.0,-0.0045327674635983195,1.3407975366782376,,
2023-10-30,buy_hold,1.0,0.011955816903640448,1.3568278665316147,,
2023-10-31,buy_hold,1.0,0.00628024440177799,1.3653490771445762,,
2023-11-01,buy_hold,1.0,0.010664917942300178,1.3799104130149185,,
2023-11-02,buy_hold,1.0,0.019164183068555385,1.4063552687881422,,
2023-11-03,buy_hold,1.0,0.009123471909717962,1.4191861115780147,,
2023-11-06,buy_hold,1.0,0.002300301065911947,1.422450666903205,,
2023-11-07,buy_hold,1.0,0.0028460308945748025,1.4264990054472202,,
2023-11-08,buy_hold,1.0,0.0007324749274009168,1.4275438802026725,,
2023-11-09,buy_hold,1.0,-0.0077987342924028535,1.4164108447902262,,
2023-11-10,buy_hold,1.0,0.01560482335966884,1.438513685827897,,
2023-11-13,buy_hold,1.0,-0.0009530910739841136,1.4371426512741305,,
2023-11-14,buy_hold,1.0,0.01940069873321404,1.4650242228881525,,
2023-11-15,buy_hold,1.0,0.0021169797315623295,1.4681256494742545,,
2023-11-16,buy_hold,1.0,0.0012231696975921746,1.4699214162809493,,
2023-11-17,buy_hold,1.0,0.001243771962874618,1.4717496633261484,,
2023-11-20,buy_hold,1.0,0.007697611843614283,1.4830786209654032,,
2023-11-21,buy_hold,1.0,-0.0021793671089698208,1.479846448198855,,
2023-11-22,buy_hold,1.0,0.0038607761021056675,1.485559804000847,,
2023-11-24,buy_hold,1.0,0.0006153382960432108,1.4864739258393111,,
2023-11-27,buy_hold,1.0,-0.0018009724080415568,1.4837968273136013,,
2023-11-28,buy_hold,1.0,0.0009900917727587721,1.48526592234477,,
2023-11-29,buy_hold,1.0,-0.000703425354073528,1.4842211486374512,,
2023-11-30,buy_hold,1.0,0.003937489609331157,1.4900652539881607,,
2023-12-01,buy_hold,1.0,0.005915907962536382,1.4988803428889281,,
2023-12-04,buy_hold,1.0,-0.005249434793141661,1.491012068266211,,
2023-12-05,buy_hold,1.0,-0.00019689429843061657,1.490718496491078,,
2023-12-06,buy_hold,1.0,-0.004029897621012024,1.48471105356847,,
2023-12-07,buy_hold,1.0,0.00763034207606994,1.4960399067913197,,
2023-12-08,buy_hold,1.0,0.004299195219012564,1.502471674406049,,
2023-12-11,buy_hold,1.0,0.003889591420493721,1.5083156753403535,,
2023-12-12,buy_hold,1.0,0.004567268337077435,1.515204557766653,,
2023-12-13,buy_hold,1.0,0.013789972187727262,1.5360991864769729,,
2023-12-14,buy_hold,1.0,0.0032094832181288613,1.541029271037352,,
2023-12-15,buy_hold,1.0,-0.001646568065320153,1.5384918614519385,,
2023-12-18,buy_hold,1.0,0.005625132305503211,1.5471460817235456,,
2023-12-19,buy_hold,1.0,0.006080934020346707,1.5565541749663445,,
2023-12-20,buy_hold,1.0,-0.013857446384210381,1.5349843089426296,,
2023-12-21,buy_hold,1.0,0.009482023726256728,1.5495390665794555,,
2023-12-22,buy_hold,1.0,0.0020097409553743173,1.5526532387035128,,
2023-12-26,buy_hold,1.0,0.004222542568451004,1.5592093830979816,,
2023-12-27,buy_hold,1.0,0.0018080024036764009,1.5620284374104576,,
2023-12-28,buy_hold,1.0,0.00037772898876275995,1.5626184608325393,,
2023-12-29,buy_hold,1.0,-0.0028949135706147766,1.558094815444582,,
2024-01-02,buy_hold,1.0,-0.005596320793705312,1.549375217030345,,
2024-01-03,buy_hold,1.0,-0.008166725070315017,1.5367218956020985,,
2024-01-04,buy_hold,1.0,-0.003221158454001505,1.5317718708766306,,
2024-01-05,buy_hold,1.0,0.0013696370201212726,1.5338698423373636,,
2024-01-08,buy_hold,1.0,0.01427609366448701,1.5557675118757037,,
2024-01-09,buy_hold,1.0,-0.001517128449365912,1.5534072127228378,,
2024-01-10,buy_hold,1.0,0.005655358211792194,1.562192286959567,,
2024-01-11,buy_hold,1.0,-0.00044065880120802703,1.561503893179139,,
2024-01-12,buy_hold,1.0,0.0006927145622510622,1.5625855696649558,,
2024-01-16,buy_hold,1.0,-0.003671082988860319,1.55684918836152,,
2024-01-17,buy_hold,1.0,-0.005558739592870232,1.548195069138047,,
2024-01-18,buy_hold,1.0,0.008892734035797822,1.5619627561234253,,
2024-01-19,buy_hold,1.0,0.012466296727226212,1.581434647318136,,
2024-01-22,buy_hold,1.0,0.00211428396218305,1.5847782492302014,,
2024-01-23,buy_hold,1.0,0.002916508424330111,1.5894002683447763,,
2024-01-24,buy_hold,1.0,0.0010931684596187097,1.5911377505878403,,
2024-01-25,buy_hold,1.0,0.00543875559443685,1.5997915599303696,,
2024-01-26,buy_hold,1.0,-0.0012703468530550488,1.597759269756668,,
2024-01-29,buy_hold,1.0,0.007919545285888008,1.6104127966494532,,
2024-01-30,buy_hold,1.0,-0.0007735458472428736,1.6091670685182582,,
2024-01-31,buy_hold,1.0,-0.016317298822692394,1.58290980860561,,
2024-02-01,buy_hold,1.0,0.013088053585995185,1.6036270170024376,,
2024-02-02,buy_hold,1.0,0.010527360775653527,1.6205089771600074,,
2024-02-05,buy_hold,1.0,-0.0036411006666715595,1.614608540842923,,
2024-02-06,buy_hold,1.0,0.0029032420149501803,1.6192961401963955,,
2024-02-07,buy_hold,1.0,0.008340456596501067,1.6328018093705852,,
2024-02-08,buy_hold,1.0,0.000441623011197656,1.6335228922223284,,
2024-02-09,buy_hold,1.0,0.005779398005863801,1.642963671168171,,
2024-02-12,buy_hold,1.0,-0.00043889153752874055,1.6422425883164282,,
2024-02-13,buy_hold,1.0,-0.013772961265400507,1.619624044759155,,
2024-02-14,buy_hold,1.0,0.009087542117581782,1.634342446480552,,
2024-02-15,buy_hold,1.0,0.006899801389897542,1.645619084764347,,
2024-02-16,buy_hold,1.0,-0.004979919648793629,1.6374240339496993,,
2024-02-20,buy_hold,1.0,-0.005505546985327681,1.6284091189958845,,
2024-02-21,buy_hold,1.0,0.0009058910750778804,1.6298842802833582,,
2024-02-22,buy_hold,1.0,0.020695410016031257,1.6636154037425064,,
2024-02-23,buy_hold,1.0,0.0006896793204358431,1.664762764883626,,
2024-02-26,buy_hold,1.0,-0.0036624920563229635,1.6586655844815776,,
2024-02-27,buy_hold,1.0,0.0018578694401738538,1.661747168582454,,
2024-02-28,buy_hold,1.0,-0.0013217692059364072,1.6595507223469699,,
2024-02-29,buy_hold,1.0,0.0035949588497934393,1.6655167389029522,,
2024-03-01,buy_hold,1.0,0.009388338019912013,1.6811531730255946,,
2024-03-04,buy_hold,1.0,-0.0010724551829995876,1.6793502115917671,,
2024-03-05,buy_hold,1.0,-0.009994095522841584,1.6625666251608147,,
2024-03-06,buy_hold,1.0,0.005067153685850423,1.67099110576347,,
2024-03-07,buy_hold,1.0,0.009926412358020942,1.6875780525258637,,
2024-03-08,buy_hold,1.0,-0.006002135227449856,1.6774489808477269,,
2024-03-11,buy_hold,1.0,-0.000859922179988537,1.6760065052632966,,
2024-03-12,buy_hold,1.0,0.010757370147552514,1.6940359276101198,,
2024-03-13,buy_hold,1.0,-0.0015673263124053038,1.6913808205266165,,
2024-03-14,buy_hold,1.0,-0.001977028699957084,1.6880369121018786,,
2024-03-15,buy_hold,1.0,-0.006866539469056798,1.6764459400197063,,
2024-03-18,buy_hold,1.0,0.005943212219651439,1.6864094140160164,,
2024-03-19,buy_hold,1.0,0.005557194908836216,1.6957811198257997,,
2024-03-20,buy_hold,1.0,0.009249215010092238,1.7114657640131234,,
2024-03-21,buy_hold,1.0,0.0033047071203196055,1.7171216571096408,,
2024-03-22,buy_hold,1.0,-0.0018958492073360977,1.7138662533771098,,
2024-03-25,buy_hold,1.0,-0.0027627520821229545,1.709131265817112,,
2024-03-26,buy_hold,1.0,-0.001847097639127937,1.7059743334910615,,
2024-03-27,buy_hold,1.0,0.008403781260684307,1.720310968626062,,
2024-03-28,buy_hold,1.0,-0.00019090533395438314,1.7199825520860912,,
2024-04-01,buy_hold,1.0,-0.0017398843936521358,1.7169899812863627,,
2024-04-02,buy_hold,1.0,-0.006357961750454999,1.7060734246594296,,
2024-04-03,buy_hold,1.0,0.0010983625276166364,1.707947311778438,,
2024-04-04,buy_hold,1.0,-0.012206020853235189,1.6871000712746436,,
2024-04-05,buy_hold,1.0,0.010446880836220362,1.7047250046780287,,
2024-04-08,buy_hold,1.0,0.0005593852225367346,1.7056786026541344,,
2024-04-09,buy_hold,1.0,0.001156652394051827,1.7076514798933773,,
2024-04-10,buy_hold,1.0,-0.010013199729588695,1.6905524245566772,,
2024-04-11,buy_hold,1.0,0.007546928842662393,1.7033109034095968,,
2024-04-12,buy_hold,1.0,-0.013802985088982811,1.6798001284079322,,
2024-04-15,buy_hold,1.0,-0.012528160994284332,1.6587553219610183,,
2024-04-16,buy_hold,1.0,-0.0018238741296702221,1.6557299610418408,,
2024-04-17,buy_hold,1.0,-0.005918240464415803,1.6459309529882573,,
2024-04-18,buy_hold,1.0,-0.0020576641061322842,1.6425441799451213,,
2024-04-19,buy_hold,1.0,-0.008728310209275336,1.6282075448101205,,
2024-04-22,buy_hold,1.0,0.009209082010112501,1.643201841619761,,
2024-04-23,buy_hold,1.0,0.011866671138011542,1.6627011774876375,,
2024-04-24,buy_hold,1.0,-0.0004746692263160046,1.6619119444061248,,
2024-04-25,buy_hold,1.0,-0.003798847061583732,1.6555985950995067,,
2024-04-26,buy_hold,1.0,0.009473948071004878,1.671283650215908,,
2024-04-29,buy_hold,1.0,0.003541366750456909,1.6772022785653649,,
2024-04-30,buy_hold,1.0,-0.015841155216299918,1.6506334569414791,,
2024-05-01,buy_hold,1.0,-0.0032471507980028624,1.6452736011945615,,
2024-05-02,buy_hold,1.0,0.00935328195546603,1.6606623090804191,,
2024-05-03,buy_hold,1.0,0.012395360878952433,1.6812468176995454,,
2024-05-06,buy_hold,1.0,0.010326977554790284,1.6986090158499911,,
2024-05-07,buy_hold,1.0,0.0011033716308250785,1.7004832128499436,,
2024-05-08,buy_hold,1.0,9.653693068734093e-05,1.7006473722799975,,
2024-05-09,buy_hold,1.0,0.005761866802546756,1.710446275917176,,
2024-05-10,buy_hold,1.0,0.0012882244811627253,1.712649714683526,,
2024-05-13,buy_hold,1.0,0.00013432179368155772,1.7128797608651505,,
2024-05-14,buy_hold,1.0,0.00458819441373115,1.7207387862153452,,
2024-05-15,buy_hold,1.0,0.012382847580906242,1.7420464323316034,,
2024-05-16,buy_hold,1.0,-0.002057309145532371,1.7384625042744255,,
2024-05-17,buy_hold,1.0,0.0014372801368576216,1.740961161900491,,
2024-05-20,buy_hold,1.0,0.0011522820449245685,1.7429672401882599,,
2024-05-21,buy_hold,1.0,0.002452651851343024,1.747242132016738,,
2024-05-22,buy_hold,1.0,-0.0028794110362150294,1.742211103738869,,
2024-05-23,buy_hold,1.0,-0.007304272306470572,1.7294855194218037,,
2024-05-24,buy_hold,1.0,0.006616391567821678,1.7409284728291758,,
2024-05-28,buy_hold,1.0,0.0006988453349496826,1.7421451125708936,,
2024-05-29,buy_hold,1.0,-0.007002454540097847,1.7299458206178622,,
2024-05-30,buy_hold,1.0,-0.006633823047591192,1.7184696661619634,,
2024-05-31,buy_hold,1.0,0.00910807762523147,1.7341216212779722,,
2024-06-03,buy_hold,1.0,0.0008155170130426104,1.7355358269628094,,
2024-06-04,buy_hold,1.0,0.0011178605993915625,1.7374759140826035,,
2024-06-05,buy_hold,1.0,0.01188516614174806,1.7581261039887608,,
2024-06-06,buy_hold,1.0,-1.882686362342234e-05,1.7580930039883682,,
2024-06-07,buy_hold,1.0,-0.0012156573973708396,1.7559557652228037,,
2024-06-10,buy_hold,1.0,0.003089910334996615,1.7613815110895625,,
2024-06-11,buy_hold,1.0,0.0024082186632363722,1.7656233029176478,,
2024-06-12,buy_hold,1.0,0.008213196401921197,1.7801247138763192,,
2024-06-13,buy_hold,1.0,0.00201318624740332,1.7837084364689577,,
2024-06-14,buy_hold,1.0,0.0006084348814658913,1.7847937069000703,,
2024-06-17,buy_hold,1.0,0.007958995328896323,1.7989988716763314,,
2024-06-18,buy_hold,1.0,0.002540820129636856,1.8035698042226807,,
2024-06-20,buy_hold,1.0,-0.002716645042399879,1.798670145255417,,
2024-06-21,buy_hold,1.0,-0.0013407053959209048,1.7962586584861913,,
2024-06-24,buy_hold,1.0,-0.0032506280260090614,1.7904196897489546,,
2024-06-25,buy_hold,1.0,0.0038509635128594066,1.797314530646883,,
2024-06-26,buy_hold,1.0,0.0012480380935060431,1.7995576476471422,,
2024-06-27,buy_hold,1.0,0.0015765231262747648,1.8023946918957225,,
2024-06-28,buy_hold,1.0,-0.003935218962870635,1.795301874125597,,
2024-07-01,buy_hold,1.0,0.002058003444465939,1.7989966115664038,,
2024-07-02,buy_hold,1.0,0.006729739756228925,1.8111033905845833,,
2024-07-03,buy_hold,1.0,0.00446274724490725,1.8191858872511568,,
2024-07-05,buy_hold,1.0,0.005766357531027166,1.8296759634924458,,
2024-07-08,buy_hold,1.0,0.001153940261938935,1.8317873002530216,,
2024-07-09,buy_hold,1.0,0.0009724787282403557,1.8335686744371784,,
2024-07-10,buy_hold,1.0,0.009895306830098871,1.851712399064792,,
2024-07-11,buy_hold,1.0,-0.008622612671057128,1.8357458002694622,,
2024-07-12,buy_hold,1.0,0.00630743261737754,1.8473246432072956,,
2024-07-15,buy_hold,1.0,0.002750119403099216,1.8524050065524034,,
2024-07-16,buy_hold,1.0,0.005930083135522013,1.8633899222419164,,
2024-07-17,buy_hold,1.0,-0.014020957209265883,1.8372634118779851,,
2024-07-18,buy_hold,1.0,-0.007685037875600154,1.8231439729702485,,
2024-07-19,buy_hold,1.0,-0.006640492321578262,1.811037399416608,,
2024-07-22,buy_hold,1.0,0.010310038974630231,1.8297092655891063,,
2024-07-23,buy_hold,1.0,-0.0015686340463763049,1.826839121340133,,
2024-07-24,buy_hold,1.0,-0.0226625917678428,1.7854382121076768,,
2024-07-25,buy_hold,1.0,-0.005210162848443223,1.7761357882667625,,
2024-07-26,buy_hold,1.0,0.011199477809210823,1.7960275816136013,,
2024-07-29,buy_hold,1.0,0.0005878949409083845,1.7970834571425638,,
2024-07-30,buy_hold,1.0,-0.005066463586655856,1.7879785992447694,,
2024-07-31,buy_hold,1.0,0.01625470054408562,1.8170416559547269,,
2024-08-01,buy_hold,1.0,-0.014161025383665815,1.7913104829415738,,
2024-08-02,buy_hold,1.0,-0.01861838813308969,1.7579591691032952,,
2024-08-05,buy_hold,1.0,-0.02912375832497227,1.7067607911171618,,
2024-08-06,buy_hold,1.0,0.009219585088338533,1.7224964174563064,,
2024-08-07,buy_hold,1.0,-0.006683876205092032,1.710983464638314,,
2024-08-08,buy_hold,1.0,0.02311719181903804,1.7505365975895602,,
2024-08-09,buy_hold,1.0,0.0044097530439473065,1.7582560316793219,,
2024-08-12,buy_hold,1.0,0.0005253412151353665,1.7591797160395233,,
2024-08-13,buy_hold,1.0,0.016445658533740026,1.788110584948991,,
2024-08-14,buy_hold,1.0,0.0031548350581840356,1.7937517789102981,,
2024-08-15,buy_hold,1.0,0.01714001487074035,1.8244967110752377,,
2024-08-16,buy_hold,1.0,0.002242203702882195,1.828587604356707,,
2024-08-19,buy_hold,1.0,0.009561145373791602,1.846070996270675,,
2024-08-20,buy_hold,1.0,-0.0016258909854337533,1.8430694860793677,,
2024-08-21,buy_hold,1.0,0.003436552373651036,1.8494032908965576,,
2024-08-22,buy_hold,1.0,-0.00784868792832294,1.834887901612697,,
2024-08-23,buy_hold,1.0,0.010625422592408063,1.854384360977029,,
2024-08-26,buy_hold,1.0,-0.0023837803110471345,1.8499639160482182,,
2024-08-27,buy_hold,1.0,0.0013730979564077206,1.852504097720772,,
2024-08-28,buy_hold,1.0,-0.005805250179598431,1.8417498479747718,,
2024-08-29,buy_hold,1.0,8.94103004525082e-05,1.8419145193820377,,
2024-08-30,buy_hold,1.0,0.009546099610448833,1.8594976188579906,,
2024-09-03,buy_hold,1.0,-0.020578996422992768,1.8212310240109484,,
2024-09-04,buy_hold,1.0,-0.002046875999684228,1.81750318993802,,
2024-09-05,buy_hold,1.0,-0.002432265548596213,1.8130825395446701,,
2024-09-06,buy_hold,1.0,-0.01682982138254585,1.7825686842523207,,
2024-09-09,buy_hold,1.0,0.01119608352788748,1.8025264721354062,,
2024-09-10,buy_hold,1.0,0.004355670267561784,1.8103776830965794,,
2024-09-11,buy_hold,1.0,0.01025894746328504,1.828950252636171,,
2024-09-12,buy_hold,1.0,0.008423286267735364,1.8443560241835724,,
2024-09-13,buy_hold,1.0,0.005222738119591064,1.8539886126971734,,
2024-09-16,buy_hold,1.0,0.0014769014901161448,1.8567267712419242,,
2024-09-17,buy_hold,1.0,0.0004084588917798726,1.8574851678012436,,
2024-09-18,buy_hold,1.0,-0.002965620036826544,1.851976572569504,,
2024-09-19,buy_hold,1.0,0.017064377552890253,1.8835794000229378,,
2024-09-20,buy_hold,1.0,-0.0017288525533810661,1.8803229689677121,,
2024-09-23,buy_hold,1.0,0.0024990428587750024,1.8850219766555014,,
2024-09-24,buy_hold,1.0,0.0028612227291331394,1.8904154443800236,,
2024-09-25,buy_hold,1.0,-0.002205344319656577,1.886246427417969,,
2024-09-26,buy_hold,1.0,0.003964530038734537,1.8937245080399234,,
2024-09-27,buy_hold,1.0,-0.0014501449489515705,1.8909783330098835,,
2024-09-30,buy_hold,1.0,0.004007228738226232,1.8985559157292837,,
2024-10-01,buy_hold,1.0,-0.008958648970088468,1.8815474197301802,,
2024-10-02,buy_hold,1.0,0.00042219135958365683,1.8823417927934372,,
2024-10-03,buy_hold,1.0,-0.001828286608933416,1.8789003325002371,,
2024-10-04,buy_hold,1.0,0.009087380212349894,1.8959746142027774,,
2024-10-07,buy_hold,1.0,-0.009040457718502592,1.878834135867723,,
2024-10-08,buy_hold,1.0,0.009457651313474091,1.8966034940006122,,
2024-10-09,buy_hold,1.0,0.006926460493950071,1.9097402431744952,,
2024-10-10,buy_hold,1.0,-0.0017500601476910793,1.9063980828824736,,
2024-10-11,buy_hold,1.0,0.005988266990993418,1.9178141035938918,,
2024-10-14,buy_hold,1.0,0.008178342072637124,1.9334986433648107,,
2024-10-15,buy_hold,1.0,-0.007769839571180492,1.918475669094771,,
2024-10-16,buy_hold,1.0,0.004346497822231843,1.9268143194124963,,
2024-10-17,buy_hold,1.0,8.578294193539726e-05,1.9269796072133787,,
2024-10-18,buy_hold,1.0,0.0038465871100923366,1.9343919021318965,,
2024-10-21,buy_hold,1.0,-0.0016422044690628246,1.9312152351052965,,
2024-10-22,buy_hold,1.0,-0.00053109326280254,1.9301895797049105,,
2024-10-23,buy_hold,1.0,-0.009137530919022585,1.9125524127407816,,
2024-10-24,buy_hold,1.0,0.002162833984429513,1.91668894609606,,
2024-10-25,buy_hold,1.0,-0.00034526779463417423,1.916027175130642,,
2024-10-28,buy_hold,1.0,0.003091426066848646,1.9219504314846312,,
2024-10-29,buy_hold,1.0,0.0016182857156956665,1.9250606964141779,,
2024-10-30,buy_hold,1.0,-0.0030252314991372486,1.9192369421576345,,
2024-10-31,buy_hold,1.0,-0.019603273034461077,1.8816136163626942,,
2024-11-01,buy_hold,1.0,0.004220560330259637,1.889555080148791,,
2024-11-04,buy_hold,1.0,-0.0021537981993235977,1.8854853598196437,,
2024-11-05,buy_hold,1.0,0.012091708486326791,1.9082840991458199,,
2024-11-06,buy_hold,1.0,0.024865694386855264,1.9557349083584752,,
2024-11-07,buy_hold,1.0,0.007731953383064205,1.9708565594995342,,
2024-11-08,buy_hold,1.0,0.004331742735101507,1.9793938030830736,,
2024-11-11,buy_hold,1.0,0.0009528268850191868,1.9812798227146915,,
2024-11-12,buy_hold,1.0,-0.0031063450102092327,1.9751252840235736,,
2024-11-13,buy_hold,1.0,0.00048597914507664264,1.9760851537205226,,
2024-11-14,buy_hold,1.0,-0.0064301206788630605,1.96337868771039,,
2024-11-15,buy_hold,1.0,-0.012808709671695118,1.9382303401239138,,
2024-11-18,buy_hold,1.0,0.0040972755516712756,1.946171803910011,,
2024-11-19,buy_hold,1.0,0.003655589401461379,1.9532862089298075,,
2024-11-20,buy_hold,1.0,0.0003387987701917172,1.9539479798952253,,
2024-11-21,buy_hold,1.0,0.005368131099967588,1.9644370288138198,,
2024-11-22,buy_hold,1.0,0.003099592908623938,1.9705259838977693,,
2024-11-25,buy_hold,1.0,0.0033921521496977913,1.9772103078500836,,
2024-11-26,buy_hold,1.0,0.005221271730130983,1.9875338601349848,,
2024-11-27,buy_hold,1.0,-0.0030300586444736988,1.9815115159808987,,
2024-11-29,buy_hold,1.0,0.006212169267636014,1.993821000923942,,
2024-12-02,buy_hold,1.0,0.0017924645976605813,1.9973948544821705,,
2024-12-03,buy_hold,1.0,0.00046378180915462863,1.9983212098813783,,
2024-12-04,buy_hold,1.0,0.006209500279561242,2.01072978599279,,
2024-12-05,buy_hold,1.0,-0.0016456006264051748,2.007420927797429,,
2024-12-06,buy_hold,1.0,0.0018956369873417422,2.0112262691573255,,
2024-12-09,buy_hold,1.0,-0.0051497282219025164,2.0008690004784144,,
2024-12-10,buy_hold,1.0,-0.0031091194809275136,1.994648059690243,,
2024-12-11,buy_hold,1.0,0.0077306646965698,2.0100680150273718,,
2024-12-12,buy_hold,1.0,-0.005152593413228823,1.9997109518129998,,
2024-12-13,buy_hold,1.0,-0.00019851922435554226,1.9993139707459107,,
2024-12-16,buy_hold,1.0,0.004269983726375548,2.007851008864911,,
2024-12-17,buy_hold,1.0,-0.004120053554116931,1.9995785551796998,,
2024-12-18,buy_hold,1.0,-0.029803473556242688,1.9399841685867718,,
2024-12-19,buy_hold,1.0,-0.00030699958409330375,1.939388594253868,,
2024-12-20,buy_hold,1.0,0.012010890601272806,1.9626823784928074,,
2024-12-23,buy_hold,1.0,0.0059883239610052375,1.9744355564077787,,
2024-12-24,buy_hold,1.0,0.011114855728050932,1.996381122761585,,
2024-12-26,buy_hold,1.0,6.662707105364873e-05,1.9965141357885015,,
2024-12-27,buy_hold,1.0,-0.010526514225131511,1.9754978013374476,,
2024-12-30,buy_hold,1.0,-0.011411505570721014,1.9529543971725383,,
2024-12-31,buy_hold,1.0,-0.00363805059900546,1.9458494502580743,,
2025-01-02,buy_hold,1.0,-0.0024571500260668344,1.9410682062306506,,
2025-01-03,buy_hold,1.0,0.01250347502351512,1.965338304066195,,
2025-01-06,buy_hold,1.0,0.005760666533742631,1.9766599626619115,,
2025-01-07,buy_hold,1.0,-0.01130411926790198,1.9543155626918944,,
2025-01-08,buy_hold,1.0,0.001461043831337383,1.9571709033892521,,
2025-01-10,buy_hold,1.0,-0.01526737708597159,1.9272900371855168,,
2020-01-02,vol_target,1.0,0.0,1.0,,
2020-01-03,vol_target,1.0,-0.0075724427376562264,0.9924275572623438,,
2020-01-06,vol_target,1.0,0.0038149057437186773,0.9962135748507686,,
2020-01-07,vol_target,1.0,-0.0028117140895841386,0.9934125071061257,,
2020-01-08,vol_target,1.0,0.005329691324418961,0.9987070891268185,,
2020-01-09,vol_target,1.0,0.006780567991909958,1.0054788904486454,,
2020-01-10,vol_target,1.0,-0.0028774047649330337,1.002585720698229,,
2020-01-13,vol_target,1.0,0.0068773644669493095,1.0094808681088296,,
2020-01-14,vol_target,1.0,-0.0015246395354396869,1.0079417736670409,,
2020-01-15,vol_target,1.0,0.002259705812039936,1.010219425551194,,
2020-01-16,vol_target,1.0,0.008318299408812457,1.0186227332015274,,
2020-01-17,vol_target,1.0,0.003112433290971106,1.0217931285072839,,
2020-01-21,vol_target,1.0,-0.0019581594686813864,1.0197922946176639,,
2020-01-22,vol_target,1.0,0.00012085308085829638,1.019915539658304,,
2020-01-23,vol_target,1.0,0.0011468261704623561,1.0210852054908452,,
2020-01-24,vol_target,1.0,-0.00889308704140157,1.0120046058817278,,
2020-01-27,vol_target,1.0,-0.0160295060539406,0.9957826719251309,,
2020-01-28,vol_target,1.0,0.010479277027765521,1.006217754403683,,
2020-01-29,vol_target,1.0,-0.0008260353404740961,1.005386582978333,,
2020-01-30,vol_target,1.0,0.0032454264815648948,1.008649491218941,,
2020-01-31,vol_target,1.0,-0.0181579175202502,0.9903345169505451,,
2020-02-03,vol_target,0.9999172505602448,0.007428379219187375,0.9976910972963045,,
2020-02-04,vol_target,0.938699644879922,0.015240140420423865,1.012896049715307,,
2020-02-05,vol_target,0.9043394287179103,0.010809409768058088,1.023844858169127,,
2020-02-06,vol_target,0.9093464472366155,0.00302598702400934,1.0269429994245454,,
2020-02-07,vol_target,0.899600257155035,-0.004849173233035572,1.0219631749198825,,
2020-02-10,vol_target,0.8970162014373606,0.006711064689982451,1.0288216358975497,,
2020-02-11,vol_target,0.9025200699050092,0.0015534638549539927,1.030419873122111,,
2020-02-12,vol_target,0.9039949250862435,0.00581174006818723,1.0364084055857912,,
2020-02-13,vol_target,0.9047940511217889,-0.0009651001504393276,1.0354081676776437,,
2020-02-14,vol_target,0.9050221423740971,0.0014489238844353977,1.0369083953019311,,
2020-02-18,vol_target,0.9176466300174106,-0.0023322170164690337,1.0344900998978883,,
2020-02-19,vol_target,0.9142288964074126,0.004381352064833432,1.0390225652331257,,
2020-02-20,vol_target,0.9086402508060711,-0.0037577732696179203,1.0351181540109629,,
2020-02-21,vol_target,0.8721235055138017,-0.009360184661061421,1.0254292569434034,,
2020-02-24,vol_target,0.6670285387910425,-0.028942542442225577,0.9957507271528191,,
2020-02-25,vol_target,0.5857760357123017,-0.020314925709927607,0.9755221251051032,,
2020-02-26,vol_target,0.6035801572216446,-0.0021954057968387717,0.9733804581767029,,
2020-02-27,vol_target,0.4927296588007213,-0.02711658808708628,0.946985701240306,,
2020-02-28,vol_target,0.49341193291376917,-0.0021257014552628936,0.9449726923570663,,
2020-03-02,vol_target,0.40860862948921967,0.0213675605800623,0.9651644536075105,,
2020-03-03,vol_target,0.39634529835703197,-0.011741922337905192,0.9538315675499444,,
2020-03-04,vol_target,0.35350849574674437,0.01665353043221365,0.9697162305873435,,
2020-03-05,vol_target,0.34212382551724363,-0.01177259254374289,0.9583001565215845,,
2020-03-06,vol_target,0.34405869174932263,-0.005661452021864838,0.952874786162892,,
2020-03-09,vol_target,0.2798462222927868,-0.02686997369631302,0.9272710657228151,,
2020-03-10,vol_target,0.2511863695454482,0.014448459352595363,0.940668704024749,,
2020-03-11,vol_target,0.24160525636894942,-0.012259212984478803,0.9291368460342759,,
2020-03-12,vol_target,0.20753482175173008,-0.02312089370131051,0.9076543717831465,,
2020-03-13,vol_target,0.17904361599641527,0.01772431316587441,0.9237419221150059,,
2020-03-16,vol_target,0.1594776772090529,-0.019605870862195424,0.905631157280023,,
2020-03-17,vol_target,0.15227460854422303,0.008600721067884627,0.9134202382541741,,
2020-03-18,vol_target,0.1503843659867693,-0.007713671810627402,0.9063744143110962,,
2020-03-19,vol_target,0.1505291963365801,0.00031858493478304514,0.9066631715447686,,
2020-03-20,vol_target,0.1496331889032051,-0.006486979146188344,0.9007816664583407,,
2020-03-23,vol_target,0.14959692550464804,-0.00382631863847086,0.8973349887787783,,
2020-03-24,vol_target,0.13601491107659056,0.013553977762842546,0.9094974472625065,,
2020-03-25,vol_target,0.13573184147751471,0.0020293489908921112,0.9113431349893275,,
2020-03-26,vol_target,0.13117596004106535,0.007925190749838076,0.9185657031726734,,
2020-03-27,vol_target,0.13211892933542735,-0.0039093949676216235,0.9149746670352603,,
2020-03-30,vol_target,0.130732999171566,0.004290167640430429,0.9189000617435885,,
2020-03-31,vol_target,0.13302252737949752,-0.0019493028947687213,0.9171088471932286,,
2020-04-01,vol_target,0.13203408255747703,-0.00598783282890392,0.9116173527303267,,
2020-04-02,vol_target,0.1336109885644626,0.003046235291145406,0.9143943536822343,,
2020-04-03,vol_target,0.13423590448133085,-0.0019320102560345565,0.9126277344128602,,
2020-04-06,vol_target,0.12907589431036326,0.009015809349163401,0.9208558120730855,,
2020-04-07,vol_target,0.13493510035785725,0.00012900282472958483,0.9209746050740116,,
2020-04-08,vol_target,0.1366437051126609,0.0045266284462464924,0.9251435149196102,,
2020-04-09,vol_target,0.13922873521514703,0.0020784876622691197,0.9270664143011988,,
2020-04-13,vol_target,0.1525324422926474,-0.0012724493696584093,0.9258867692266898,,
2020-04-14,vol_target,0.16253829051659546,0.004491956633853455,0.9300458124419148,,
2020-04-15,vol_target,0.19295939467137002,-0.0034586170953391747,0.9268291400955546,,
2020-04-16,vol_target,0.20033676266020525,0.000915683161895126,0.9276778219330938,,
2020-04-17,vol_target,0.2118115834814584,0.005408498300534102,0.9326951658564621,,
2020-04-20,vol_target,0.20913076254717303,-0.003737474580255866,0.929209241382946,,
2020-04-21,vol_target,0.21392254973168817,-0.006351127822149251,0.9233077147174006,,
2020-04-22,vol_target,0.21894626564235342,0.004745451367400608,0.9276892265747377,,
2020-04-23,vol_target,0.2570897149617021,-1.8215960005556096e-05,0.927672327824889,,
2020-04-24,vol_target,0.25720462858605897,0.0035643389070296166,0.93097886639593,,
2020-04-27,vol_target,0.2798519181040141,0.0037085802651573257,0.9344314762471244,,
2020-04-28,vol_target,0.29147355458390223,-0.0012982349337205764,0.9332183646614923,,
2020-04-29,vol_target,0.2947238089456933,0.007624500241816306,0.9403336883085213,,
2020-04-30,vol_target,0.2970044973240017,-0.0027456780071759388,0.9377518347811259,,
2020-05-01,vol_target,0.31673514786168355,-0.007864004123723824,0.9303773504853776,,
2020-05-04,vol_target,0.32047399246662,0.0008639897133529237,0.9311811869457335,,
2020-05-05,vol_target,0.3268709101390312,0.002958990268265682,0.9339365430158979,,
2020-05-06,vol_target,0.4036424296605992,-0.0022189955785033785,0.9318641419563429,,
2020-05-07,vol_target,0.401909792774292,0.004832235825221001,0.9363671292473432,,
2020-05-08,vol_target,0.42435113409615866,0.006649323890734019,0.9425933375703455,,
2020-05-11,vol_target,0.4292697187079505,7.578123367650863e-05,0.9426647684563217,,
2020-05-12,vol_target,0.41722766027562247,-0.008558477253687264,0.9345969934776359,,
2020-05-13,vol_target,0.4330909881451836,-0.007385088581023288,0.9276949118932456,,
2020-05-14,vol_target,0.4459354469468637,0.0051750554259216855,0.9324957844806387,,
2020-05-15,vol_target,0.4459946419011239,0.00204361311172189,0.9344014450924287,,
2020-05-18,vol_target,0.4388692067982897,0.013584605216657395,0.9470949198378836,,
2020-05-19,vol_target,0.4476184741606715,-0.004511035878638521,0.9428225406740186,,
2020-05-20,vol_target,0.48858089430335105,0.007599600968171533,0.9499876157669389,,
2020-05-21,vol_target,0.5016223326945943,-0.003393554224836641,0.9467637812799105,,
2020-05-22,vol_target,0.5020284849101011,0.0009462041039443922,0.9476596130552233,,
2020-05-26,vol_target,0.5038915479156423,0.0061850340098678225,0.9535209199917482,,
2020-05-27,vol_target,0.5032809367552975,0.007496250445677275,0.9606687516131989,,
2020-05-28,vol_target,0.5051516028596009,-0.0009287199810304077,0.9597765593484242,,
2020-05-29,vol_target,0.5401739331137666,0.0022499468936434926,0.961936005636722,,
2020-06-01,vol_target,0.5492711496139958,0.002165782375821894,0.9640193496843985,,
2020-06-02,vol_target,0.6251438541412785,0.004543503662878179,0.9683993751307751,,
2020-06-03,vol_target,0.6171239445930242,0.008281691878856154,0.9764193603712851,,
2020-06-04,vol_target,0.6145286247016548,-0.0016250825886688373,0.9748325982695065,,
2020-06-05,vol_target,0.5865529911454437,0.015748881301392608,0.9901851211483812,,
2020-06-08,vol_target,0.5865293661442278,0.007075943782913559,0.9971916154003045,,
2020-06-09,vol_target,0.5843301361193189,-0.004373736962399809,0.9928301615734331,,
2020-06-10,vol_target,0.5773429087868861,-0.0032615953915177335,0.9895919512938853,,
2020-06-11,vol_target,0.4159569748173039,-0.03328661315808146,0.9566517868268147,,
2020-06-12,vol_target,0.4276080865349531,0.004900610127942843,0.9613399642622528,,
2020-06-15,vol_target,0.42885198003673425,0.003986099234078856,0.9651719607574879,,
2020-06-16,vol_target,0.4211160659713102,0.008253958724521952,0.9731384502836462,,
2020-06-17,vol_target,0.4445830376273286,-0.0017532601701967276,0.9714322853986769,,
2020-06-18,vol_target,0.45124902680521484,0.00015955987825268806,0.9715872870158658,,
2020-06-19,vol_target,0.45665487835104424,-0.0025822912685544044,0.9690783656479663,,
2020-06-22,vol_target,0.45973534745669914,0.002926876409456313,0.9719147382552958,,
2020-06-23,vol_target,0.45965111755996974,0.0021149625218823504,0.9739703015011709,,
2020-06-24,vol_target,0.43415782943975434,-0.011725067284753726,0.9625504341827178,,
2020-06-25,vol_target,0.43769944642935504,0.004641556966853361,0.9670181668564464,,
2020-06-26,vol_target,0.4178727826232513,-0.010397799447126422,0.9569633058957453,,
2020-06-29,vol_target,0.41184208459665383,0.006131873248299603,0.9628312835907717,,
2020-06-30,vol_target,0.4077132844777765,0.005272340786921708,0.9679076582381716,,
2020-07-01,vol_target,0.4082330947763158,0.0028539647905882525,0.9706700326153241,,
2020-07-02,vol_target,0.4124024635934074,0.002247845453503178,0.9728519488349902,,
2020-07-06,vol_target,0.40633601712915507,0.0063642451755204004,0.9790434171568588,,
2020-07-07,vol_target,0.42261157281366546,-0.004193939537785398,0.9749373682604362,,
2020-07-08,vol_target,0.4257072822871566,0.0032243151276415702,0.9780808735654215,,
2020-07-09,vol_target,0.42641573813264844,-0.0024250084292381374,0.9757090192025488,,
2020-07-10,vol_target,0.4237223128796349,0.004353587451213332,0.9799568537445846,,
2020-07-13,vol_target,0.6184763961974592,-0.003670245407822016,0.9763601716022648,,
2020-07-14,vol_target,0.6164592157637248,0.007917409867716352,0.9840904152593539,,
2020-07-15,vol_target,0.6166642761390189,0.005662371671675847,0.9896627009490863,,
2020-07-16,vol_target,0.6463798478588682,-0.002031030979129415,0.9876526653445699,,
2020-07-17,vol_target,0.6501591076820255,0.0018590279839277328,0.9894887392878462,,
2020-07-20,vol_target,0.6460126452778538,0.005252407072469296,0.9946859369402105,,
2020-07-21,vol_target,0.6538017878846984,0.001372441235029307,0.9960510849359709,,
2020-07-22,vol_target,0.6544291667052273,0.003717672618145194,0.9997540767807112,,
2020-07-23,vol_target,0.6322374981135108,-0.007808735916255318,0.991947261213931,,
2020-07-24,vol_target,0.7261284995750595,-0.004083177263368413,0.9878969647104817,,
2020-07-27,vol_target,0.7336780183341762,0.005248610336940842,0.9930820509312936,,
2020-07-28,vol_target,0.8730254115470379,-0.004657132190288454,0.9884571365443039,,
2020-07-29,vol_target,0.8877413332266945,0.010667447304308759,0.9990014509609582,,
2020-07-30,vol_target,0.9068334526724726,-0.003175018299552223,0.9958296030728778,,
2020-07-31,vol_target,0.903893063356244,0.007156544549153474,1.0029563019906347,,
2020-08-03,vol_target,0.9003955892159313,0.006282655064277149,1.0092575304805849,,
2020-08-04,vol_target,0.9609054952766282,0.003476078900312323,1.0127657892872697,,
2020-08-05,vol_target,1.0,0.005937610359542883,1.0187791979295324,,
2020-08-06,vol_target,1.0,0.006665341458552419,1.025569709154603,,
2020-08-07,vol_target,1.0,0.0007177538324063537,1.0263058157437486,,
2020-08-10,vol_target,1.0,0.002989181182223133,1.029373629775376,,
2020-08-11,vol_target,1.0,-0.008254580820398982,1.0208765819540075,,
2020-08-12,vol_target,1.0,0.013941930075427988,1.0351095718752523,,
2020-08-13,vol_target,1.0,-0.0018077166652583632,1.033238387051805,,
2020-08-14,vol_target,1.0,2.973080205714851e-05,1.0332691060577681,,
2020-08-17,vol_target,1.0,0.003176577125454383,1.03655136506451,,
2020-08-18,vol_target,1.0,0.0021602802484286254,1.0387906065049406,,
2020-08-19,vol_target,1.0,-0.0041637617301967245,1.0344653299318876,,
2020-08-20,vol_target,1.0,0.003113506327182991,1.0376861442818819,,
2020-08-21,vol_target,1.0,0.003547544040174433,1.0413673815786006,,
2020-08-24,vol_target,1.0,0.010133081888267892,1.0519196425319077,,
2020-08-25,vol_target,1.0,0.0034995423109109858,1.0556008798286265,,
2020-08-26,vol_target,1.0,0.01002574566859904,1.0661840657773376,,
2020-08-27,vol_target,1.0,0.0021863980513545656,1.0685151685411385,,
2020-08-28,vol_target,1.0,0.006459193269465091,1.0754169145261008,,
2020-08-31,vol_target,1.0,-0.003622105587839375,1.0715216409107389,,
2020-09-01,vol_target,1.0,0.009418422933059833,1.0816136849067626,,
2020-09-02,vol_target,1.0,0.01446400841345552,1.0972581543453626,,
2020-09-03,vol_target,0.7458623917581041,-0.034414504387841216,1.0594965587780496,,
2020-09-04,vol_target,0.7337401155435034,-0.006216583567240462,1.0529101098812021,,
2020-09-08,vol_target,0.6278397255314907,-0.020054035550186228,1.031795013106494,,
2020-09-09,vol_target,0.5910832931896411,0.012345067229141003,1.044532591909986,,
2020-09-10,vol_target,0.57038725729807,-0.010281743971176302,1.0337929752304182,,
2020-09-11,vol_target,0.5870211981168343,0.00028010757280720405,1.034082548471495,,
2020-09-14,vol_target,0.5724082784814563,0.007723465159045612,1.0420692490061918,,
2020-09-15,vol_target,0.570678962636814,0.0028846821550293058,1.0450752875731046,,
2020-09-16,vol_target,0.5697760228591483,-0.0022657053938708737,1.0427074548570492,,
2020-09-17,vol_target,0.56406579844398,-0.005011781398974055,1.037481633030225,,
2020-09-18,vol_target,0.5557656180713585,-0.006496731481823579,1.0307413934431038,,
2020-09-21,vol_target,0.5494360377988371,-0.006189520313911041,1.0243615986499988,,
2020-09-22,vol_target,0.5418468976821017,0.005592579193611525,1.0300904220133433,,
2020-09-23,vol_target,0.52121877520373,-0.012569768784036496,1.017142423581985,,
2020-09-24,vol_target,0.5218100521044966,0.0013788494831309726,1.0185449098870116,,
2020-09-25,vol_target,0.510294240933103,0.00843576083639114,1.0271371111479422,,
2020-09-28,vol_target,0.4921732194402556,0.008469989482416986,1.0358369516763652,,
2020-09-29,vol_target,0.4952552383301142,-0.002689381716681985,1.0330511907170632,,
2020-09-30,vol_target,0.49061917236012786,0.0037533451587271143,1.0369285884024584,,
2020-10-01,vol_target,0.49365009440312135,0.0031474655990540203,1.0401922854631307,,
2020-10-02,vol_target,0.5064910264725117,-0.004688478958857929,1.0353153658195704,,
2020-10-05,vol_target,0.5508054823973526,0.008975352384198127,1.044607686056576,,
2020-10-06,vol_target,0.5417056523899207,-0.007852575205316847,1.0364048256417646,,
2020-10-07,vol_target,0.5775239108139772,0.009424805071230473,1.0461727390983209,,
2020-10-08,vol_target,0.6034289803687548,0.005100444869523554,1.0515086854780904,,
2020-10-09,vol_target,0.6342753254783289,0.0053758975726700175,1.0571614884679936,,
2020-10-12,vol_target,0.6148446067537391,0.010188359523646566,1.0679322297870588,,
2020-10-13,vol_target,0.6187939455089465,-0.0040221879164805165,1.063636805676789,,
2020-10-14,vol_target,0.6136352025383417,-0.0038901047359213617,1.0594991471017257,,
2020-10-15,vol_target,0.6158600046805972,-0.0007608766026746381,1.0586929989901421,,
2020-10-16,vol_target,0.6267958959201468,-0.0003732975887462872,1.0582977914463965,,
2020-10-19,vol_target,0.6151014004207952,-0.009534860024119867,1.04820707014112,,
2020-10-20,vol_target,0.633136585560184,0.0024579489366273236,1.0507835095945386,,
2020-10-21,vol_target,0.6386547444720133,-0.0012075120784112148,1.0495146758149079,,
2020-10-22,vol_target,0.7290409661919135,0.0035005167970975424,1.0531885195663984,,
2020-10-23,vol_target,0.7290855573863746,0.002429992053185569,1.055747759299451,,
2020-10-26,vol_target,0.6905526918708781,-0.013473383279530396,1.0415232650919042,,
2020-10-27,vol_target,0.7245867829623035,-0.0023999747210964937,1.0390236355842497,,
2020-10-28,vol_target,0.5874430283557017,-0.024782538407173604,1.0132739924294218,,
2020-10-29,vol_target,0.583114917349816,0.005901877230559631,1.0192542111336593,,
2020-10-30,vol_target,0.580275116005181,-0.006081107430231609,1.0130560167770395,,
2020-11-02,vol_target,0.5740451886906821,0.006502737789057678,1.0196436544197678,,
2020-11-03,vol_target,0.5742782793497339,0.01013206910615936,1.0299747543900057,,
2020-11-04,vol_target,0.5534248258512918,0.012834540319424203,1.0431940069032133,,
2020-11-05,vol_target,0.5481821639314468,0.010782975060343822,1.0544427418627509,,
2020-11-06,vol_target,0.5523369278998939,-0.00012783152588034127,1.054307950838105,,
2020-11-09,vol_target,0.5472123195761929,0.0069383803845542245,1.0616231404434797,,
2020-11-10,vol_target,0.5645911242957697,-0.000805097517939892,1.060768430288121,,
2020-11-11,vol_target,0.5649957246770941,0.0041852820133469635,1.0652080453197323,,
2020-11-12,vol_target,0.5602674430487424,-0.005481202093405036,1.059369424751814,,
2020-11-13,vol_target,0.5487056332537774,0.0077543109146990565,1.0675841046448655,,
2020-11-16,vol_target,0.54110115870465,0.006843570853815513,1.0748901921074099,,
2020-11-17,vol_target,0.5592306170767918,-0.002914042574279725,1.0717579163249331,,
2020-11-18,vol_target,0.5445005847727846,-0.006739305635093511,1.0645350121599884,,
2020-11-19,vol_target,0.5452232813862996,0.0022850745679907844,1.0669675540430108,,
2020-11-20,vol_target,0.5408542798401123,-0.003734050254458298,1.0629834435763377,,
2020-11-23,vol_target,0.5397493181776949,0.0032401007169255477,1.0664276169939495,,
2020-11-24,vol_target,0.5581868481225116,0.008696646320170158,1.0757019608050078,,
2020-11-25,vol_target,0.5598954928284453,-0.000869750312842417,1.0747663686880724,,
2020-11-27,vol_target,0.7260988478181377,0.0015584865436806714,1.0764413776112733,,
2020-11-30,vol_target,0.716706468187019,-0.003297650178918148,1.0728916505097987,,
2020-12-01,vol_target,0.7516789301218993,0.007834059263141572,1.0812967472828223,,
2020-12-02,vol_target,0.7563761688711294,0.001563896216470254,1.0829877831747796,,
2020-12-03,vol_target,0.7854976367439082,-0.0002083251017074121,1.0827621696347018,,
2020-12-04,vol_target,0.8632317018267159,0.00675434740934211,1.0900755214901077,,
2020-12-07,vol_target,0.941694767294613,-0.0018126134267879058,1.088099635963642,,
2020-12-08,vol_target,0.9446038573076835,0.0027163281133572186,1.0910552715949438,,
2020-12-09,vol_target,0.9387946876948952,-0.008473617771206076,1.0818100862561888,,
2020-12-10,vol_target,0.9409294078806626,-0.0003099048947215697,1.0814748280152988,,
2020-12-11,vol_target,0.9512768066757263,-0.0011043816203449041,1.0802804670923731,,
2020-12-14,vol_target,0.9866521743949951,-0.00426426737774399,1.075673862337737,,
2020-12-15,vol_target,0.9899864369056627,0.013321342432703642,1.090003282203847,,
2020-12-16,vol_target,1.0,0.001552038207978305,1.091695008944649,,
2020-12-17,vol_target,1.0,0.0055871060663367994,1.0977944247517133,,
2020-12-18,vol_target,1.0,-0.003993038567770557,1.0934108892741963,,
2020-12-21,vol_target,1.0,-0.0035754573142122714,1.0895014453127014,,
2020-12-22,vol_target,1.0,-0.00168560175560728,1.0876649797637457,,
2020-12-23,vol_target,1.0,0.0008988109257548338,1.0886425849311183,,
2020-12-24,vol_target,1.0,0.003890510051640206,1.0928779598504363,,
2020-12-28,vol_target,1.0,0.008590576124987148,1.1022664111598521,,
2020-12-29,vol_target,1.0,-0.0019078686896041308,1.100163431586398,,
2020-12-30,vol_target,1.0,0.0014270166407852614,1.1017333831108551,,
2020-12-31,vol_target,1.0,0.005080945774450951,1.1073312306883438,,
2021-01-04,vol_target,1.0,-0.013614109694840004,1.0922559018452305,,
2021-01-05,vol_target,1.0,0.006887005805936042,1.0997782745828064,,
2021-01-06,vol_target,1.0,0.0059787101148918165,1.106353530077193,,
2021-01-07,vol_target,1.0,0.01485763625545422,1.1227913283970177,,
2021-01-08,vol_target,1.0,0.005697749106416072,1.1291887116850834,,
2021-01-11,vol_target,1.0,-0.00674093776624507,1.1215769208532678,,
2021-01-12,vol_target,1.0,0.00021113342471146268,1.1218137232296448,,
2021-01-13,vol_target,1.0,0.002693019293887877,1.1248347892304504,,
2021-01-14,vol_target,1.0,-0.003501983105316353,1.1208956368022933,,
2021-01-15,vol_target,1.0,-0.0072924217895834476,1.1127215930366272,,
2021-01-19,vol_target,1.0,0.007851547293575623,1.121458179248937,,
2021-01-20,vol_target,1.0,0.013838868162580287,1.1369778911414106,,
2021-01-21,vol_target,1.0,0.0009115743601755266,1.1380143310350614,,
2021-01-22,vol_target,1.0,-0.0035393204794977873,1.133986533607267,,
2021-01-25,vol_target,1.0,0.003943939732637736,1.1384589081534369,,
2021-01-26,vol_target,1.0,-0.0015610923595564818,1.1366816686502494,,
2021-01-27,vol_target,0.8410127156322393,-0.024440416316123037,1.108900695449532,,
2021-01-28,vol_target,0.8409731894409661,0.007153412867962718,1.1168331199536534,,
2021-01-29,vol_target,0.7514328002334434,-0.01683599047125031,1.098030128188137,,
2021-02-01,vol_target,0.7061405508335942,0.012463280698818382,1.1117151858915053,,
2021-02-02,vol_target,0.6827901267050923,0.009962274929520261,1.1227903982166791,,
2021-02-03,vol_target,0.7163245163019893,0.0005250353454786624,1.123379902861307,,
2021-02-04,vol_target,0.7060229559465174,0.008125146910786063,1.1325075296086797,,
2021-02-05,vol_target,0.7079691635576498,0.0027735342399750006,1.135648578019079,,
2021-02-08,vol_target,0.7313496284930251,0.005111868739626901,1.1414538644842567,,
2021-02-09,vol_target,0.7339848212337897,-0.000498541808246332,1.1408848020106268,,
2021-02-10,vol_target,0.7449129274592126,-0.00032118852231101717,1.140518362906942,,
2021-02-11,vol_target,0.7452084876269307,0.0011977324705980364,1.141884398783509,,
2021-02-12,vol_target,0.7433970668869959,0.0036810170407279904,1.1460876947139724,,
2021-02-16,vol_target,0.7471028832986603,-0.0006448462027789073,1.1453486444159844,,
2021-02-17,vol_target,0.7625879400067778,0.00016964275502735166,1.1455429445154899,,
2021-02-18,vol_target,0.7624336494537709,-0.0032532236105024073,1.1418162371615477,,
2021-02-19,vol_target,0.793701543599069,-0.0013467463091495291,1.1402785003584233,,
2021-02-22,vol_target,0.7791161806810478,-0.006120527802044625,1.1332993940949059,,
2021-02-23,vol_target,0.7824128885210602,0.0009389601751742091,1.13436351709251,,
2021-02-24,vol_target,0.7632784656164684,0.008620191645877092,1.1441419480059385,,
2021-02-25,vol_target,0.668334461302916,-0.018401428389713797,1.1230881018820396,,
2021-02-26,vol_target,0.7607473187860714,-0.0034911135493401226,1.1191672737924565,,
2021-03-01,vol_target,0.6827439742416854,0.01839447834610822,1.139753771975905,,
2021-03-02,vol_target,0.7435674484534706,-0.00536677181162438,1.1336369735602723,,
2021-03-03,vol_target,0.7466717378282537,-0.009879384571257203,1.1224373379342742,,
2021-03-04,vol_target,0.7546456295274665,-0.009241417375566585,1.1120644260165038,,
2021-03-05,vol_target,0.6974238167540453,0.013878956279296114,1.1274987195649473,,
2021-03-08,vol_target,0.7140358608336131,-0.0035009582966304084,1.1235513935682462,,
2021-03-09,vol_target,0.6850612250276557,0.010186302222907069,1.1349962276261008,,
2021-03-10,vol_target,0.6869641552098965,0.0042498021408377395,1.1398197370241088,,
2021-03-11,vol_target,0.6734714384699825,0.006964255053681666,1.147757732387965,,
2021-03-12,vol_target,0.6734931172356957,0.0009002982018699935,1.1487910566106163,,
2021-03-15,vol_target,0.6698701943515551,0.004016327856333503,1.1534049781323883,,
2021-03-16,vol_target,0.6718957733583414,-0.0008468195499070217,1.1524282522479457,,
2021-03-17,vol_target,0.671085859965623,0.002290197201099991,1.1550675402057125,,
2021-03-18,vol_target,0.6436773067824537,-0.009764532929123484,1.1437888451740121,,
2021-03-19,vol_target,0.6454049878099292,-0.0012047356081870447,1.142410882023984,,
2021-03-22,vol_target,0.6390596012169889,0.005152709456026321,1.1482973933784564,,
2021-03-23,vol_target,0.6387196827495938,-0.0050331564908850145,1.1425178328995074,,
2021-03-24,vol_target,0.6354286870013459,-0.003246880702433422,1.1388082137956799,,
2021-03-25,vol_target,0.6456299316247427,0.003572842099329099,1.142876995724991,,
2021-03-26,vol_target,0.6979125529273915,0.010399207576472088,1.1547620108379097,,
2021-03-29,vol_target,0.704676763307691,-0.00037870136724950344,1.1543247008855577,,
2021-03-30,vol_target,0.7968803154848648,-0.0018728227459957685,1.1521628553294745,,
2021-03-31,vol_target,0.8130099754307333,0.0031839353629948674,1.155831267388487,,
2021-04-01,vol_target,0.8515975759895662,0.008771672628134677,1.1659698408793806,,
2021-04-05,vol_target,0.8849597537492556,0.012203969111522207,1.180199300802439,,
2021-04-06,vol_target,0.9567199378945833,-0.0005394073377818448,1.1795626926395413,,
2021-04-07,vol_target,0.9809251326041569,0.0010712297223074282,1.1808262752552217,,
2021-04-08,vol_target,1.0,0.004644136499377827,1.1863101936595588,,
2021-04-09,vol_target,1.0,0.007260759993886527,1.194923707254022,,
2021-04-12,vol_target,1.0,0.0003647098622294731,1.1953595077146693,,
2021-04-13,vol_target,1.0,0.002963532343154718,1.1989019942774792,,
2021-04-14,vol_target,1.0,-0.003415146771034494,1.1948075680029357,,
2021-04-15,vol_target,1.0,0.010742415252662507,1.207642687045447,,
2021-04-16,vol_target,1.0,0.0033424207067618283,1.2116791369689972,,
2021-04-19,vol_target,1.0,-0.004913024045379744,1.2057261282337834,,
2021-04-20,vol_target,1.0,-0.007321639490669107,1.1968982361983753,,
2021-04-21,vol_target,1.0,0.009462152935174384,1.2082234703571249,,
2021-04-22,vol_target,1.0,-0.009133152443168147,1.1971885812169396,,
2021-04-23,vol_target,1.0,0.010842389436381383,1.2101689660432826,,
2021-04-26,vol_target,1.0,0.0020877787405582104,1.2126955310830712,,
2021-04-27,vol_target,1.0,-0.00021563393511825346,1.2124340327736034,,
2021-04-28,vol_target,1.0,-0.00028728842228964435,1.2120857145131976,,
2021-04-29,vol_target,1.0,0.006372889490944278,1.2198102028253424,,
2021-04-30,vol_target,1.0,-0.006570713189966604,1.211795179836382,,
2021-05-03,vol_target,1.0,0.0021566226984657266,1.2144085648271086,,
2021-05-04,vol_target,1.0,-0.006169200550219633,1.2069166348407858,,
2021-05-05,vol_target,1.0,0.00031289448637350503,1.20729427240134,,
2021-05-06,vol_target,1.0,0.007985664592470965,1.2169353195251484,,
2021-05-07,vol_target,1.0,0.007277980905764148,1.2257921515442025,,
2021-05-10,vol_target,1.0,-0.009902252343438556,1.2136540483390053,,
2021-05-11,vol_target,1.0,-0.008924901955285836,1.2028223049499438,,
2021-05-12,vol_target,0.9137554534162148,-0.021245430888066186,1.1772678267995054,,
2021-05-13,vol_target,0.8683049604520601,0.010933603954447379,1.1901396069660442,,
2021-05-14,vol_target,0.8357761048943761,0.013310349451018659,1.2059807810302603,,
2021-05-17,vol_target,0.8370384335015836,-0.002142983488788943,1.2033963841287156,,
2021-05-18,vol_target,0.8249250033153835,-0.007212443625042286,1.1947169555496076,,
2021-05-19,vol_target,0.8361078248308209,-0.002168591855344092,1.192126102090361,,
2021-05-20,vol_target,0.829434423815028,0.00898918954617971,1.2028423495849998,,
2021-05-21,vol_target,0.8515562174475019,-0.0006825707820772737,1.202021324541728,,
2021-05-24,vol_target,0.855146518848351,0.008669974489301815,1.2124428187611014,,
2021-05-25,vol_target,0.8544940671301852,-0.0018992555833659362,1.2101400799680575,,
2021-05-26,vol_target,0.853626661355206,0.0016957604106771973,1.212192187607041,,
2021-05-27,vol_target,0.8536772477372842,0.000447625956037227,1.2127347962939194,,
2021-05-28,vol_target,0.8636757994239674,0.0015269420907038295,1.2145865720992417,,
2021-06-01,vol_target,0.8764483906859021,-0.0007658001371819472,1.2136564415357087,,
2021-06-02,vol_target,0.8769901393713926,0.0013719643459270052,1.2153215349017001,,
2021-06-03,vol_target,0.8847456907959765,-0.0032550107148836592,1.2113656502835664,,
2021-06-04,vol_target,0.8634620296058888,0.008087773609193894,1.221162901421014,,
2021-06-07,vol_target,0.8785060143252087,-0.0008483615212614857,1.2201269138042563,,
2021-06-08,vol_target,0.8936644539087443,0.00017965595191348215,1.220346116866411,,
2021-06-09,vol_target,0.9266538214412564,-0.0013405635784576198,1.2187101653090278,,
2021-06-10,vol_target,0.9554854752990276,0.004290730050771662,1.2239393216385002,,
2021-06-11,vol_target,1.0,0.0015645371120235959,1.2258542201300686,,
2021-06-14,vol_target,1.0,0.0022167858520121403,1.2285716764218824,,
2021-06-15,vol_target,1.0,-0.001834270754774825,1.2263181433256771,,
2021-06-16,vol_target,1.0,-0.005583433982308539,1.219471076931111,,
2021-06-17,vol_target,1.0,-0.00033153875713864966,1.2190667750058988,,
2021-06-18,vol_target,1.0,-0.013490561825025504,1.2026208793088473,,
2021-06-21,vol_target,1.0,0.0143161738885218,1.2198378089389998,,
2021-06-22,vol_target,1.0,0.005346272394088247,1.2263593941421955,,
2021-06-23,vol_target,1.0,-0.0012051668075482302,1.2248814265062504,,
2021-06-24,vol_target,1.0,0.0059154335491837795,1.2321271311903776,,
2021-06-25,vol_target,1.0,0.0035523082459698596,1.2365040265585885,,
2021-06-28,vol_target,1.0,0.0020157994109979427,1.2389965706470218,,
2021-06-29,vol_target,1.0,0.0005379648525867253,1.2396631072545055,,
2021-06-30,vol_target,1.0,0.00084165438424888,1.2407064751437178,,
2021-07-01,vol_target,1.0,0.005536790844608674,1.2475760073961402,,
2021-07-02,vol_target,1.0,0.00764328805367831,1.2571115901895267,,
2021-07-06,vol_target,1.0,-0.0018211627898890859,1.2548221853387351,,
2021-07-07,vol_target,1.0,0.0035337227216318823,1.2592563790066744,,
2021-07-08,vol_target,1.0,-0.008147876323219228,1.2489961137713033,,
2021-07-09,vol_target,1.0,0.0106749529220318,1.2623290884856126,,
2021-07-12,vol_target,1.0,0.003581804106493225,1.2668505039984963,,
2021-07-13,vol_target,1.0,-0.003409190833199238,1.2625315688732308,,
2021-07-14,vol_target,1.0,0.0014925156986502763,1.2644159170598157,,
2021-07-15,vol_target,1.0,-0.003415755106364604,1.26009698193455,,
2021-07-16,vol_target,1.0,-0.00784339149711255,1.2502135479809073,,
2021-07-19,vol_target,1.0,-0.01476807550364212,1.231750299908649,,
2021-07-20,vol_target,1.0,0.014330597737985507,1.2494020179702827,,
2021-07-21,vol_target,1.0,0.008096090519097432,1.259517289802513,,
2021-07-22,vol_target,1.0,0.002094238237832391,1.2621550190720285,,
2021-07-23,vol_target,1.0,0.01028820710814804,1.27514033131083,,
2021-07-26,vol_target,1.0,0.002454489923239045,1.2782701504047482,,
2021-07-27,vol_target,1.0,-0.004557485199261246,1.2724444531136212,,
2021-07-28,vol_target,1.0,-0.00041009623924470606,1.2719226284287515,,
2021-07-29,vol_target,1.0,0.004147622919764782,1.27719808387459,,
2021-07-30,vol_target,1.0,-0.0048566490409561736,1.2709951810254294,,
2021-08-02,vol_target,1.0,-0.0020979786123879185,1.26832866031919,,
2021-08-03,vol_target,1.0,0.008135517531740355,1.2786471703712254,,
2021-08-04,vol_target,1.0,-0.004918918900219893,1.2723576086381738,,
2021-08-05,vol_target,1.0,0.006332895640749792,1.2804153165913934,,
2021-08-06,vol_target,1.0,0.0016524393829557837,1.2825311252870688,,
2021-08-09,vol_target,1.0,-0.0008136695892877466,1.2814875687131078,,
2021-08-10,vol_target,1.0,0.0012437796204576301,1.283081456834943,,
2021-08-11,vol_target,1.0,0.0024852791219118764,1.286270272391327,,
2021-08-12,vol_target,1.0,0.002996798881682805,1.2901249657051712,,
2021-08-13,vol_target,1.0,0.0018196304603790292,1.2924725163904638,,
2021-08-16,vol_target,1.0,0.0023548946094322787,1.295516152952151,,
2021-08-17,vol_target,1.0,-0.00655530188376352,1.2870236534742578,,
2021-08-18,vol_target,1.0,-0.010944908245636875,1.2729372976770177,,
2021-08-19,vol_target,1.0,0.0015481693405896557,1.2749080201737744,,
2021-08-20,vol_target,1.0,0.007956998056274589,1.285052460812226,,
2021-08-23,vol_target,1.0,0.008796536202838157,1.296356471306307,,
2021-08-24,vol_target,1.0,0.0015874833714735193,1.2984144156480077,,
2021-08-25,vol_target,1.0,0.002098456785371461,1.3011390821887485,,
2021-08-26,vol_target,1.0,-0.005903191813574349,1.2934582086104502,,
2021-08-27,vol_target,1.0,0.008941086161835532,1.3050231299003696,,
2021-08-30,vol_target,1.0,0.004397436945924094,1.310761886827079,,
2021-08-31,vol_target,1.0,-0.0014816724260134917,1.3088197670822979,,
2021-09-01,vol_target,1.0,0.000531478468028368,1.309515376607032,,
2021-09-02,vol_target,1.0,0.003076815343835193,1.3135445136107646,,
2021-09-03,vol_target,1.0,-0.00024282917285955996,1.3132255466830103,,
2021-09-07,vol_target,1.0,-0.0035755334223698254,1.3085300648497353,,
2021-09-08,vol_target,1.0,-0.0012182927533557208,1.3069358921541807,,
2021-09-09,vol_target,1.0,-0.004280274983400223,1.3013418471500853,,
2021-09-10,vol_target,1.0,-0.007884518539529206,1.2910813932299652,,
2021-09-13,vol_target,1.0,0.0025592243154941574,1.2943855601248013,,
2021-09-14,vol_target,1.0,-0.005396366967483135,1.2874005806449567,,
2021-09-15,vol_target,1.0,0.008352428354997832,1.2981535017589763,,
2021-09-16,vol_target,1.0,-0.001585140473883917,1.296095746102024,,
2021-09-17,vol_target,1.0,-0.009741082796565381,1.2834703701269679,,
2021-09-20,vol_target,1.0,-0.016674078771511724,1.2620696840745695,,
2021-09-21,vol_target,1.0,-0.0009447367979118493,1.2608773604024952,,
2021-09-22,vol_target,1.0,0.00975487901139771,1.2731770665014321,,
2021-09-23,vol_target,1.0,0.012149981533317256,1.2886461443480677,,
2021-09-24,vol_target,1.0,0.0016473073132372562,1.2907689405658271,,
2021-09-27,vol_target,1.0,-0.0028611521839283505,1.2870758541925804,,
2021-09-28,vol_target,0.9702723138852449,-0.020151673486682342,1.2611391218262988,,
2021-09-29,vol_target,0.9806399724961452,0.001618187012032342,1.263179880773604,,
2021-09-30,vol_target,0.9401452151466089,-0.01199088929410824,1.248033230664703,,
2021-10-01,vol_target,0.8791451504432614,0.011152688839602331,1.26195215694779,,
2021-10-04,vol_target,0.8534361155372008,-0.011367960875187322,1.2476063342012493,,
2021-10-05,vol_target,0.8141290334618134,0.008867051755645821,1.2586689241372833,,
2021-10-06,vol_target,0.806717195799509,0.0033640051641958737,1.262903092898094,,
2021-10-07,vol_target,0.7847108658684203,0.006970828708782345,1.2717065740344782,,
2021-10-08,vol_target,0.7867924523100677,-0.0014421324709644606,1.269872604690524,,
2021-10-11,vol_target,0.7886068893799468,-0.005697208925443934,1.2626378751529044,,
2021-10-12,vol_target,0.7910636715050006,-0.0019421143290588548,1.2601856880431574,,
2021-10-13,vol_target,0.7907050565635385,0.0028446556762172196,1.263770482413737,,
2021-10-14,vol_target,0.7464946993070861,0.013300108227962787,1.2805787666051442,,
2021-10-15,vol_target,0.7360985476812052,0.005662956251612707,1.2878306281371732,,
2021-10-18,vol_target,0.7533383623382776,0.002174062706155802,1.2906304526776513,,
2021-10-19,vol_target,0.8117655900778115,0.005803419051743655,1.2981205220354815,,
2021-10-20,vol_target,0.8128047648696146,0.0031590929131599227,1.3022214053770713,,
2021-10-21,vol_target,0.8276029393194666,0.0021194911574443183,1.3049814521308027,,
2021-10-22,vol_target,0.8561495320240045,-0.0008650885168806017,1.3038525276618222,,
2021-10-25,vol_target,0.8514496031680538,0.004577230899590448,1.309820561739945,,
2021-10-26,vol_target,0.8562456106432081,0.0007640045312209137,1.3108212705842006,,
2021-10-27,vol_target,1.0,-0.0037958364728099153,1.305845607395982,,
2021-10-28,vol_target,0.9895128163856827,0.009577030395587757,1.3183517304699581,,
2021-10-29,vol_target,1.0,0.0020026246397630227,1.3209918941292715,,
2021-11-01,vol_target,1.0,0.001714912920372224,1.3232572801962208,,
2021-11-02,vol_target,1.0,0.004043192920713645,1.3286074646637929,,
2021-11-03,vol_target,1.0,0.006105207390848744,1.336718888776595,,
2021-11-04,vol_target,1.0,0.004712577233635162,1.3430182797796137,,
2021-11-05,vol_target,1.0,0.003469460357242049,1.3476778284603605,,
2021-11-08,vol_target,1.0,0.0008537131530526043,1.3488283587485945,,
2021-11-09,vol_target,1.0,-0.0033053935223728015,1.3443699502287942,,
2021-11-10,vol_target,1.0,-0.00804469294850596,1.3335549067700054,,
2021-11-11,vol_target,1.0,0.00032343507507226477,1.3339862252013897,,
2021-11-12,vol_target,1.0,0.007546819642791247,1.3440535786489525,,
2021-11-15,vol_target,1.0,0.00034244751260681383,1.3445138464537711,,
2021-11-16,vol_target,1.0,0.003957950805435262,1.3498353661152618,,
2021-11-17,vol_target,1.0,-0.0024292049653559245,1.3465563393414814,,
2021-11-18,vol_target,1.0,0.0033963387624069696,1.3511297008325518,,
2021-11-19,vol_target,1.0,-0.0017882791993174552,1.348713503692973,,
2021-11-22,vol_target,1.0,-0.002815139725225624,1.3449166867307787,,
2021-11-23,vol_target,1.0,0.001325865467896259,1.3466998653229125,,
2021-11-24,vol_target,1.0,0.0026699912087577715,1.35029554212416,,
2021-11-26,vol_target,1.0,-0.02230316930897358,1.3201796720310126,,
2021-11-29,vol_target,1.0,0.012266505075916534,1.336373662679103,,
2021-11-30,vol_target,0.9371204302443711,-0.019457711621540197,1.3103708893320716,,
2021-12-01,vol_target,0.9019333269613621,-0.010440136786917896,1.2966904380058495,,
2021-12-02,vol_target,0.8350865085659162,0.013796738768216698,1.3145805372422608,,
2021-12-03,vol_target,0.831200650691022,-0.007299752839358484,1.3049844242329611,,
2021-12-06,vol_target,0.7999482701441606,0.009842149755090807,1.317828276364323,,
2021-12-07,vol_target,0.71831546061539,0.016531132402707968,1.339613470084934,,
2021-12-08,vol_target,0.7173394507981148,0.001861274306220324,1.3421068582170697,,
2021-12-09,vol_target,0.7117739345687388,-0.004843547304209423,1.3356063001619913,,
2021-12-10,vol_target,0.7100181609871113,0.006697410473593338,1.3445514037852935,,
2021-12-13,vol_target,0.6965261508747591,-0.006290471062467522,1.336093542087782,,
2021-12-14,vol_target,0.6979555621090592,-0.004798822882358723,1.3296818658250393,,
2021-12-15,vol_target,0.6643403702937571,0.010904913985331685,1.3441819321997166,,
2021-12-16,vol_target,0.6562635541042873,-0.0058753359115024046,1.336284411821871,,
2021-12-17,vol_target,0.6441826833545528,-0.0069885373327694825,1.326945738322656,,
2021-12-20,vol_target,0.6355996213481238,-0.0068560513969687115,1.3178481301397271,,
2021-12-21,vol_target,0.6001380570411391,0.011283489440776793,1.332718055600706,,
2021-12-22,vol_target,0.5915069785511297,0.005982783923389363,1.340691419758165,,
2021-12-23,vol_target,0.5885148676878551,0.003676107260964211,1.3456199452210502,,
2021-12-27,vol_target,0.5734522262521586,0.008327278409120736,1.356825297137772,,
2021-12-28,vol_target,0.6264661477243312,-0.0004761567853191644,1.356179235566047,,
2021-12-29,vol_target,0.6385658327011752,0.0007748521811839592,1.3572300740048016,,
2021-12-30,vol_target,0.6948318908666509,-0.0017714107420795258,1.354825862072236,,
2021-12-31,vol_target,0.7196692366520061,-0.0017791863166051365,1.3524153744370544,,
2022-01-03,vol_target,0.7460274378756976,0.004154461361375768,1.3580339318546837,,
2022-01-04,vol_target,0.7682744602602211,-0.0002630554199039749,1.3576766936684959,,
2022-01-05,vol_target,0.7071328269884248,-0.014763656301247055,1.3376324215949607,,
2022-01-06,vol_target,0.7779234110633491,-0.0006948555739356398,1.3367029602509384,,
2022-01-07,vol_target,0.776099824019983,-0.0031109566760421114,1.3325445352528604,,
2022-01-10,vol_target,0.7852514895042494,-0.0009667040478757156,1.3312563590566568,,
2022-01-11,vol_target,0.7864355682263666,0.007147797812718141,1.340771910348089,,
2022-01-12,vol_target,0.8040527288462076,0.002125556506552848,1.3436217968059327,,
2022-01-13,vol_target,0.7720941755845491,-0.011087456207939782,1.3287244489738135,,
2022-01-14,vol_target,0.826694044254719,0.00029964796624635284,1.3291225985526502,,
2022-01-18,vol_target,0.7761020611163671,-0.014667575028399613,1.3096275931164378,,
2022-01-19,vol_target,0.7771329813894492,-0.00808404950723282,1.2990404988176463,,
2022-01-20,vol_target,0.7753481918208823,-0.008601911630057925,1.2878662672429504,,
2022-01-21,vol_target,0.7874924100940108,-0.015221519209514865,1.2682629861168255,,
2022-01-24,vol_target,0.8129149215077927,0.0033383824731436336,1.2724969330410147,,
2022-01-25,vol_target,0.8157292613849663,-0.009937780433843522,1.2598511379177137,,
2022-01-26,vol_target,0.9083345215771057,-0.0020477607878707075,1.2572712641589316,,
2022-01-27,vol_target,0.9131541407034464,-0.004531624763789583,1.251573782563468,,
2022-01-28,vol_target,0.7235717622445859,0.0226761804751533,1.2799546955348478,,
2022-01-31,vol_target,0.6592479003317605,0.012937400863564081,1.2965139825181833,,
2022-02-01,vol_target,0.6489544495681061,0.004422367545423402,1.3022476438766593,,
2022-02-02,vol_target,0.6399034493511017,0.0062987926142675805,1.310450231717857,,
2022-02-03,vol_target,0.5953031758228838,-0.01504547357458227,1.2907338873857408,,
2022-02-04,vol_target,0.617243989372449,0.00277697156362442,1.2943182186872173,,
2022-02-07,vol_target,0.6172207598170855,-0.0019918518293836254,1.2917401285755206,,
2022-02-08,vol_target,0.6076108327129666,0.005078440047525481,1.298300153375474,,
2022-02-09,vol_target,0.584620820244508,0.008888214004790604,1.3098397229811278,,
2022-02-10,vol_target,0.5707340422367188,-0.010514571964204423,1.2960673189522691,,
2022-02-11,vol_target,0.5502215266174091,-0.011261126200395858,1.2814721413093388,,
2022-02-14,vol_target,0.559125540377241,-0.0018091205040846158,1.2791538037830827,,
2022-02-15,vol_target,0.5354896625049705,0.009012461811680897,1.2906821285909442,,
2022-02-16,vol_target,0.5538276435653237,0.0005883830323621967,1.2914415440555804,,
2022-02-17,vol_target,0.5313566420251787,-0.01183964672049981,1.2761513324137854,,
2022-02-18,vol_target,0.5358781605406266,-0.003451756083584092,1.2717463692885522,,
2022-02-22,vol_target,0.5536635592447998,-0.005753174429736502,1.264429790595651,,
2022-02-23,vol_target,0.5368670763322015,-0.009830089116351259,1.2520003330727263,,
2022-02-24,vol_target,0.5273393780563509,0.008071057082944791,1.2621052992288222,,
2022-02-25,vol_target,0.49898103968954904,0.011630261939311798,1.2767839144538469,,
2022-02-28,vol_target,0.5001210298092761,-0.0012908107179554042,1.2751358280925567,,
2022-03-01,vol_target,0.5238862646902073,-0.00761751008579465,1.2654224680613035,,
2022-03-02,vol_target,0.5229484578098559,0.00962560751602861,1.2776029280808259,,
2022-03-03,vol_target,0.5264456634640743,-0.0026038484268785076,1.2742762437063673,,
2022-03-04,vol_target,0.5333360932730337,-0.004278921561299188,1.2688237156121207,,
2022-03-07,vol_target,0.5154417175126085,-0.01572584809269888,1.2488703866039907,,
2022-03-08,vol_target,0.5180140080523733,-0.003916823706568129,1.2439787814673093,,
2022-03-09,vol_target,0.471868296845543,0.013887009226172564,1.2612539262827087,,
2022-03-10,vol_target,0.47686327936489026,-0.002153786415586823,1.2585374547096755,,
2022-03-11,vol_target,0.4883067887049245,-0.006065837057138841,1.2509033715791005,,
2022-03-14,vol_target,0.4983177124467083,-0.0035744474324347587,1.2464320832343356,,
2022-03-15,vol_target,0.48288937444929625,0.010953276625667412,1.2600845986371083,,
2022-03-16,vol_target,0.4589721015309316,0.010699980822605034,1.2735674796773853,,
2022-03-17,vol_target,0.46351898534298613,0.005730248383811193,1.280865337669481,,
2022-03-18,vol_target,0.45828373671787137,0.005074392918718548,1.2873649516687828,,
2022-03-21,vol_target,0.4799239438898982,-0.00013651039405732156,1.287189212971935,,
2022-03-22,vol_target,0.4779629080868443,0.005604908577500439,1.2944037908325874,,
2022-03-23,vol_target,0.4751822319017187,-0.0061563651865587385,1.286434968397356,,
2022-03-24,vol_target,0.48778787653101563,0.007161706014907424,1.2956480374483146,,
2022-03-25,vol_target,0.4949898251173822,0.002375826545241326,1.298726272448974,,
2022-03-28,vol_target,0.5152821007443134,0.0035172394406783013,1.303294203717077,,
2022-03-29,vol_target,0.5111102477174653,0.006364364988463144,1.3115888437168808,,
2022-03-30,vol_target,0.5263863115804499,-0.0031580285036792994,1.307446808763315,,
2022-03-31,vol_target,0.5220294233387102,-0.008109384268564212,1.2968442201803454,,
2022-04-01,vol_target,0.5249509430836775,0.0014772160730097989,1.2987599393065858,,
2022-04-04,vol_target,0.5298126039469464,0.004495598158320332,1.3045986420978328,,
2022-04-05,vol_target,0.592896749333368,-0.006694706101484595,1.2958647376085919,,
2022-04-06,vol_target,0.5874941370235435,-0.005960081408482258,1.2881412782780632,,
2022-04-07,vol_target,0.6445558988089815,0.0029576268248320955,1.291951119476872,,
2022-04-08,vol_target,0.6472379479574487,-0.0017519658768800715,1.2896876652009515,,
2022-04-11,vol_target,0.6298665212181009,-0.011064200496535096,1.2754183022952599,,
2022-04-12,vol_target,0.6362738961130997,-0.002342376094630148,1.2724307929533096,,
2022-04-13,vol_target,0.673457756287339,0.007284393522109674,1.2816996795788316,,
2022-04-14,vol_target,0.7094492727821081,-0.00840437004932285,1.2709278011795526,,
2022-04-18,vol_target,0.7345819283814651,0.0002736792743362437,1.2712756277779134,,
2022-04-19,vol_target,0.711322005628893,0.011845537919159025,1.2863345714324594,,
2022-04-20,vol_target,0.7112348732924976,-0.0005391585854209443,1.2856410331045478,,
2022-04-21,vol_target,0.702345773577035,-0.0106354447686295,1.2719676689046806,,
2022-04-22,vol_target,0.632208879420608,-0.01927626959816885,1.2474488771987196,,
2022-04-25,vol_target,0.6595940706012793,0.0036302334982079806,1.251977407900028,,
2022-04-26,vol_target,0.5947937618288358,-0.01911612315174354,1.2280444535874107,,
2022-04-27,vol_target,0.6020459135272678,0.0016400670520394236,1.230058528834179,,
2022-04-28,vol_target,0.5530353510958473,0.015203706025306919,1.2487599771004954,,
2022-04-29,vol_target,0.4878220568392979,-0.0204622685696434,1.2232075150700432,,
2022-05-02,vol_target,0.48828132320086054,0.0029038507051410826,1.2267595270752132,,
2022-05-03,vol_target,0.4869263179960293,0.002238070783947768,1.2295051017316898,,
2022-05-04,vol_target,0.4430841743894172,0.014827548739052484,1.2477356485525302,,
2022-05-05,vol_target,0.41087001410523316,-0.015770370643143152,1.2280583949101942,,
2022-05-06,vol_target,0.411888750333112,-0.0024685419258797647,1.2250268812749299,,
2022-05-09,vol_target,0.3931559774515491,-0.013188088404734066,1.2088711184665004,,
2022-05-10,vol_target,0.3917840931865438,0.0008991154135232729,1.2099580331220767,,
2022-05-11,vol_target,0.3925002845965624,-0.006224605815612978,1.2024265213124574,,
2022-05-12,vol_target,0.39211079131337595,-0.000410159435845388,1.2019333347288303,,
2022-05-13,vol_target,0.37813517940451064,0.009374379073897928,1.2132007134301326,,
2022-05-16,vol_target,0.37972001834277375,-0.001541344564377968,1.2113307531049877,,
2022-05-17,vol_target,0.36679421557275266,0.007810168070686987,1.2207914498759296,,
2022-05-18,vol_target,0.34953938347811225,-0.014792513580288977,1.2027328757749391,,
2022-05-19,vol_target,0.35004585914291214,-0.0021493719248556623,1.2001477554986475,,
2022-05-20,vol_target,0.35094524775680297,0.0001525628067112155,1.2003308534086945,,
2022-05-23,vol_target,0.35115927192714336,0.006565765955471999,1.208211944861308,,
2022-05-24,vol_target,0.35246162060052416,-0.0026808445175664558,1.2049729164928682,,
2022-05-25,vol_target,0.3633425484858282,0.0031133865592048496,1.208724462975283,,
2022-05-26,vol_target,0.3543411543856166,0.007254657868392995,1.2174933454113257,,
2022-05-27,vol_target,0.3550648373560352,0.008694212834846326,1.228078491681341,,
2022-05-31,vol_target,0.38378095643648963,-0.001992596949279069,1.2256314262253414,,
2022-06-01,vol_target,0.3830906438704598,-0.0031186131369868534,1.2218091559584112,,
2022-06-02,vol_target,0.3749311718425737,0.007295062014904098,1.2307223295215055,,
2022-06-03,vol_target,0.3930839309046123,-0.006157284929017454,1.2231444214701375,,
2022-06-06,vol_target,0.4286551830062656,0.0011877939786328515,1.224597265048958,,
2022-06-07,vol_target,0.42702885273219304,0.004093901279087974,1.2296106453587095,,
2022-06-08,vol_target,0.4638702919734109,-0.004643486184969696,1.2239009653140946,,
2022-06-09,vol_target,0.4391532964320997,-0.011050620714606382,1.210376099954168,,
2022-06-10,vol_target,0.4187598895138069,-0.012745870095244716,1.194948803417763,,
2022-06-13,vol_target,0.38088516096291086,-0.01590968363842791,1.1759375459912684,,
2022-06-14,vol_target,0.39909865633356983,-0.0011667545602724253,1.1745655154968877,,
2022-06-15,vol_target,0.3912803877479224,0.005680597025347492,1.181237748870295,,
2022-06-16,vol_target,0.38412832894963334,-0.01295371911188663,1.165936326867072,,
2022-06-17,vol_target,0.4206912800456006,0.000824458588765031,1.1668975930857108,,
2022-06-21,vol_target,0.3987177485203237,0.010572066985952108,1.1792341126055592,,
2022-06-22,vol_target,0.3988150292226714,-0.0007337853956716547,1.1783688078356513,,
2022-06-23,vol_target,0.40696358804497695,0.003909240616072879,1.1829753350399557,,
2022-06-24,vol_target,0.37957016779922875,0.012934915735033473,1.1982770213153207,,
2022-06-27,vol_target,0.38132430528957045,-0.001463466735175755,1.1965233827551003,,
2022-06-28,vol_target,0.3841130895791039,-0.0077925100562469376,1.1871994622624467,,
2022-06-29,vol_target,0.404590811804603,-0.00031415527630741384,1.1868264972873477,,
2022-06-30,vol_target,0.4041538046259318,-0.003297291670953996,1.1829131841629745,,
2022-07-01,vol_target,0.3991571492502066,0.004274283760034579,1.187969290775573,,
2022-07-05,vol_target,0.41313543341762843,0.0007514132788456124,1.1888619466755226,,
2022-07-06,vol_target,0.4170207450723498,0.0013883181903617107,1.1905124653419212,,
2022-07-07,vol_target,0.40848081304050304,0.00624371178472153,1.1979456820516345,,
2022-07-08,vol_target,0.4128816621358507,-0.0003401596935504913,1.1975381892155377,,
2022-07-11,vol_target,0.41260002050298217,-0.0047188178313501365,1.1918872246545447,,
2022-07-12,vol_target,0.4258906197316156,-0.0036512221524714413,1.1875353796166381,,
2022-07-13,vol_target,0.45325639882701807,-0.0022432571460198314,1.1848714323901617,,
2022-07-14,vol_target,0.5254297774946514,-0.0011143862646095584,1.1835510279405779,,
2022-07-15,vol_target,0.5072014664483776,0.010002279007960161,1.1953892355421976,,
2022-07-18,vol_target,0.5119198397469282,-0.004197103239015937,1.1903720635098187,,
2022-07-19,vol_target,0.5524148348028629,0.01382925576075282,1.206834023226551,,
2022-07-20,vol_target,0.5520120678073497,0.003500400645123738,1.2110584258200106,,
2022-07-21,vol_target,0.586603249188179,0.005621036243971501,1.2178658291251119,,
2022-07-22,vol_target,0.5758685879437403,-0.0054598243696467085,1.2112164955922946,,
2022-07-25,vol_target,0.580318753198041,0.0006943144410840171,1.2120574606964636,,
2022-07-26,vol_target,0.6595300386106171,-0.006867947764381247,1.2037331133689717,,
2022-07-27,vol_target,0.5943541360872907,0.017086023176605084,1.2243001252424408,,
2022-07-28,vol_target,0.6367137486904153,0.007422011138991795,1.2333868944094593,,
2022-07-29,vol_target,0.6253245868744851,0.009261203398478015,1.2448095413076024,,
2022-08-01,vol_target,0.6361473326666547,-0.0018574020986442414,1.2424974294531652,,
2022-08-02,vol_target,0.6295580522251718,-0.004202293221330175,1.237276090927854,,
2022-08-03,vol_target,0.6146634474024701,0.009855305920535193,1.249469825312112,,
2022-08-04,vol_target,0.6125992124499576,-0.0004227287582015713,1.2489416384844474,,
2022-08-05,vol_target,0.6238540683785131,-0.001036402779512482,1.2476472318988734,,
2022-08-08,vol_target,0.6235689296574459,-0.0007300137402022184,1.2467364322766619,,
2022-08-09,vol_target,0.6414471071217835,-0.002476168891483941,1.2436493023071786,,
2022-08-10,vol_target,0.6277778064261655,0.013463868984864492,1.2603936335765606,,
2022-08-11,vol_target,0.636471602995965,-6.8346503478090015e-06,1.2603850192267745,,
2022-08-12,vol_target,0.6287568217389174,0.010770580520165551,1.273960097562767,,
2022-08-15,vol_target,0.649480291331986,0.0025870880089278406,1.277255944455024,,
2022-08-16,vol_target,0.6715996237927512,0.00126177340269727,1.2788675520341741,,
2022-08-17,vol_target,0.7229508615834422,-0.0047780883069729356,1.2727570099376326,,
2022-08-18,vol_target,0.7237108825679355,0.0020756250148271046,1.2753987762252557,,
2022-08-19,vol_target,0.6877233222263429,-0.00972572239047902,1.2629946017905322,,
2022-08-22,vol_target,0.6364390872303222,-0.014338081711294269,1.244885681989136,,
2022-08-23,vol_target,0.6342077488080672,-0.001565330330203328,1.2429370246734825,,
2022-08-24,vol_target,0.6580350349217305,0.0020289529406268283,1.2454588854047077,,
2022-08-25,vol_target,0.7169814407623976,0.009278020793249379,1.25701427884063,,
2022-08-26,vol_target,0.5873165965129549,-0.024298562411180835,1.2264706389344755,,
2022-08-29,vol_target,0.6049770086487677,-0.003948391222143251,1.22162805302949,,
2022-08-30,vol_target,0.5962252717915453,-0.006650055482137764,1.213504158698308,,
2022-08-31,vol_target,0.5951626600964492,-0.0045411044035769356,1.2079935096194843,,
2022-09-01,vol_target,0.6227081170088908,0.0018669587910845737,1.2102487837218416,,
2022-09-02,vol_target,0.6158789447835542,-0.006579879386703389,1.2022854926970474,,
2022-09-06,vol_target,0.6158078694649992,-0.0023272313673568072,1.1994874961859248,,
2022-09-07,vol_target,0.5782692460477948,0.011062900257347002,1.2127573067161646,,
2022-09-08,vol_target,0.5734652056689632,0.00376111086078472,1.2173186213939506,,
2022-09-09,vol_target,0.5920183199821989,0.00890643627929499,1.2281605921269951,,
2022-09-12,vol_target,0.5795788753191832,0.006353579807556647,1.23596380846557,,
2022-09-13,vol_target,0.49219296365609266,-0.025207772002586826,1.204807914578321,,
2022-09-14,vol_target,0.49244143158839776,0.0018344215261974048,1.2070180401517565,,
2022-09-15,vol_target,0.49169578415102444,-0.00559095875528723,1.2002696520723803,,
2022-09-16,vol_target,0.4915371616413999,-0.003751480577271854,1.195766863785142,,
2022-09-19,vol_target,0.4867131574424884,0.0038117925581743423,1.2003248790178298,,
2022-09-20,vol_target,0.4883490679244127,-0.005589209675084341,1.1936160115907788,,
2022-09-21,vol_target,0.49360970981394553,-0.008519465613418726,1.1834470410244051,,
2022-09-22,vol_target,0.4928249092291909,-0.0041488565151792875,1.1785370890578815,,
2022-09-23,vol_target,0.48869745460583386,-0.008257646121826615,1.1688051468349938,,
2022-09-26,vol_target,0.5094032173847642,-0.0048365558142301505,1.1631521555063669,,
2022-09-27,vol_target,0.5619820654723144,-0.0013107196481576648,1.1616275891223478,,
2022-09-28,vol_target,0.5224441978170926,0.011031480446518993,1.174442061157888,,
2022-09-29,vol_target,0.5081575847420381,-0.010933153703175153,1.161601705587775,,
2022-09-30,vol_target,0.5017657852139066,-0.007864984020766817,1.1524657267348317,,
2022-10-03,vol_target,0.4596160600485359,0.013243956205345788,1.1677289323478697,,
2022-10-04,vol_target,0.42065498947027796,0.014220870132015208,1.1843350538441855,,
2022-10-05,vol_target,0.42081234722587635,-0.0009988593442894179,1.1831520697088838,,
2022-10-06,vol_target,0.43201944577800794,-0.004341047790027124,1.178015950031408,,
2022-10-07,vol_target,0.41559568009979264,-0.012056339935985661,1.1638133892878162,,
2022-10-10,vol_target,0.42907934358043914,-0.003181355987553894,1.16011088459341,,
2022-10-11,vol_target,0.4389101425446015,-0.0027242021585247096,1.1569505080174727,,
2022-10-12,vol_target,0.5051918989934782,-0.0014525808954778628,1.1552699438125131,,
2022-10-13,vol_target,0.4629974240717556,0.013299426254169005,1.1706343712339056,,
2022-10-14,vol_target,0.4501103667563366,-0.010572211170962806,1.1582581774572334,,
2022-10-17,vol_target,0.42113919976496905,0.011560081764199988,1.1716477366926923,,
2022-10-18,vol_target,0.4180731621767913,0.004933635607390613,1.177428219685758,,
2022-10-19,vol_target,0.4201555755021439,-0.002964178306696418,1.1739381124992734,,
2022-10-20,vol_target,0.4269682215502301,-0.0035241068551015585,1.1698010291495498,,
2022-10-21,vol_target,0.4090946912269554,0.010372549223640122,1.1819348479062683,,
2022-10-24,vol_target,0.4146241126700466,0.004996890702879404,1.1878408471591804,,
2022-10-25,vol_target,0.4132261861764111,0.006618293358189224,1.19570232634852,,
2022-10-26,vol_target,0.41087579568357085,-0.003114055419541383,1.1919788430389961,,
2022-10-27,vol_target,0.41903556435108263,-0.0021952828019526647,1.1893621123845812,,
2022-10-28,vol_target,0.42184603049622504,0.009965078043852613,1.2012141986568952,,
2022-10-31,vol_target,0.43021927995560816,-0.003048553880876285,1.197552232449816,,
2022-11-01,vol_target,0.44816101287563503,-0.0018867566307221126,1.1952927428346052,,
2022-11-02,vol_target,0.4566650380464637,-0.011256107621857737,1.1818383990816335,,
2022-11-03,vol_target,0.452822301754519,-0.004706458538317898,1.1762761256573637,,
2022-11-04,vol_target,0.44868074641105615,0.006515598675644207,1.1839402688238887,,
2022-11-07,vol_target,0.4837613516418004,0.00428982498299157,1.189019165367459,,
2022-11-08,vol_target,0.48867467291163047,0.002592640625853857,1.1921018647605097,,
2022-11-09,vol_target,0.4668225756294565,-0.010070221484326696,1.1800971349504925,,
2022-11-10,vol_target,0.38208258898778985,0.025642870672358455,1.2103582131628485,,
2022-11-11,vol_target,0.3935042111193486,0.003655610208237247,1.2147828110025105,,
2022-11-14,vol_target,0.40987290279775096,-0.0033531238196463707,1.210709493823241,,
2022-11-15,vol_target,0.42356658456380863,0.0034876190763560057,1.2149319873498243,,
2022-11-16,vol_target,0.4215465399816885,-0.0032381218862851855,1.210997889491239,,
2022-11-17,vol_target,0.4237669563159992,-0.001290862627186881,1.2094346575740924,,
2022-11-18,vol_target,0.428670396916667,0.001923016735612995,1.2117604206612378,,
2022-11-21,vol_target,0.44284745468100356,-0.0015611734535912701,1.2098686524603888,,
2022-11-22,vol_target,0.4419077099392793,0.005952336084945142,1.2170701972984728,,
2022-11-23,vol_target,0.448362431335517,0.0027842162639237222,1.220458783936128,,
2022-11-25,vol_target,0.4520428998582987,-0.00010349421537265832,1.22033247351189,,
2022-11-28,vol_target,0.4412868039325167,-0.007215099303105423,1.2115276535326973,,
2022-11-29,vol_target,0.4608265955460035,-0.0007633453880819151,1.2106028394858395,,
2022-11-30,vol_target,0.42995705563599035,0.014506581416707316,1.228164548140138,,
2022-12-01,vol_target,0.4313221807081239,-0.00033186805148647543,1.227756959564642,,
2022-12-02,vol_target,0.462250569870111,-0.0004982854034922346,1.227145186192655,,
2022-12-05,vol_target,0.450730664457006,-0.008331007406003371,1.2169218305582425,,
2022-12-06,vol_target,0.4439691708699695,-0.006502957890584979,1.2090082391379886,,
2022-12-07,vol_target,0.44561795871387716,-0.0007586988588332581,1.2080909659666346,,
2022-12-08,vol_target,0.4447157163847663,0.0034901425902654783,1.21230737569987,,
2022-12-09,vol_target,0.4620833028958158,-0.0033224919022216332,1.2082794942611035,,
2022-12-12,vol_target,0.6548378565837983,0.006653292812623922,1.2163185315359117,,
2022-12-13,vol_target,0.6590751952302598,0.004860635658497141,1.2222306127623859,,
2022-12-14,vol_target,0.6633372577445157,-0.004216014769797034,1.2170776704468815,,
2022-12-15,vol_target,0.6062948869021588,-0.01622844723724225,1.1973263896884085,,
2022-12-16,vol_target,0.5993908706530866,-0.007186578022427673,1.1887217101706011,,
2022-12-19,vol_target,0.594902066629983,-0.005086029387793027,1.182675836618766,,
2022-12-20,vol_target,0.5975394308586955,0.0008118519835538905,1.183635994342626,,
2022-12-21,vol_target,0.5751923226188254,0.008933315907633061,1.194209788599734,,
2022-12-22,vol_target,0.5797452480127859,-0.0082170073652895,1.184396957971109,,
2022-12-23,vol_target,0.5805032597609471,0.0033325994348079964,1.1883440786038317,,
2022-12-27,vol_target,0.5805481564894976,-0.002289606706062154,1.1856232380323513,,
2022-12-28,vol_target,0.5879590359145317,-0.007214899594866674,1.1770690854126071,,
2022-12-29,vol_target,0.5564987662414512,0.010579652518591087,1.1895220673266482,,
2022-12-30,vol_target,0.6665995143353257,-0.001481618295110194,1.1877596496692597,,
2023-01-03,vol_target,0.6669337515233673,-0.0028612778940671716,1.184361139240196,,
2023-01-04,vol_target,0.6535317107886663,0.005148732289255355,1.1904590976799414,,
2023-01-05,vol_target,0.67432443821177,-0.0074657752562971354,1.1815713976048487,,
2023-01-06,vol_target,0.6246845728355069,0.015453216789543332,1.1998304765643601,,
2023-01-09,vol_target,0.6248658081228908,-0.00037895726599443706,1.1993757920873045,,
2023-01-10,vol_target,0.6262378207913398,0.004382032936553889,1.2046314963115363,,
2023-01-11,vol_target,0.6156715027532599,0.007919831368760979,1.214171974623822,,
2023-01-12,vol_target,0.6358190203441213,0.0022363060263817336,1.216887234727737,,
2023-01-13,vol_target,0.6406588738923976,0.0024565279167336885,1.2198765521913626,,
2023-01-17,vol_target,0.6449986064329873,-0.0011759505206687905,1.2184420377246616,,
2023-01-18,vol_target,0.6910928841335069,-0.01018550411824813,1.2060315913315705,,
2023-01-19,vol_target,0.704760778691254,-0.005053955320097348,1.1999363615543548,,
2023-01-20,vol_target,0.6758263997553863,0.013122037702788194,1.2156819717316176,,
2023-01-23,vol_target,0.6634767508743861,0.008094520099149434,1.2255223338859726,,
2023-01-24,vol_target,0.6840839323336957,-0.0007181554757143849,1.2246422183112822,,
2023-01-25,vol_target,0.7245008556481513,0.0002458855108949641,1.224943340088795,,
2023-01-26,vol_target,0.7146008467559484,0.007942506809165329,1.2346724609082922,,
2023-01-27,vol_target,0.7220276748489303,0.0016368845837796855,1.2366934772255704,,
2023-01-30,vol_target,0.7214214081533825,-0.009062823126239804,1.2254855429801006,,
2023-01-31,vol_target,0.7364350324865203,0.010607020125162934,1.2384842927975868,,
2023-02-01,vol_target,0.732533430560418,0.00781920196052477,1.2481682516079087,,
2023-02-02,vol_target,0.7245170850921078,0.010661369266552033,1.2614754342450871,,
2023-02-03,vol_target,0.6937693524189106,-0.007704903362297765,1.2517558879303161,,
2023-02-06,vol_target,0.7137698495001308,-0.004255180517062231,1.2464294406638772,,
2023-02-07,vol_target,0.7641065540531207,0.009325081099058193,1.2580524962823216,,
2023-02-08,vol_target,0.7309048772911979,-0.008380378024534143,1.2475095407887669,,
2023-02-09,vol_target,0.714197945177844,-0.006353168630647594,1.2395839023077941,,
2023-02-10,vol_target,0.7337434816254632,0.0016585302253902976,1.2416397896766787,,
2023-02-13,vol_target,0.7176051330030054,0.008603557127382404,1.252322308538793,,
2023-02-14,vol_target,0.7174533688337177,-0.0003382022912199235,1.2518987702646993,,
2023-02-15,vol_target,0.7193113847609756,0.0023297507085880873,1.254815382311804,,
2023-02-16,vol_target,0.7306088029006184,-0.00990497900995543,1.2423864622886363,,
2023-02-17,vol_target,0.7423995459017907,-0.0018310183032945698,1.2401116299364203,,
2023-02-21,vol_target,0.7152233818437468,-0.014899106185777715,1.2216350750797798,,
2023-02-22,vol_target,0.7385456364280907,-0.000999255223361912,1.2204143498499642,,
2023-02-23,vol_target,0.7337037364443203,0.003917060878750819,1.2251947871556277,,
2023-02-24,vol_target,0.7153272628343865,-0.007840092705016602,1.2155891464426245,,
2023-02-27,vol_target,0.7350628605349123,0.002427119788701942,1.2185395269148869,,
2023-02-28,vol_target,0.7355336501885914,-0.0027267558200357077,1.2152168671679282,,
2023-03-01,vol_target,0.7588304787145881,-0.0028216630919224986,1.2117879345851588,,
2023-03-02,vol_target,0.7929295888304395,0.00588999793011755,1.2189253630116066,,
2023-03-03,vol_target,0.7614299188983891,0.012699886302471616,1.234405576533053,,
2023-03-06,vol_target,0.8126563451328997,0.000511748868958026,1.2350372821906794,,
2023-03-07,vol_target,0.7884427212668633,-0.0124826851282469,1.2196207006754474,,
2023-03-08,vol_target,0.7911624418363594,0.0012747136346957122,1.2211753678117556,,
2023-03-09,vol_target,0.7818412776758726,-0.014598201144573508,1.203348404159641,,
2023-03-10,vol_target,0.7678221980361748,-0.0112861343184152,1.1897672524384446,,
2023-03-13,vol_target,0.7745423152894443,-0.0011014300743099259,1.1884568070051797,,
2023-03-14,vol_target,0.7149231706973035,0.012799917822598893,1.2036689564705543,,
2023-03-15,vol_target,0.7459279084293917,-0.004501115492158206,1.1982511034831547,,
2023-03-16,vol_target,0.6836873971072076,0.013071929522757462,1.213914557458453,,
2023-03-17,vol_target,0.675561074123007,-0.008025431048981714,1.204172369878215,,
2023-03-20,vol_target,0.6757827829685071,0.006492039966406699,1.2119899050299072,,
2023-03-21,vol_target,0.650183661152836,0.008873206596747934,1.2227441418504104,,
2023-03-22,vol_target,0.6635516817495277,-0.01109605511418459,1.209176505461892,,
2023-03-23,vol_target,0.6623424183478531,0.0017870675710254535,1.2113373855824487,,
2023-03-24,vol_target,0.6603568450027176,0.004345730534454855,1.216601531446501,,
2023-03-27,vol_target,0.6746001893568422,0.0012337184853369978,1.218102475245136,,
2023-03-28,vol_target,0.675300519705467,-0.0015213837418313887,1.2162492739434134,,
2023-03-29,vol_target,0.6520024652508781,0.009814911480529095,1.2281866529054257,,
2023-03-30,vol_target,0.6521775045051937,0.003806179369035678,1.2328613516050393,,
2023-03-31,vol_target,0.6381235961110462,0.00919211592993381,1.2441939560745277,,
2023-04-03,vol_target,0.6634642169127113,0.002424511043045785,1.2472105180607214,,
2023-04-04,vol_target,0.6582434321963933,-0.0036936553495783096,1.242603752258636,,
2023-04-05,vol_target,0.6925039232077367,-0.0017259984076451074,1.2404590201609038,,
2023-04-06,vol_target,0.691602013263407,0.0026841821378963526,1.2437886381056122,,
2023-04-10,vol_target,0.7606074225104696,0.0007093788214221476,1.2446709554238098,,
2023-04-11,vol_target,0.8230311565239545,0.0001697789082199754,1.2448822742997148,,
2023-04-12,vol_target,0.8156774789974548,-0.0033857953185746246,1.2406673577232143,,
2023-04-13,vol_target,0.8348912083153022,0.010830712449469183,1.2541046691201572,,
2023-04-14,vol_target,0.8492985144814426,-0.0020490841267623034,1.2515349031493646,,
2023-04-17,vol_target,0.9155853969127848,0.003040428779743341,1.2553401058877534,,
2023-04-18,vol_target,0.9914548495298102,0.0005639338354153458,1.2560480346484173,,
2023-04-19,vol_target,1.0,-0.0002054660972697185,1.2557899593607549,,
2023-04-20,vol_target,1.0,-0.005461270391416126,1.2489317508378603,,
2023-04-21,vol_target,1.0,0.0007769633280969579,1.2499021250075573,,
2023-04-24,vol_target,1.0,0.001043173806718034,1.2512059901653263,,
2023-04-25,vol_target,1.0,-0.01587392933532894,1.2313444346935016,,
2023-04-26,vol_target,1.0,-0.004235659020755733,1.2261288795310348,,
2023-04-27,vol_target,0.9243865752804067,0.01990805560526976,1.2505387214439658,,
2023-04-28,vol_target,0.9672609640097446,0.007851899533586944,1.2603578258476043,,
2023-05-01,vol_target,0.9719522641227891,-0.0009981064354430882,1.2590998545906646,,
2023-05-02,vol_target,0.9849964666059079,-0.010926283677744248,1.2453425724008005,,
2023-05-03,vol_target,0.9721405106385654,-0.006767554768226892,1.2369146483368736,,
2023-05-04,vol_target,0.9648614283595885,-0.006891942146384132,1.2283899041405208,,
2023-05-05,vol_target,0.8563362008956664,0.017858482733989947,1.250327084034222,,
2023-05-08,vol_target,0.8594462725092985,0.0001739146480432405,1.2505445342289807,,
2023-05-09,vol_target,0.8534998938982734,-0.003770610447554168,1.2458292179430852,,
2023-05-10,vol_target,0.8483355926449263,0.0039849878427761585,1.250793832230764,,
2023-05-11,vol_target,0.8525594012553416,-0.0014821470804149894,1.248939971804122,,
2023-05-12,vol_target,0.9027374284770157,-0.0011190106995423517,1.2475423946125872,,
2023-05-15,vol_target,0.9006699099332345,0.0030892031169560004,1.2513963064665592,,
2023-05-16,vol_target,0.8916189390370769,-0.00601991935650567,1.2438630016186014,,
2023-05-17,vol_target,0.8485436633615114,0.010818884218406346,1.2573202114166724,,
2023-05-18,vol_target,0.8266567737788948,0.008152706786833741,1.2675707744375122,,
2023-05-19,vol_target,0.8350368678135995,-0.001213829278069669,1.2660321599194746,,
2023-05-22,vol_target,0.8349968823998076,0.00033500438049613364,1.2664562862388966,,
2023-05-23,vol_target,0.8021060747842951,-0.009370942251771196,1.2545883975161594,,
2023-05-24,vol_target,0.8532767038287364,-0.005827819839501942,1.2472768823627056,,
2023-05-25,vol_target,0.8444163578755542,0.007363847820801726,1.2564616395148287,,
2023-05-26,vol_target,0.9070553381801152,0.010931313514938291,1.2701964156158587,,
2023-05-30,vol_target,0.9276963458058737,0.00031419110237455275,1.2705955000279132,,
2023-05-31,vol_target,0.9162360945344926,-0.00515451431641091,1.264046197332652,,
2023-06-01,vol_target,0.9403664322230605,0.008699278390924997,1.2750424871022388,,
2023-06-02,vol_target,0.9107398455256456,0.01358690019782282,1.2923663621224808,,
2023-06-05,vol_target,0.9353530060585439,-0.0017601565194778042,1.290091595044637,,
2023-06-06,vol_target,1.0,0.0020242963276579126,1.2927031227228283,,
2023-06-07,vol_target,1.0,-0.003489831842431941,1.288191806202339,,
2023-06-08,vol_target,1.0,0.0060485472931077755,1.2959834952647478,,
2023-06-09,vol_target,1.0,0.001794232106647975,1.2983087904616377,,
2023-06-12,vol_target,1.0,0.009071947133884928,1.3100869791721639,,
2023-06-13,vol_target,1.0,0.006592978761295054,1.3187243548012952,,
2023-06-14,vol_target,1.0,0.0011908503825370786,1.3202947582036713,,
2023-06-15,vol_target,1.0,0.012397566254175318,1.3366631999435417,,
2023-06-16,vol_target,1.0,-0.003406314549458278,1.3321101046378485,,
2023-06-20,vol_target,1.0,-0.005188118562762023,1.325198959476334,,
2023-06-21,vol_target,1.0,-0.005123607125814611,1.318409160644439,,
2023-06-22,vol_target,1.0,0.0036095870934844676,1.323168073334633,,
2023-06-23,vol_target,1.0,-0.007560043022603047,1.3131648657740884,,
2023-06-26,vol_target,1.0,-0.004085746172940996,1.3077996074493115,,
2023-06-27,vol_target,1.0,0.010963331923127928,1.3221374486347146,,
2023-06-28,vol_target,1.0,0.0005045359504041169,1.3228045145089264,,
2023-06-29,vol_target,1.0,0.003941360273658878,1.3280181636722286,,
2023-06-30,vol_target,1.0,0.01180059057151972,1.343689562293266,,
2023-07-03,vol_target,1.0,0.001150549226367703,1.345235543279641,,
2023-07-05,vol_target,1.0,-0.0014872618178117802,1.3432348258201579,,
2023-07-06,vol_target,1.0,-0.007830700555981562,1.3327163561227942,,
2023-07-07,vol_target,1.0,-0.0025245008526216806,1.3293519125454594,,
2023-07-10,vol_target,1.0,0.0025308900868037387,1.3327163561227942,,
2023-07-11,vol_target,1.0,0.006368705288492871,1.3412040338280944,,
2023-07-12,vol_target,1.0,0.008045932324243221,1.3519952707172773,,
2023-07-13,vol_target,1.0,0.007936798111386922,1.3627257842285103,,
2023-07-14,vol_target,1.0,-0.0006227608592497269,1.3618771319482024,,
2023-07-17,vol_target,1.0,0.003472225134738549,1.3666058759561786,,
2023-07-18,vol_target,1.0,0.007430404058318407,1.376760309803005,,
2023-07-19,vol_target,1.0,0.002223845543349423,1.3798220120822209,,
2023-07-20,vol_target,1.0,-0.006634520910753783,1.3706675540899431,,
2023-07-21,vol_target,1.0,0.0,1.3706675540899431,,
2023-07-24,vol_target,1.0,0.0044673218553719085,1.3767907672107782,,
2023-07-25,vol_target,1.0,0.002730077429022648,1.3805495126088272,,
2023-07-26,vol_target,1.0,0.00015373244460081814,1.380761747860293,,
2023-07-27,vol_target,1.0,-0.00663000550707904,1.3716072898680152,,
2023-07-28,vol_target,1.0,0.009790313616981239,1.3850357553951607,,
2023-07-31,vol_target,1.0,0.0019040893103383638,1.387672987171445,,
2023-08-01,vol_target,1.0,-0.002861611263046182,1.3837020065219303,,
2023-08-02,vol_target,1.0,-0.013910839975648126,1.3644535493352206,,
2023-08-03,vol_target,1.0,-0.0028658782116476322,1.3605431916373756,,
2023-08-04,vol_target,1.0,-0.0045225268226085635,1.354390098559878,,
2023-08-07,vol_target,1.0,0.008728406258841748,1.3662117655730615,,
2023-08-08,vol_target,1.0,-0.004348767986704805,1.360270427583878,,
2023-08-09,vol_target,1.0,-0.006685171036793447,1.3511767871191875,,
2023-08-10,vol_target,1.0,0.0003590875355359291,1.3516619778617476,,
2023-08-11,vol_target,1.0,-0.000583360608187089,1.3508734715082789,,
2023-08-14,vol_target,1.0,0.00552017365133195,1.3583305276519821,,
2023-08-15,vol_target,1.0,-0.011649005082334907,1.3425073284318736,,
2023-08-16,vol_target,1.0,-0.007338065687120143,1.3326559214704004,,
2023-08-17,vol_target,1.0,-0.007619913294031333,1.3225011988980184,,
2023-08-18,vol_target,1.0,0.0004813693970866506,1.3231378105027782,,
2023-08-21,vol_target,1.0,0.006506231695136533,1.331746451662505,,
2023-08-22,vol_target,1.0,-0.0027085734628762292,1.3281393185642525,,
2023-08-23,vol_target,1.0,0.01113767424533818,1.3429317016468465,,
2023-08-24,vol_target,1.0,-0.013859117851970804,1.3243198529265752,,
2023-08-25,vol_target,1.0,0.007049979091482195,1.3336562802001424,,
2023-08-28,vol_target,1.0,0.006341311034760544,1.3421134094863532,,
2023-08-29,vol_target,0.9385160529660371,0.014454650869165642,1.3615131902473039,,
2023-08-30,vol_target,0.9318350829390677,0.00383498655661648,1.3667345750285584,,
2023-08-31,vol_target,1.0,-0.0013671034987661963,1.3648661074091522,,
2023-09-01,vol_target,1.0,0.0018311366579036475,1.3673653637715593,,
2023-09-05,vol_target,1.0,-0.004322014486313419,1.3614555908612553,,
2023-09-06,vol_target,1.0,-0.006722259968089395,1.3523035324444772,,
2023-09-07,vol_target,1.0,-0.003070342500929635,1.3481514974346556,,
2023-09-08,vol_target,1.0,0.0015060909167685654,1.3501819361593699,,
2023-09-11,vol_target,1.0,0.006576696819851069,1.3590616734051295,,
2023-09-12,vol_target,1.0,-0.005485565561749839,1.3516064514932042,,
2023-09-13,vol_target,1.0,0.0011660176408752054,1.3531824484591661,,
2023-09-14,vol_target,1.0,0.008622257019274215,1.3648499353237518,,
2023-09-15,vol_target,1.0,-0.01204822797445626,1.3484059121520493,,
2023-09-18,vol_target,1.0,0.0005863460817880917,1.3491965446752996,,
2023-09-19,vol_target,1.0,-0.0020737526066703094,1.3463986448238685,,
2023-09-20,vol_target,1.0,-0.009193323009734522,1.3340207671821338,,
2023-09-21,vol_target,0.9155023959587264,-0.016528379312113484,1.3119715659319109,,
2023-09-22,vol_target,0.9672447236462787,-0.0021007472892014194,1.30921544522127,,
2023-09-25,vol_target,1.0,0.004041545314328774,1.314506698769351,,
2023-09-26,vol_target,0.9742736965794597,-0.014707684586364293,1.2951733488571884,,
2023-09-27,vol_target,0.998540390748686,0.00037600594917800643,1.2956603417415755,,
2023-09-28,vol_target,1.0,0.005776906476882177,1.3031452503616219,,
2023-09-29,vol_target,1.0,-0.00242775499800644,1.2999815329669282,,
2023-10-02,vol_target,1.0,-0.0003975711289018191,1.2994646978413151,,
2023-10-03,vol_target,1.0,-0.013386107365473632,1.2820699238783686,,
2023-10-04,vol_target,1.0,0.007282020592027649,1.2914059834644702,,
2023-10-05,vol_target,1.0,-0.0003767841106999681,1.290919402209438,,
2023-10-06,vol_target,0.9504074353663337,0.011872751443487983,1.3062461674054466,,
2023-10-09,vol_target,0.9314734388132293,0.0060598708259034005,1.3141618504467552,,
2023-10-10,vol_target,0.9384974314832919,0.004838658275384118,1.3205206305596133,,
2023-10-11,vol_target,0.935887658710592,0.003840933616178648,1.325592662640387,,
2023-10-12,vol_target,0.9284363320574573,-0.005706897364485907,1.3180276413675829,,
2023-10-13,vol_target,0.9619343630229794,-0.004628199099797452,1.3119275470242973,,
2023-10-16,vol_target,0.9526242519249155,0.010104200394986045,1.3251835258631333,,
2023-10-17,vol_target,0.9531262182234645,-4.840181013216531e-05,1.3251193845817242,,
2023-10-18,vol_target,0.9011298594330313,-0.012700595294402836,1.3082895795613836,,
2023-10-19,vol_target,0.9031349043513199,-0.007943697677541058,1.2978969226666706,,
2023-10-20,vol_target,0.9415266294984551,-0.011098792508185688,1.2834918340249806,,
2023-10-23,vol_target,0.941863654907833,-0.001651037703979677,1.2813727406142552,,
2023-10-24,vol_target,0.9255360281908631,0.007100931509508626,1.2904716806835084,,
2023-10-25,vol_target,0.9287528251740571,-0.013291687839211464,1.2733191339385206,,
2023-10-26,vol_target,0.8913711743074936,-0.011123129736459179,1.2591558400158067,,
2023-10-27,vol_target,0.9069832251707136,-0.004059069082323715,1.2540448394757713,,
2023-10-30,vol_target,0.8521796955867127,0.010835919349382737,1.2676335682168405,,
2023-10-31,vol_target,0.837773949456744,0.005324494997725324,1.2743830768097597,,
2023-11-01,vol_target,0.8497365430539554,0.008927587552087926,1.285760243302878,,
2023-11-02,vol_target,0.7783286433367471,0.016278525374328792,1.3066905240487872,,
2023-11-03,vol_target,0.7652498364441485,0.007065355564153099,1.3159227572135015,,
2023-11-06,vol_target,0.789383705849527,0.0017537656110151187,1.3182305772918548,,
2023-11-07,vol_target,0.795559204933761,0.002234543479819013,1.3211762208332403,,
2023-11-08,vol_target,0.8005789043490402,0.0005796394213348707,1.3219420266533655,,
2023-11-09,vol_target,0.7905873543034801,-0.006246012004828804,1.313685160885201,,
2023-11-10,vol_target,0.7517499306648143,0.012331980239270953,1.3298855003298606,,
2023-11-13,vol_target,0.7576097747687819,-0.0007359048606041438,1.328906831126121,,
2023-11-14,vol_target,0.715027161087368,0.014695229075575297,1.3484354214296161,,
2023-11-15,vol_target,0.7153290540966536,0.0014924067006978038,1.350447835488016,,
2023-11-16,vol_target,0.7553592979933962,0.0008748178762736573,1.351629231395476,,
2023-11-17,vol_target,0.780070957718354,0.0009194795947924686,1.3528720268934693,,
2023-11-20,vol_target,0.8298160920248562,0.00599232761312986,1.3609788792972541,,
2023-11-21,vol_target,0.82857168046615,-0.0018333464646060967,1.358483733480491,,
2023-11-22,vol_target,0.8325620826421357,0.003198307537045892,1.3628285822442359,,
2023-11-24,vol_target,0.9272415677877197,0.0005103121321952058,1.3635240502038575,,
2023-11-27,vol_target,1.0,-0.0017172762217476701,1.3611825027746614,,
2023-11-28,vol_target,1.0,0.000953712556652632,1.3624806796194533,,
2023-11-29,vol_target,1.0,-0.000703425354073528,1.3615222761649737,,
2023-11-30,vol_target,1.0,0.003937489609331157,1.3668832559802462,,
2023-12-01,vol_target,1.0,0.005915907962536382,1.3749696115181573,,
2023-12-04,vol_target,1.0,-0.005249434793141661,1.3677517981999414,,
2023-12-05,vol_target,1.0,-0.00019689429843061657,1.3674824956692075,,
2023-12-06,vol_target,1.0,-0.004029897621012024,1.3619716812131346,,
2023-12-07,vol_target,1.0,0.00763034207606994,1.3723639910387109,,
2023-12-08,vol_target,1.0,0.004299195219012564,1.3782640517477296,,
2023-12-11,vol_target,1.0,0.003889591420493721,1.3836249357785824,,
2023-12-12,vol_target,1.0,0.004567268337077435,1.3899443221381547,,
2023-12-13,vol_target,1.0,0.013789972187727262,1.4091116156829293,,
2023-12-14,vol_target,1.0,0.0032094832181288613,1.413634135765934,,
2023-12-15,vol_target,1.0,-0.001646568065320153,1.4113064909419355,,
2023-12-18,vol_target,1.0,0.005625132305503211,1.4192452766770993,,
2023-12-19,vol_target,1.0,0.006080934020346707,1.4278756135632615,,
2023-12-20,vol_target,1.0,-0.013857446384210381,1.408088903804987,,
2023-12-21,vol_target,1.0,0.009482023726256728,1.4214404361995447,,
2023-12-22,vol_target,1.0,0.0020097409553743173,1.4242971632598,,
2023-12-26,vol_target,1.0,0.004222542568451004,1.4303113186617886,,
2023-12-27,vol_target,1.0,0.0018080024036764009,1.4328973249639347,,
2023-12-28,vol_target,1.0,0.00037772898876275995,1.4334385718214941,,
2023-12-29,vol_target,1.0,-0.0028949135706147766,1.4292888910472854,,
2024-01-02,vol_target,1.0,-0.005596320793705312,1.4212901319061055,,
2024-01-03,vol_target,1.0,-0.008166725070315017,1.4096828461536766,,
2024-01-04,vol_target,1.0,-0.003221158454001505,1.4051420343363277,,
2024-01-05,vol_target,1.0,0.0013696370201212726,1.4070665688850832,,
2024-01-08,vol_target,1.0,0.01427609366448701,1.427153983014655,,
2024-01-09,vol_target,1.0,-0.001517128449365912,1.4249888071053975,,
2024-01-10,vol_target,1.0,0.005655358211792194,1.433047629257373,,
2024-01-11,vol_target,1.0,-0.00044065880120802703,1.4324161442069905,,
2024-01-12,vol_target,1.0,0.0006927145622510622,1.4334083997292861,,
2024-01-16,vol_target,1.0,-0.003671082988860319,1.4281462385369506,,
2024-01-17,vol_target,1.0,-0.005558739592870232,1.4202075454963865,,
2024-01-18,vol_target,1.0,0.008892734035797822,1.4328370734741191,,
2024-01-19,vol_target,1.0,0.012466296727226212,1.450699245593818,,
2024-01-22,vol_target,1.0,0.00211428396218305,1.453766435742728,,
2024-01-23,vol_target,1.0,0.002916508424330111,1.45800635779958,,
2024-01-24,vol_target,1.0,0.0010931684596187097,1.45960020436385,,
2024-01-25,vol_target,1.0,0.00543875559443685,1.4675386131409751,,
2024-01-26,vol_target,1.0,-0.0012703468530550488,1.4656743300820347,,
2024-01-29,vol_target,1.0,0.007919545285888008,1.477281804313483,,
2024-01-30,vol_target,1.0,-0.0007735458472428736,1.4761390591085488,,
2024-01-31,vol_target,1.0,-0.016317298822692394,1.4520524569772266,,
2024-02-01,vol_target,1.0,0.013088053585995185,1.4710569973438206,,
2024-02-02,vol_target,1.0,0.010527360775653527,1.4865433450764085,,
2024-02-05,vol_target,1.0,-0.0036411006666715595,1.4811306911116147,,
2024-02-06,vol_target,1.0,0.0029032420149501803,1.4854307719636821,,
2024-02-07,vol_target,1.0,0.008340456596501067,1.4978199428443524,,
2024-02-08,vol_target,1.0,0.000441623011197656,1.4984814145977432,,
2024-02-09,vol_target,1.0,0.005779398005863801,1.5071417350970933,,
2024-02-12,vol_target,1.0,-0.00043889153752874055,1.5064802633437027,,
2024-02-13,vol_target,0.9811071641286981,-0.013772961265400507,1.4857315690295796,,
2024-02-14,vol_target,0.9741452962294969,0.008906406257945115,1.4989640979736112,,
2024-02-15,vol_target,0.9946331785035875,0.006717928134936834,1.5090340310606483,,
2024-02-16,vol_target,0.9869459980385406,-0.004963437250109121,1.5015440353391993,,
2024-02-20,vol_target,1.0,-0.005437521154414829,1.493379357882757,,
2024-02-21,vol_target,1.0,0.0008993640740971507,1.494722449626235,,
2024-02-22,vol_target,0.8815459868459568,0.020695410016031257,1.5256563435814166,,
2024-02-23,vol_target,0.8812294397748806,0.0005487570305638426,1.5264935582261812,,
2024-02-26,vol_target,0.875367501190895,-0.0032276540965089735,1.521566565039678,,
2024-02-27,vol_target,0.8782061783178138,0.0016233875600919208,1.5240366572732151,,
2024-02-28,vol_target,0.88717059325237,-0.001162205221527043,1.5222654139123337,,
2024-02-29,vol_target,0.8875982375285647,0.003184859568021825,1.527113615480901,,
2024-03-01,vol_target,0.9947491755956291,0.008332858457658219,1.5398388370874663,,
2024-03-04,vol_target,1.0,-0.0011203993781856317,1.5381136026118873,,
2024-03-05,vol_target,1.0,-0.009996720935043769,1.5227375101601814,,
2024-03-06,vol_target,1.0,0.005067153685850423,1.5304534551473723,,
2024-03-07,vol_target,0.9886884295823075,0.009926412358020942,1.5456453672379231,,
2024-03-08,vol_target,0.982847934662127,-0.00593989743737689,1.5364643922819732,,
2024-03-11,vol_target,0.9812390195189253,-0.0008480929860319777,1.535161327607591,,
2024-03-12,vol_target,0.9540267815829061,0.010554746878614985,1.5513645668383276,,
2024-03-13,vol_target,0.951920521111465,-0.0015088773964822462,1.5490237479097217,,
2024-03-14,vol_target,1.0,-0.0018830273205511902,1.546106893872225,,
2024-03-15,vol_target,1.0,-0.006890579208501065,1.535453321855189,,
2024-03-18,vol_target,1.0,0.005943212219651439,1.544578846800343,,
2024-03-19,vol_target,1.0,0.005557194908836216,1.553162372504078,,
2024-03-20,vol_target,1.0,0.009249215010092238,1.5675279052329532,,
2024-03-21,vol_target,1.0,0.0033047071203196055,1.5727081258626763,,
2024-03-22,vol_target,1.0,-0.0018958492073360977,1.5697265084088885,,
2024-03-25,vol_target,1.0,-0.0027627520821229545,1.5653897432294182,,
2024-03-26,vol_target,1.0,-0.001847097639127937,1.562498315530384,,
2024-03-27,vol_target,1.0,0.008403781260684307,1.575629209594289,,
2024-03-28,vol_target,1.0,-0.00019090533395438314,1.575328413573843,,
2024-04-01,vol_target,1.0,-0.0017398843936521358,1.5725875242521892,,
2024-04-02,vol_target,1.0,-0.006357961750454999,1.562589072923751,,
2024-04-03,vol_target,1.0,0.0010983625276166364,1.5643053622075138,,
2024-04-04,vol_target,1.0,-0.012206020853235189,1.5452114183355812,,
2024-04-05,vol_target,1.0,0.010446880836220362,1.5613540578897,,
2024-04-08,vol_target,1.0,0.0005593852225367346,1.5622274562768312,,
2024-04-09,vol_target,1.0,0.001156652394051827,1.5640344104041872,,
2024-04-10,vol_target,1.0,-0.010013199729588695,1.5483734214688607,,
2024-04-11,vol_target,1.0,0.007546928842662393,1.560058885502556,,
2024-04-12,vol_target,1.0,-0.013802985088982811,1.538525415968029,,
2024-04-15,vol_target,1.0,-0.012528160994284332,1.5192505218629833,,
2024-04-16,vol_target,1.0,-0.0018238741296702221,1.5164796001396694,,
2024-04-17,vol_target,1.0,-0.005918240464415803,1.5075047092066618,,
2024-04-18,vol_target,1.0,-0.0020576641061322842,1.5044027708767018,,
2024-04-19,vol_target,1.0,-0.008728310209275336,1.4912718768127966,,
2024-04-22,vol_target,1.0,0.009209082010112501,1.50500512182574,,
2024-04-23,vol_target,0.9786544365539367,0.011866671138011542,1.522864522667469,,
2024-04-24,vol_target,0.9791416084328476,-0.00047520992595281424,1.5221408423304161,,
2024-04-25,vol_target,0.9767908051875949,-0.0037198528080089476,1.5164787024438884,,
2024-04-26,vol_target,0.967914751385109,0.00925288996295969,1.5305105130087735,,
2024-04-29,vol_target,0.9593437613298205,0.0034233030909307477,1.5357499143786584,,
2024-04-30,vol_target,0.8886360405476579,-0.015201398924042313,1.5124043672826246,,
2024-05-01,vol_target,0.8944925761195731,-0.0029208890885895128,1.5079868018686935,,
2024-05-02,vol_target,0.8616465229459324,0.00836351300373157,1.520598869095578,,
2024-05-03,vol_target,0.8507273655644826,0.010663996575422578,1.5368145302282046,,
2024-05-06,vol_target,0.851407584507128,0.008779982830739556,1.5503077354176393,,
2024-05-07,vol_target,0.8511280586215679,0.0009390788655431479,1.5517635966470582,,
2024-05-08,vol_target,0.8515627661138374,8.202552745842134e-05,1.5518908808745642,,
2024-05-09,vol_target,0.8722662538173682,0.004906373878610072,1.5595050377549404,,
2024-05-10,vol_target,0.88707672810722,0.0011133229984078678,1.561241270579606,,
2024-05-13,vol_target,0.9583450009948324,0.00011174850010760338,1.5614157369498993,,
2024-05-14,vol_target,1.0,0.004361439043547857,1.5682257565082425,,
2024-05-15,vol_target,0.9961574739443761,0.012362020081403658,1.5876121948023718,,
2024-05-16,vol_target,1.0,-0.0020513251445640015,1.5843554859873574,,
2024-05-17,vol_target,1.0,0.0014353588738298096,1.5866296046934705,,
2024-05-20,vol_target,1.0,0.0011522820449245685,1.5884578494989046,,
2024-05-21,vol_target,1.0,0.002452651851343024,1.5923537835842585,,
2024-05-22,vol_target,1.0,-0.0028794110362150294,1.5877687425262472,,
2024-05-23,vol_target,1.0,-0.007304272306470572,1.5761712472711331,,
2024-05-24,vol_target,1.0,0.006616391567821678,1.5865998134210209,,
2024-05-28,vol_target,1.0,0.0006988453349496826,1.5877086012990622,,
2024-05-29,vol_target,1.0,-0.007002454540097847,1.576590743995543,,
2024-05-30,vol_target,1.0,-0.006633823047591192,1.5661319199814066,,
2024-05-31,vol_target,1.0,0.00910807762523147,1.58039637107995,,
2024-06-03,vol_target,1.0,0.0008155170130426104,1.5816852112079165,,
2024-06-04,vol_target,1.0,0.0011178605993915625,1.5834533147861662,,
2024-06-05,vol_target,1.0,0.01188516614174806,1.6022729205101016,,
2024-06-06,vol_target,1.0,-1.882686362342234e-05,1.6022427547363396,,
2024-06-07,vol_target,1.0,-0.0012156573973708396,1.6002949764791605,,
2024-06-10,vol_target,1.0,0.003089910334996615,1.6052397444660267,,
2024-06-11,vol_target,1.0,0.0024082186632363722,1.6091055127776186,,
2024-06-12,vol_target,1.0,0.008213196401921197,1.6223214123854752,,
2024-06-13,vol_target,1.0,0.00201318624740332,1.6255874475417575,,
2024-06-14,vol_target,1.0,0.0006084348814658913,1.626576511647715,,
2024-06-17,vol_target,1.0,0.007958995328896323,1.6395224265060118,,
2024-06-18,vol_target,1.0,0.002540820129636856,1.6436881580902694,,
2024-06-20,vol_target,1.0,-0.002716645042399879,1.639222840804342,,
2024-06-21,vol_target,1.0,-0.0013407053959209048,1.637025125896559,,
2024-06-24,vol_target,1.0,-0.0032506280260090614,1.6317037661430385,,
2024-06-25,vol_target,1.0,0.0038509635128594066,1.6379873978102506,,
2024-06-26,vol_target,1.0,0.0012480380935060431,1.6400316684794007,,
2024-06-27,vol_target,1.0,0.0015765231262747648,1.6426172163325814,,
2024-06-28,vol_target,1.0,-0.003935218962870635,1.6361531579141317,,
2024-07-01,vol_target,1.0,0.002058003444465939,1.6395203667487928,,
2024-07-02,vol_target,1.0,0.006729739756228925,1.6505539121420492,,
2024-07-03,vol_target,1.0,0.00446274724490725,1.657919917066032,,
2024-07-05,vol_target,1.0,0.005766357531027166,1.6674800760656456,,
2024-07-08,vol_target,1.0,0.001153940261938935,1.6694042484613987,,
2024-07-09,vol_target,1.0,0.0009724787282403557,1.6710277085818614,,
2024-07-10,vol_target,1.0,0.009895306830098871,1.687563040479876,,
2024-07-11,vol_target,1.0,-0.008622612671057128,1.6730118380238266,,
2024-07-12,vol_target,1.0,0.00630743261737754,1.6835642474602368,,
2024-07-15,vol_target,1.0,0.002750119403099216,1.6881942501635414,,
2024-07-16,vol_target,1.0,0.005930083135522013,1.6982053824159216,,
2024-07-17,vol_target,1.0,-0.014020957209265883,1.674394917416523,,
2024-07-18,vol_target,1.0,-0.007685037875600154,1.6615271290574645,,
2024-07-19,vol_target,1.0,-0.006640492321578262,1.6504937709148644,,
2024-07-22,vol_target,1.0,0.010310038974630231,1.667510426020381,,
2024-07-23,vol_target,1.0,-0.0015686340463763049,1.664894712393438,,
2024-07-24,vol_target,0.9319021206982596,-0.0226625917678428,1.6271638831900255,,
2024-07-25,vol_target,0.9295833531664347,-0.0048894107472983945,1.6192080106119404,,
2024-07-26,vol_target,0.8870856209210478,0.01040968875183336,1.6360634620268861,,
2024-07-29,vol_target,0.8877896456775165,0.0005002642825693636,1.6368819261409548,,
2024-07-30,vol_target,0.8847795963408865,-0.004498305924813476,1.6295187304743748,,
2024-07-31,vol_target,0.8163713179549021,0.01438032236136975,1.652951735112486,,
2024-08-01,vol_target,0.7815857222131365,-0.011594859095249077,1.6337859926526093,,
2024-08-02,vol_target,0.7290618607366129,-0.01456925913331628,1.609982941157271,,
2024-08-05,vol_target,0.6392173293838715,-0.021259283366785967,1.575755857595517,,
2024-08-06,vol_target,0.6245602428366026,0.005848396292518752,1.5849715023109932,,
2024-08-07,vol_target,0.6248566850230973,-0.004181811889015704,1.578343449638878,,
2024-08-08,vol_target,0.5763606933645203,0.014444783625993928,1.6011422792564165,,
2024-08-09,vol_target,0.5759830135132473,0.002517360326146485,1.6051729313067324,,
2024-08-12,vol_target,0.5813982275580478,0.00030239877629074306,1.6056583336368946,,
2024-08-13,vol_target,0.5560373810495108,0.009558769115518935,1.6210064509265387,,
2024-08-14,vol_target,0.5586443101454935,0.0017415258001415637,1.6238294754830234,,
2024-08-15,vol_target,0.5469380706568086,0.009573868318800251,1.6393758050534843,,
2024-08-16,vol_target,0.5508408439835542,0.0012204934475295972,1.6413766524815905,,
2024-08-19,vol_target,0.5488551293870436,0.0052647180004854474,1.6500180376894868,,
2024-08-20,vol_target,0.5552199232778176,-0.0008933714644777258,1.6485439586587414,,
2024-08-21,vol_target,0.554935528605697,0.0019048599482933432,1.6516842040185915,,
2024-08-22,vol_target,0.5949483646084,-0.004355657981701103,1.6444900325321083,,
2024-08-23,vol_target,0.5921905443455995,0.0063015713766249705,1.6548529038502577,,
2024-08-26,vol_target,0.5987100631716247,-0.0014130310701307252,1.6525145452806214,,
2024-08-27,vol_target,0.598787387414718,0.0008188278048086825,1.6538676701381478,,
2024-08-28,vol_target,0.5978262869170271,-0.0034761492504521143,1.64811857927625,,
2024-08-29,vol_target,0.6204065220560803,5.29712776828133e-05,1.6482058822231673,,
2024-08-30,vol_target,0.6389953417974116,0.005911172340949936,1.657948711246356,,
2024-09-03,vol_target,0.6296270225605115,-0.01315917726302864,1.6361314702620553,,
2024-09-04,vol_target,0.7737436161171601,-0.0012934526008502008,1.6340152117565119,,
2024-09-05,vol_target,0.7767248012762128,-0.0019540082377063465,1.6308223325722022,,
2024-09-06,vol_target,0.7242971397301262,-0.01307363026145161,1.6095015643740351,,
2024-09-09,vol_target,0.7945051679200078,0.008083077444655438,1.6225112901661645,,
2024-09-10,vol_target,0.7945750997550816,0.00342549852323842,1.6280692001945665,,
2024-09-11,vol_target,0.7791219899506541,0.008151469238104316,1.6413403561974578,,
2024-09-12,vol_target,0.8173776990372265,0.00655504100393978,1.6520994095337533,,
2024-09-13,vol_target,0.8147983109882182,0.004249821812322069,1.6591205376405145,,
2024-09-16,vol_target,0.8821067976422095,0.0012020871456181134,1.6611149451118432,,
2024-09-17,vol_target,0.8826575936772593,0.0003266501216694336,1.661657548510771,,
2024-09-18,vol_target,0.9046645007723506,-0.0026179024434839072,1.657307491154291,,
2024-09-19,vol_target,0.8293893047172024,0.015426533146328822,1.6828740001002418,,
2024-09-20,vol_target,0.8291349733773182,-0.0014715294152348568,1.6803976015069604,,
2024-09-23,vol_target,0.8491976949330009,0.0020719166685092467,1.6838792453072455,,
2024-09-24,vol_target,0.8735272591589656,0.0024197123854919306,1.6879537487727883,,
2024-09-25,vol_target,0.8738658222070023,-0.0019385931611643856,1.6846814931790555,,
2024-09-26,vol_target,0.8713856978444017,0.0034642980204390964,1.6905177319409461,,
2024-09-27,vol_target,0.8837881372027278,-0.0012648756304989989,1.6883794372588876,,
2024-09-30,vol_target,0.8822229051161931,0.0035353400022230357,1.69434843262236,,
2024-10-01,vol_target,0.8740646073086628,-0.007904307936350908,1.6809557808594393,,
2024-10-02,vol_target,1.0,0.00036494337601983425,1.681569234537046,,
2024-10-03,vol_target,1.0,-0.0018912543052790845,1.6783889594826031,,
2024-10-04,vol_target,1.0,0.009087380212349894,1.693641118101632,,
2024-10-07,vol_target,1.0,-0.009040457718502592,1.6783298271831166,,
2024-10-08,vol_target,1.0,0.009457651313474091,1.6942028854776179,,
2024-10-09,vol_target,1.0,0.006926460493950071,1.705937714832615,,
2024-10-10,vol_target,1.0,-0.0017500601476910793,1.7029522212234431,,
2024-10-11,vol_target,1.0,0.005988266990993418,1.7131499537970345,,
2024-10-14,vol_target,1.0,0.008178342072637124,1.7271606801409092,,
2024-10-15,vol_target,1.0,-0.007769839571180492,1.7137409187425634,,
2024-10-16,vol_target,1.0,0.004346497822231843,1.7211896899137475,,
2024-10-17,vol_target,1.0,8.578294193539726e-05,1.7213373386289772,,
2024-10-18,vol_target,1.0,0.0038465871100923366,1.727958612647868,,
2024-10-21,vol_target,1.0,-0.0016422044690628246,1.7251209512918222,,
2024-10-22,vol_target,1.0,-0.00053109326280254,1.7242047511770715,,
2024-10-23,vol_target,1.0,-0.009137530919022585,1.7084497769524654,,
2024-10-24,vol_target,1.0,0.002162833984429513,1.7121448701907491,,
2024-10-25,vol_target,1.0,-0.00034526779463417423,1.7115537217073242,,
2024-10-28,vol_target,1.0,0.003091426066848646,1.716844863497422,,
2024-10-29,vol_target,1.0,0.0016182857156956665,1.7196232090160855,,
2024-10-30,vol_target,1.0,-0.0030252314991372486,1.7144209507175225,,
2024-10-31,vol_target,1.0,-0.019603273034461077,1.6808126887246067,,
2024-11-01,vol_target,1.0,0.004220560330259637,1.6879066600812347,,
2024-11-04,vol_target,1.0,-0.0021537981993235977,1.6842712497561254,,
2024-11-05,vol_target,1.0,0.012091708486326791,1.7046369667200778,,
2024-11-06,vol_target,0.8773996889847326,0.024865694386855264,1.7470239485750751,,
2024-11-07,vol_target,0.8746459691475724,0.006722713338037351,1.7587686897760315,,
2024-11-08,vol_target,0.8760401576832079,0.003787364462722234,1.7654297878098377,,
2024-11-11,vol_target,0.881313278399853,0.0008340175203291904,1.7669021871837822,,
2024-11-12,vol_target,0.8896644620498682,-0.0027402996651468463,1.7620603457118953,,
2024-11-13,vol_target,0.9156201171673646,0.0004281827828470585,1.7628148296142665,,
2024-11-14,vol_target,0.899910764664995,-0.005900525676939637,1.7524132954484375,,
2024-11-15,vol_target,0.8474580843819048,-0.011534550391278256,1.7321999959857415,,
2024-11-18,vol_target,0.8469710897809674,0.0034460429500626066,1.7381692315700068,,
2024-11-19,vol_target,0.8454162599868037,0.0030959350418470295,1.7435504906026849,,
2024-11-20,vol_target,0.8457366041495471,0.0002856485742865283,1.7440485333145221,,
2024-11-21,vol_target,0.8685129925200907,0.004539864795034789,1.7519662778517489,,
2024-11-22,vol_target,0.8678170991137356,0.002680648518477757,1.7566626836588952,,
2024-11-25,vol_target,0.8676495473760825,0.0029434196915999818,1.7618332791934759,,
2024-11-26,vol_target,0.8645360063527089,0.004530150277506856,1.769814648712135,,
2024-11-27,vol_target,0.8587324311945798,-0.002621151570019481,1.7651756962670195,,
2024-11-29,vol_target,0.8589400669987188,0.0053316894306102616,1.7745870648699766,,
2024-12-02,vol_target,1.0,0.0015395158437053417,1.7773190697723784,,
2024-12-03,vol_target,1.0,0.00039325184265398804,1.7780180037715503,,
2024-12-04,vol_target,1.0,0.006209500279561242,1.7890586070630345,,
2024-12-05,vol_target,1.0,-0.0016456006264051748,1.786114531098576,,
2024-12-06,vol_target,1.0,0.0018956369873417422,1.789500355867355,,
2024-12-09,vol_target,1.0,-0.0051497282219025164,1.7802849153816402,,
2024-12-10,vol_target,1.0,-0.0031091194809275136,1.7747497968696258,,
2024-12-11,vol_target,1.0,0.0077306646965698,1.78846979246953,,
2024-12-12,vol_target,1.0,-0.005152593413228823,1.779254534797093,,
2024-12-13,vol_target,1.0,-0.00019851922435554226,1.778901318566914,,
2024-12-16,vol_target,1.0,0.004269983726375548,1.7864971982480227,,
2024-12-17,vol_target,1.0,-0.004120053554116931,1.779136734116961,,
2024-12-18,vol_target,0.9629819306753852,-0.029803473556242688,1.7261122795087662,,
2024-12-19,vol_target,0.9688894427300822,-0.00031414408686901733,1.7255700315428866,,
2024-12-20,vol_target,0.9159116121866756,0.011634271345331841,1.7456457815152295,,
2024-12-23,vol_target,0.9136607505381915,0.005458286538148703,1.7551740163848502,,
2024-12-24,vol_target,0.8800804898288394,0.010154081995790489,1.772996197264103,,
2024-12-26,vol_target,0.882374664716334,4.184705497407998e-05,1.773070391933439,,
2024-12-27,vol_target,0.8572163869098516,-0.009289476547475884,1.7565994961105493,,
2024-12-30,vol_target,0.8275581680815833,-0.009794708713438353,1.739394115719974,,
2024-12-31,vol_target,0.8383790748793662,-0.0030255275985151997,1.7341315308181684,,
2025-01-02,vol_target,0.8403334369413642,-0.0020654336190926146,1.730549797254488,,
2025-01-03,vol_target,0.7969362692746846,0.010506110959189968,1.7487311454448475,,
2025-01-06,vol_target,0.7982803649177256,0.004569185512103041,1.7567214224591776,,
2025-01-07,vol_target,0.7757367456220717,-0.009024528502075807,1.7408678399119877,,
2025-01-08,vol_target,0.7762554316817452,0.0011221135772850378,1.7428212913514116,,
2025-01-10,vol_target,0.742497266780305,-0.011851643733548698,1.7221659943150713,,
2020-01-02,cassandra,1.0,0.0,1.0,1.0,0.0
2020-01-03,cassandra,1.0,-0.0075724427376562264,0.9924275572623438,1.0,0.0
2020-01-06,cassandra,1.0,0.0038149057437186773,0.9962135748507686,1.0,0.0
2020-01-07,cassandra,1.0,-0.0028117140895841386,0.9934125071061257,1.0,0.0
2020-01-08,cassandra,1.0,0.005329691324418961,0.9987070891268185,1.0,0.0
2020-01-09,cassandra,1.0,0.006780567991909958,1.0054788904486454,1.0,0.0
2020-01-10,cassandra,1.0,-0.0028774047649330337,1.002585720698229,1.0,0.0
2020-01-13,cassandra,1.0,0.0068773644669493095,1.0094808681088296,1.0,0.0
2020-01-14,cassandra,1.0,-0.0015246395354396869,1.0079417736670409,1.0,0.0
2020-01-15,cassandra,1.0,0.002259705812039936,1.010219425551194,1.0,0.0
2020-01-16,cassandra,1.0,0.008318299408812457,1.0186227332015274,1.0,0.0
2020-01-17,cassandra,1.0,0.003112433290971106,1.0217931285072839,1.0,0.0
2020-01-21,cassandra,0.8877275071030538,-0.0019581594686813864,1.0197922946176639,0.8877275071030538,0.12647179680545015
2020-01-22,cassandra,0.875843477769996,5.114835774758614e-05,1.0198444553187773,0.875843477769996,0.1417565185803763
2020-01-23,cassandra,0.8572096539618763,0.0009984982068688673,1.0208627681786984,0.8572096539618763,0.1665757558587578
2020-01-24,cassandra,0.8328506442168842,-0.007632556977316746,1.013070974934553,0.8328506442168842,0.20069547516563868
2020-01-27,cassandra,0.7371266510696511,-0.01336236394837537,0.9995339518619419,0.7371266510696511,0.35661897253191294
2020-01-28,cassandra,0.7014356722341669,0.0076766923845343095,1.0072070665382842,0.7014356722341669,0.4256474821345564
2020-01-29,cassandra,0.6654259862160288,-0.0005972561437523686,1.0066055059297634,0.6654259862160288,0.5027967357970788
2020-01-30,cassandra,0.6298013236915982,0.0021415862741778675,1.0087612384647744,0.6298013236915982,0.5878023154007865
2020-01-31,cassandra,0.5950942496900339,-0.011453692820998654,0.9972071971096688,0.5950942496900339,0.68040608781024
2020-02-03,cassandra,0.49973225750560607,0.004403232220854569,1.00159813197085,0.49973225750560607,1.0010715437731812
2020-02-04,cassandra,0.4714090154373031,0.0075689597299437045,1.0091791878973242,0.4714090154373031,1.121300117844265
2020-02-05,cassandra,0.4448953768920821,0.005429627038844275,1.0146586545029705,0.4448953768920821,1.2477194683067458
2020-02-06,cassandra,0.4201659117138505,0.001483848078715033,1.0161642537980062,0.4201659117138505,1.3800122097507028
2020-02-07,cassandra,0.39715948635830073,-0.0022517811942190254,1.0138760742410664,0.39715948635830073,1.5178801825165058
2020-02-10,cassandra,0.33764350950693867,0.002953478599965769,1.0168705355293548,0.33764350950693867,1.9617036070389793
2020-02-11,cassandra,0.3206548709541166,0.0005554635848951889,1.0174353700823942,0.3206548709541166,2.1186178367553716
2020-02-12,cassandra,0.30492915216654465,0.0020573269791865694,1.0195285673188434,0.30492915216654465,2.2794503014714222
2020-02-13,cassandra,0.2903735944978197,-0.00033315484865049943,1.0191889064333035,0.2903735944978197,2.4438393123501068
2020-02-14,cassandra,0.2768986922368028,0.000457850455049551,1.0196555425378955,0.2768986922368028,2.6114291184329734
2020-02-18,cassandra,0.23221668689058528,-0.0007202628253207768,1.0189211225559731,0.23221668689058528,3.3063227427371533
2020-02-19,cassandra,0.22300355250672427,0.0010879871297634737,1.0200296956235582,0.22300355250672427,3.4842334965486557
2020-02-20,cassandra,0.21445335292718443,-0.0009208056816181477,1.0190904464844088,0.21445335292718443,3.6630187234215943
2020-02-21,cassandra,0.2065154442348196,-0.0022127660079442986,1.0168354377854074,0.2065154442348196,3.8422528576746258
2020-02-24,cassandra,0.1859291291248274,-0.006853126597774455,1.0098669358011605,0.1859291291248274,4.3783933948759
2020-02-25,cassandra,0.18001464535892722,-0.005644339772739415,1.0041669036902436,0.18001464535892722,4.555103575079251
2020-02-26,cassandra,0.17451814169543425,-0.0006651418517433842,1.0034989902564637,0.17451814169543425,4.73006330622739
2020-02-27,cassandra,0.16941148570067885,-0.007840618556838246,0.9956309374516904,0.16941148570067885,4.902787499112245
2020-02-28,cassandra,0.16466838613372053,-0.0007143606276264737,0.9949196979103281,0.16466838613372053,5.072811080980295
2020-03-02,cassandra,0.15239885391693786,0.00712882584555159,1.0020123071670395,0.15239885391693786,5.5617291357389815
2020-03-03,cassandra,0.14889883890910316,-0.0043697076700437145,0.9976338063029334,0.14889883890910316,5.715969092347727
2020-03-04,cassandra,0.14566705026969143,0.006256945007323389,1.0038759461664175,0.14566705026969143,5.86497047993061
2020-03-05,cassandra,0.14268990155753708,-0.004843815997370954,0.9990133557990007,0.14268990155753708,6.008204428515695
2020-03-06,cassandra,0.13995556962573905,-0.0023603415180683575,0.9966553430982035,0.13995556962573905,6.145124718324117
2020-03-09,cassandra,0.1331131465314663,-0.010931092724485194,0.9857608111284434,0.1331131465314663,6.512405994877541
2020-03-10,cassandra,0.1312607607201499,0.006884481841391817,0.9925472635326128,0.1312607607201499,6.618423011672289
2020-03-11,cassandra,0.129613286436954,-0.00639965184049835,0.9861953066107647,0.129613286436954,6.715258423652549
2020-03-12,cassandra,0.12816739284040077,-0.012401854009544723,0.9739646563932798,0.12816739284040077,6.802296495530969
2020-03-13,cassandra,0.12692097335101807,0.010955811231673253,0.984635229315046,0.12692097335101807,6.8789184608154335
2020-03-16,cassandra,0.12492367392264066,-0.013888793048153162,0.9709598343871685,0.12492367392264066,7.004887853516483
2020-03-17,cassandra,0.1252728490619062,0.006743868829465999,0.9775078601489556,0.1252728490619062,6.982575693683067
2020-03-18,cassandra,0.1262997979573823,-0.006343073638257319,0.9713074558100554,0.1262997979573823,6.91766903964037
2020-03-19,cassandra,0.12798839053924657,0.00026784275565043184,0.9715676134756034,0.12798839053924657,6.813208649524805
2020-03-20,cassandra,0.1303401112339241,-0.0055163773110570285,0.9662080799364687,0.1303401112339241,6.672235281472786
2020-03-23,cassandra,0.14162916435184805,-0.003333754733761841,0.9629869791761816,0.14162916435184805,6.06069265166113
2020-03-24,cassandra,0.14697006239476962,0.012826444807474136,0.9753386785149012,0.14697006239476962,5.8041067936267545
2020-03-25,cassandra,0.15322806228958075,0.002197467904909717,0.9774819539573547,0.15322806228958075,5.5262197084378215
2020-03-26,cassandra,0.160511579570185,0.008943801180597236,0.986224358211171,0.160511579570185,5.230080114330579
2020-03-27,cassandra,0.16895519949537607,-0.0047845293950448745,0.9815057387792003,0.16895519949537607,4.918728769441438
2020-03-30,cassandra,0.20309435487032376,0.005482696627740536,0.986887036983313,0.20309435487032376,3.9238197715465923
2020-03-31,cassandra,0.21824316791908366,-0.0030442446526223444,0.9838827113982344,0.21824316791908366,3.5820449250936566
2020-04-01,cassandra,0.2358340344963509,-0.009829623305639544,0.9742115149682584,0.2358340344963509,3.24027007864072
2020-04-02,cassandra,0.25630931060997475,0.005433151822173435,0.9795045540359907,0.25630931060997475,2.901535990324197
2020-04-03,cassandra,0.2801996823089849,-0.0037149488619471214,0.9758657447077027,0.2801996823089849,2.5688834182804996
2020-04-06,cassandra,0.37909371813761045,0.018808015656787806,0.9942198429130881,0.37909371813761045,1.6378701417494905
2020-04-07,cassandra,0.42373185570976135,0.0003370095273932167,0.9945549044724731,0.42373185570976135,1.3599830565605582
2020-04-08,cassandra,0.4754213805650612,0.014201689604066285,1.008679264519993,0.4754213805650612,1.1033971985261828
2020-04-09,cassandra,0.534429747803623,0.007208763130296413,1.015950594412359,0.534429747803623,0.8711533257827772
2020-04-13,cassandra,0.8022972591104196,-0.00490884203134719,1.0109634534327354,0.8022972591104196,0.24642081054694293
2020-04-14,cassandra,0.8463715770945198,0.02352805712967588,1.0347494593211153,0.8463715770945198,0.18151415650424588
2020-04-15,cassandra,0.8626624202442289,-0.018005743419758347,1.0161180260528455,0.8626624202442289,0.15920199667082918
2020-04-16,cassandra,1.0,0.004153595579185125,1.020338569393789,1.0,0.0
2020-04-17,cassandra,1.0,0.026946777165531836,1.047833405456641,1.0,0.0
2020-04-20,cassandra,1.0,-0.01761819211446436,1.0293724752153524,1.0,0.0
2020-04-21,cassandra,1.0,-0.03036276124250159,0.9981178845207858,1.0,0.0
2020-04-22,cassandra,1.0,0.02219423462812986,1.0202703470363728,1.0,0.0
2020-04-23,cassandra,1.0,-7.172582735837096e-05,1.0201971673016024,1.0,0.0
2020-04-24,cassandra,1.0,0.013938366348973164,1.0344170491676368,1.0,0.0
2020-04-27,cassandra,1.0,0.01441901626093256,1.0493323254201707,1.0,0.0
2020-04-28,cassandra,1.0,-0.004598543750138906,1.044506924813291,1.0,0.0
2020-04-29,cassandra,1.0,0.02617839917226461,1.071850444029248,1.0,0.0
2020-04-30,cassandra,1.0,-0.009310591125336165,1.0618708827973817,1.0,0.0
2020-05-01,cassandra,1.0,-0.026473887939000074,1.0337590320405168,1.0,0.0
2020-05-04,cassandra,1.0,0.002758945587571393,1.036611116960577,1.0,0.0
2020-05-05,cassandra,1.0,0.009239001479586673,1.0461883686039317,1.0,0.0
2020-05-06,cassandra,1.0,-0.00677881405452907,1.0390964521871546,1.0,0.0
2020-05-07,cassandra,1.0,0.012066673934841843,1.051634890262548,1.0,0.0
2020-05-08,cassandra,1.0,0.016546474678490464,1.0690357403452944,1.0,0.0
2020-05-11,cassandra,1.0,0.00020502338122119212,1.0692549176674262,1.0,0.0
2020-05-12,cassandra,1.0,-0.019931566538478274,1.0479429921293428,1.0,0.0
2020-05-13,cassandra,1.0,-0.017685950032489406,1.0294091247336459,1.0,0.0
2020-05-14,cassandra,1.0,0.011967432321909666,1.041728508765452,1.0,0.0
2020-05-15,cassandra,1.0,0.004597157178597211,1.0465174984576724,1.0,0.0
2020-05-18,cassandra,1.0,0.030459188379994506,1.0783935720861553,1.0,0.0
2020-05-19,cassandra,1.0,-0.010270652602789698,1.067317766338177,1.0,0.0
2020-05-20,cassandra,1.0,0.016987626831334257,1.085448962263183,1.0,0.0
2020-05-21,cassandra,1.0,-0.006903816858362499,1.0779552214186185,1.0,0.0
2020-05-22,cassandra,1.0,0.0018992870951781704,1.0800025678598388,1.0,0.0
2020-05-26,cassandra,1.0,0.012320490314574828,1.093308729036872,1.0,0.0
2020-05-27,cassandra,1.0,0.014878562675227025,1.10957559148522,1.0,0.0
2020-05-28,cassandra,1.0,-0.0018447245020560832,1.1075287302047236,1.0,0.0
2020-05-29,cassandra,1.0,0.004455854864071851,1.1124637174843057,1.0,0.0
2020-06-01,cassandra,1.0,0.004041834318741833,1.1169601115159888,1.0,0.0
2020-06-02,cassandra,1.0,0.008280158669037085,1.1262087184663265,1.0,0.0
2020-06-03,cassandra,1.0,0.013308342033607534,1.1411966892929073,1.0,0.0
2020-06-04,cassandra,1.0,-0.0026268185639171104,1.138198972644392,1.0,0.0
2020-06-05,cassandra,1.0,0.02562969132476911,1.167370660979437,1.0,0.0
2020-06-08,cassandra,1.0,0.012087452807709953,1.181481198753131,1.0,0.0
2020-06-09,cassandra,1.0,-0.007456958512838896,1.1726709424703299,1.0,0.0
2020-06-10,cassandra,1.0,-0.0055798863946313615,1.1661275718330602,1.0,0.0
2020-06-11,cassandra,1.0,-0.057648789026178204,1.0989017294668466,1.0,0.0
2020-06-12,cassandra,1.0,0.01197552486555975,1.1120616544528834,1.0,0.0
2020-06-15,cassandra,1.0,0.009335475440339636,1.1224432787161718,1.0,0.0
2020-06-16,cassandra,1.0,0.01924808804792222,1.1440481657736992,1.0,0.0
2020-06-17,cassandra,1.0,-0.0041541806511917745,1.1392955830194107,1.0,0.0
2020-06-18,cassandra,1.0,0.00038528992242903293,1.139734542126216,1.0,0.0
2020-06-19,cassandra,1.0,-0.005715155315068832,1.1332207822000158,1.0,0.0
2020-06-22,cassandra,1.0,0.006415302833964631,1.1404907366955712,1.0,0.0
2020-06-23,cassandra,1.0,0.004603741626881375,1.1457412613751692,1.0,0.0
2020-06-24,cassandra,1.0,-0.025508531844863014,1.1165150839234073,1.0,0.0
2020-06-25,cassandra,1.0,0.010720303298271672,1.1284844642601615,1.0,0.0
2020-06-26,cassandra,1.0,-0.023751523387657625,1.101681239114678,1.0,0.0
2020-06-29,cassandra,1.0,0.014697742556111892,1.1178734663460839,1.0,0.0
2020-06-30,cassandra,1.0,0.012809172091049259,1.1321924999525286,1.0,0.0
2020-07-01,cassandra,1.0,0.0070049941941574545,1.1401235018413647,1.0,0.0
2020-07-02,cassandra,1.0,0.005506915993384265,1.1464020661880883,1.0,0.0
2020-07-06,cassandra,1.0,0.01543717708293224,1.1640992778920731,1.0,0.0
2020-07-07,cassandra,1.0,-0.0103138932752328,1.1520928821781187,1.0,0.0
2020-07-08,cassandra,1.0,0.007648756241961818,1.1609049598019983,1.0,0.0
2020-07-09,cassandra,1.0,-0.005692786276713657,1.1542961759782686,1.0,0.0
2020-07-10,cassandra,1.0,0.010210555778740193,1.1660821814682811,1.0,0.0
2020-07-13,cassandra,1.0,-0.008658733759526416,1.1559853863172196,1.0,0.0
2020-07-14,cassandra,1.0,0.012958921243643395,1.1709657098973072,1.0,0.0
2020-07-15,cassandra,1.0,0.009186950437388486,1.1817233138380152,1.0,0.0
2020-07-16,cassandra,1.0,-0.003293410251778428,1.1778314141614554,1.0,0.0
2020-07-17,cassandra,1.0,0.0028990473264209893,1.181246003173655,1.0,0.0
2020-07-20,cassandra,1.0,0.008081555176722377,1.1907923079255855,1.0,0.0
2020-07-21,cassandra,1.0,0.002127689722915882,1.193325944481286,1.0,0.0
2020-07-22,cassandra,1.0,0.00569219487987227,1.2001185883124812,1.0,0.0
2020-07-23,cassandra,1.0,-0.01193165375888905,1.18579918884713,1.0,0.0
2020-07-24,cassandra,1.0,-0.0064407464619276045,1.1781617569170062,1.0,0.0
2020-07-27,cassandra,1.0,0.007292863233946401,1.186753929477668,1.0,0.0
2020-07-28,cassandra,1.0,-0.006342506269268355,1.179226935239877,1.0,0.0
2020-07-29,cassandra,1.0,0.012298749680021981,1.1937299521323317,1.0,0.0
2020-07-30,cassandra,1.0,-0.0035682244592564194,1.189470455719386,1.0,0.0
2020-07-31,cassandra,1.0,0.007902322733857714,1.1988700351428694,1.0,0.0
2020-08-03,cassandra,1.0,0.006952288399693751,1.2072049253809336,1.0,0.0
2020-08-04,cassandra,1.0,0.003862555169124038,1.2118678210056557,1.0,0.0
2020-08-05,cassandra,1.0,0.00621066831432282,1.219394330082723,1.0,0.0
2020-08-06,cassandra,1.0,0.006684888710914105,1.2275458454740458,1.0,0.0
2020-08-07,cassandra,1.0,0.0007177538324063537,1.2284269212090893,1.0,0.0
2020-08-10,cassandra,1.0,0.002989181182223133,1.2320989118457037,1.0,0.0
2020-08-11,cassandra,1.0,-0.008254580820398982,1.2219284517991478,1.0,0.0
2020-08-12,cassandra,1.0,0.013941930075427988,1.2389644928313075,1.0,0.0
2020-08-13,cassandra,1.0,-0.0018077166652583632,1.236724796069953,1.0,0.0
2020-08-14,cassandra,1.0,2.973080205714851e-05,1.236761564890064,1.0,0.0
2020-08-17,cassandra,1.0,0.003176577125454383,1.240690233386735,1.0,0.0
2020-08-18,cassandra,1.0,0.0021602802484286254,1.2433704719923386,1.0,0.0
2020-08-19,cassandra,1.0,-0.0041637617301967245,1.2381933736046002,1.0,0.0
2020-08-20,cassandra,1.0,0.003113506327182991,1.2420484965075942,1.0,0.0
2020-08-21,cassandra,1.0,0.003547544040174433,1.2464547182489873,1.0,0.0
2020-08-24,cassandra,1.0,0.010133081888267892,1.2590851459790222,1.0,0.0
2020-08-25,cassandra,1.0,0.0034995423109109858,1.2634913677204154,1.0,0.0
2020-08-26,cassandra,1.0,0.01002574566859904,1.2761588108276507,1.0,0.0
2020-08-27,cassandra,1.0,0.0021863980513545656,1.2789490019648633,1.0,0.0
2020-08-28,cassandra,1.0,0.006459193269465091,1.2872099807503439,1.0,0.0
2020-08-31,cassandra,1.0,-0.003622105587839375,1.2825475702863454,1.0,0.0
2020-09-01,cassandra,1.0,0.009418422933059833,1.2946271457350704,1.0,0.0
2020-09-02,cassandra,1.0,0.01446400841345552,1.3133526436632703,1.0,0.0
2020-09-03,cassandra,1.0,-0.034414504387841216,1.268154263345138,1.0,0.0
2020-09-04,cassandra,1.0,-0.00816439443845085,1.2578005517303852,1.0,0.0
2020-09-08,cassandra,1.0,-0.027322990780228484,1.2234336788520896,1.0,0.0
2020-09-09,cassandra,1.0,0.019747105702258017,1.2475929530280843,1.0,0.0
2020-09-10,cassandra,1.0,-0.017363653943967106,1.2259301807287726,1.0,0.0
2020-09-11,cassandra,1.0,0.0005092252448430923,1.2265544553252148,1.0,0.0
2020-09-14,cassandra,1.0,0.013171214522164743,1.2427096671794202,1.0,0.0
2020-09-15,cassandra,1.0,0.005052317940822171,1.248988231526144,1.0,0.0
2020-09-16,cassandra,1.0,-0.003968677460062464,1.2440314000838029,1.0,0.0
2020-09-17,cassandra,1.0,-0.008795262924435221,1.2330898168338125,1.0,0.0
2020-09-18,cassandra,1.0,-0.011512622086873314,1.2188937197734329,1.0,0.0
2020-09-21,cassandra,1.0,-0.01112945821511857,1.205328093050544,1.0,0.0
2020-09-22,cassandra,1.0,0.01018452303595807,1.2176037847801047,1.0,0.0
2020-09-23,cassandra,1.0,-0.023191005185657643,1.1893663290931928,1.0,0.0
2020-09-24,cassandra,1.0,0.0026652216122244887,1.1925362539383442,1.0,0.0
2020-09-25,cassandra,1.0,0.01616691062354647,1.2118158809711044,1.0,0.0
2020-09-28,cassandra,1.0,0.01660952977345831,1.2319435729260435,1.0,0.0
2020-09-29,cassandra,1.0,-0.005445889983579089,1.225234543761911,1.0,0.0
2020-09-30,cassandra,1.0,0.007581719238008766,1.2345239280734235,1.0,0.0
2020-10-01,cassandra,1.0,0.006420017417759993,1.2424495931942963,1.0,0.0
2020-10-02,cassandra,1.0,-0.009494505421909216,1.230653148795264,1.0,0.0
2020-10-05,cassandra,1.0,0.017733330662908164,1.2524767280141997,1.0,0.0
2020-10-06,cassandra,1.0,-0.01421630362732218,1.2346711385625948,1.0,0.0
2020-10-07,cassandra,1.0,0.017406787144703673,1.2561627962652628,1.0,0.0
2020-10-08,cassandra,1.0,0.008862583700684601,1.2672956441888497,1.0,0.0
2020-10-09,cassandra,1.0,0.008930380016144213,1.2786130758842604,1.0,0.0
2020-10-12,cassandra,1.0,0.016087308281315105,1.299182518608531,1.0,0.0
2020-10-13,cassandra,1.0,-0.006525994557069148,1.2907040605634523,1.0,0.0
2020-10-14,cassandra,1.0,-0.006283400305970743,1.2825940502743902,1.0,0.0
2020-10-15,cassandra,1.0,-0.0012357459742410315,1.2810090898401782,1.0,0.0
2020-10-16,cassandra,1.0,-0.0006043340773008721,1.2802349323938556,1.0,0.0
2020-10-19,cassandra,1.0,-0.015203341535143244,1.2607710834714507,1.0,0.0
2020-10-20,cassandra,1.0,0.0040055122337414595,1.2658211174702432,1.0,0.0
2020-10-21,cassandra,1.0,-0.001892947766998998,1.2634249842125076,1.0,0.0
2020-10-22,cassandra,1.0,0.005485398655340257,1.2703553739220301,1.0,0.0
2020-10-23,cassandra,1.0,0.0033951249364962965,1.2746683891302448,1.0,0.0
2020-10-26,cassandra,1.0,-0.018479807818759242,1.2511127622664704,1.0,0.0
2020-10-27,cassandra,1.0,-0.0034475403779671288,1.2467995005011667,1.0,0.0
2020-10-28,cassandra,1.0,-0.03417882018269758,1.20418536456966,1.0,0.0
2020-10-29,cassandra,1.0,0.010163452147137875,1.2164240448987476,1.0,0.0
2020-10-30,cassandra,1.0,-0.010424949171865983,1.2037428860592425,1.0,0.0
2020-11-02,cassandra,1.0,0.011208748247739653,1.217235337024088,1.0,0.0
2020-11-03,cassandra,1.0,0.01765572514061753,1.2387265095660323,1.0,0.0
2020-11-04,cassandra,1.0,0.022349194330119282,1.2664110490501939,1.0,0.0
2020-11-05,cassandra,1.0,0.019502923040162434,1.2911097662770312,1.0,0.0
2020-11-06,cassandra,1.0,-0.00022840983008720617,1.290814864114692,1.0,0.0
2020-11-09,cassandra,1.0,0.012565623292521089,1.307034757437544,1.0,0.0
2020-11-10,cassandra,1.0,-0.0014665883516650213,1.305117875487065,1.0,0.0
2020-11-11,cassandra,1.0,0.0074283339486393984,1.3148127269085217,1.0,0.0
2020-11-12,cassandra,1.0,-0.009700957996358062,1.3020577838717051,1.0,0.0
2020-11-13,cassandra,1.0,0.013844593598558275,1.3200842447312484,1.0,0.0
2020-11-16,cassandra,1.0,0.012482743649079975,1.336562517953418,1.0,0.0
2020-11-17,cassandra,1.0,-0.005378366485061736,1.3293739949016676,1.0,0.0
2020-11-18,cassandra,1.0,-0.012034821950714591,1.313375215567116,1.0,0.0
2020-11-19,cassandra,1.0,0.004210169186685819,1.3189047474302533,1.0,0.0
2020-11-20,cassandra,1.0,-0.0068479997711362595,1.3098728880217003,1.0,0.0
2020-11-23,cassandra,1.0,0.005994748194757982,1.3177252461525308,1.0,0.0
2020-11-24,cassandra,1.0,0.016113403960128947,1.3389582853522468,1.0,0.0
2020-11-25,cassandra,1.0,-0.0015416550045284083,1.3368940736107788,1.0,0.0
2020-11-27,cassandra,1.0,0.002785057007971714,1.3406173998194044,1.0,0.0
2020-11-30,cassandra,1.0,-0.004427149982516476,1.3346822855212326,1.0,0.0
2020-12-01,cassandra,1.0,0.010937190887625237,1.3492799604523102,1.0,0.0
2020-12-02,cassandra,1.0,0.002103800418060464,1.3521185761971903,1.0,0.0
2020-12-03,cassandra,1.0,-0.00027232016397371606,1.3517503670448083,1.0,0.0
2020-12-04,cassandra,1.0,0.008617350106026267,1.3633988732135829,1.0,0.0
2020-12-07,cassandra,1.0,-0.002054774390807257,1.3605973961244482,1.0,0.0
2020-12-08,cassandra,1.0,0.0029261707102903323,1.364578736373485,1.0,0.0
2020-12-09,cassandra,1.0,-0.008969011888588896,1.3523398134640354,1.0,0.0
2020-12-10,cassandra,1.0,-0.00032701538892276893,1.3518975775339797,1.0,0.0
2020-12-11,cassandra,1.0,-0.0011725792083989717,1.3503123705426783,1.0,0.0
2020-12-14,cassandra,1.0,-0.004477239062760319,1.344266699250356,1.0,0.0
2020-12-15,cassandra,1.0,0.013519485856039015,1.3624404938776156,1.0,0.0
2020-12-16,cassandra,1.0,0.0015694208337742044,1.3645787363734847,1.0,0.0
2020-12-17,cassandra,1.0,0.005592112847883968,1.3722096146571081,1.0,0.0
2020-12-18,cassandra,1.0,-0.003993038567770557,1.3667303287427166,1.0,0.0
2020-12-21,cassandra,1.0,-0.0035754573142122714,1.3618436427922578,1.0,0.0
2020-12-22,cassandra,1.0,-0.00168560175560728,1.3595481167571046,1.0,0.0
2020-12-23,cassandra,1.0,0.0008988109257548338,1.3607700934585354,1.0,0.0
2020-12-24,cassandra,1.0,0.003890510051640206,1.3660641831851073,1.0,0.0
2020-12-28,cassandra,1.0,0.008590576124987148,1.3777994615423772,1.0,0.0
2020-12-29,cassandra,1.0,-0.0019078686896041308,1.375170801089147,1.0,0.0
2020-12-30,cassandra,1.0,0.0014270166407852614,1.3771331927062231,1.0,0.0
2020-12-31,cassandra,1.0,0.005080945774450951,1.38413033178256,1.0,0.0
2021-01-04,cassandra,1.0,-0.013614109694840004,1.365286629613717,1.0,0.0
2021-01-05,cassandra,1.0,0.006887005805936042,1.3746893665586335,1.0,0.0
2021-01-06,cassandra,1.0,0.0059787101148918165,1.3829082357793119,1.0,0.0
2021-01-07,cassandra,1.0,0.01485763625545422,1.403454983321193,1.0,0.0
2021-01-08,cassandra,1.0,0.005697749106416072,1.4114515176983065,1.0,0.0
2021-01-11,cassandra,1.0,-0.00674093776624507,1.40193701085743,1.0,0.0
2021-01-12,cassandra,1.0,0.00021113342471146268,1.4022330066197621,1.0,0.0
2021-01-13,cassandra,1.0,0.002693019293887877,1.4060092471611156,1.0,0.0
2021-01-14,cassandra,1.0,-0.003501983105316353,1.4010854265316388,1.0,0.0
2021-01-15,cassandra,1.0,-0.0072924217895834476,1.3908681206381317,1.0,0.0
2021-01-19,cassandra,1.0,0.007851547293575623,1.4017885874664486,1.0,0.0
2021-01-20,cassandra,1.0,0.013838868162580287,1.4211877549202065,1.0,0.0
2021-01-21,cassandra,1.0,0.0009115743601755266,1.4224832732385873,1.0,0.0
2021-01-22,cassandra,1.0,-0.0035393204794977873,1.4174486490578708,1.0,0.0
2021-01-25,cassandra,1.0,0.003943939732637736,1.423038981103864,1.0,0.0
2021-01-26,cassandra,1.0,-0.0015610923595564818,1.4208174858231117,1.0,0.0
2021-01-27,cassandra,1.0,-0.024440416316123037,1.3860921149603675,1.0,0.0
2021-01-28,cassandra,1.0,0.008600234426549891,1.398012832085819,1.0,0.0
2021-01-29,cassandra,1.0,-0.020019628353843633,1.3700251347535564,1.0,0.0
2021-02-01,cassandra,1.0,0.01664560142907834,1.3928300270944833,1.0,0.0
2021-02-02,cassandra,1.0,0.01414013264417835,1.4125248284283938,1.0,0.0
2021-02-03,cassandra,1.0,0.0007860549480012136,1.4136351505589544,1.0,0.0
2021-02-04,cassandra,1.0,0.011366236838600718,1.4297028624835784,1.0,0.0
2021-02-05,cassandra,1.0,0.003935686505302849,1.435329724746048,1.0,0.0
2021-02-08,cassandra,1.0,0.007221842569723913,1.445695450053809,1.0,0.0
2021-02-09,cassandra,1.0,-0.0006656892364624856,1.4447330661535054,1.0,0.0
2021-02-10,cassandra,1.0,-0.00043580046437874387,1.4441034508123725,1.0,0.0
2021-02-11,cassandra,1.0,0.0016152176708956745,1.446435992224726,1.0,0.0
2021-02-12,cassandra,1.0,0.004939778440439246,1.453581065554593,1.0,0.0
2021-02-16,cassandra,1.0,-0.0008662133886342405,1.4523219541741446,1.0,0.0
2021-02-17,cassandra,1.0,0.00022954758583715318,1.4526553311725836,1.0,0.0
2021-02-18,cassandra,1.0,-0.004255877797017749,1.4464730076019268,1.0,0.0
2021-02-19,cassandra,1.0,-0.0017662771899401575,1.4439181353227353,1.0,0.0
2021-02-22,cassandra,1.0,-0.0076916744136455995,1.4328119871458744,1.0,0.0
2021-02-23,cassandra,1.0,0.0012145208636356042,1.4345521671979302,1.0,0.0
2021-02-24,cassandra,1.0,0.011019552625333606,1.4503602902981543,1.0,0.0
2021-02-25,cassandra,1.0,-0.02409587327137175,1.4154125925453,1.0,0.0
2021-02-26,cassandra,1.0,-0.005152572172426928,1.4081195770084485,1.0,0.0
2021-03-01,cassandra,1.0,0.024240223158821905,1.442252709789439,1.0,0.0
2021-03-02,cassandra,1.0,-0.007803467097999173,1.430998138221597,1.0,0.0
2021-03-03,cassandra,1.0,-0.013245567506533495,1.4120437557800591,1.0,0.0
2021-03-04,cassandra,1.0,-0.012374735459726893,1.3945700878447218,1.0,0.0
2021-03-05,cassandra,1.0,0.018396639007687288,1.42022549032172,1.0,0.0
2021-03-08,cassandra,1.0,-0.004978819631375253,1.4131544437695267,1.0,0.0
2021-03-09,cassandra,1.0,0.014277445719665938,1.4333306796339509,1.0,0.0
2021-03-10,cassandra,1.0,0.006224683725996272,1.4422527097894395,1.0,0.0
2021-03-11,cassandra,1.0,0.010139112013267448,1.456875871565433,1.0,0.0
2021-03-12,cassandra,1.0,0.001346819639895358,1.4588380206021472,1.0,0.0
2021-03-15,cassandra,1.0,0.005963444306901211,1.4675377198907982,1.0,0.0
2021-03-16,cassandra,1.0,-0.0012614504953201156,1.465686493707141,1.0,0.0
2021-03-17,cassandra,1.0,0.0034100675751407294,1.4706845836946534,1.0,0.0
2021-03-18,cassandra,1.0,-0.01454974475684423,1.4492864983840705,1.0,0.0
2021-03-19,cassandra,1.0,-0.0018503547026522682,1.4466048042962951,1.0,0.0
2021-03-22,cassandra,1.0,0.007985022418292465,1.4581559760890106,1.0,0.0
2021-03-23,cassandra,1.0,-0.007870914994485223,1.4466789543525134,1.0,0.0
2021-03-24,cassandra,1.0,-0.005083154364717735,1.439325261911351,1.0,0.0
2021-03-25,cassandra,1.0,0.005625316688284254,1.4474219223270501,1.0,0.0
2021-03-26,cassandra,1.0,0.016114971888928853,1.47074708591677,1.0,0.0
2021-03-29,cassandra,1.0,-0.0005051636557035222,1.470004117942233,1.0,0.0
2021-03-30,cassandra,1.0,-0.0026529051873807052,1.466104336392273,1.0,0.0
2021-03-31,cassandra,1.0,0.004053352901706608,1.4720469746583933,1.0,0.0
2021-04-01,cassandra,1.0,0.010799052562000977,1.4879436873114638,1.0,0.0
2021-04-05,cassandra,1.0,0.014353332203415503,1.5093006373554203,1.0,0.0
2021-04-06,cassandra,1.0,-0.0005906779903689374,1.5084091266880846,1.0,0.0
2021-04-07,cassandra,1.0,0.0011571932083034309,1.5101546474848309,1.0,0.0
2021-04-08,cassandra,1.0,0.004746783359879103,1.517323024436356,1.0,0.0
2021-04-09,cassandra,1.0,0.007270297427584449,1.5283544141177303,1.0,0.0
2021-04-12,cassandra,1.0,0.0003647098622294731,1.528911820045541,1.0,0.0
2021-04-13,cassandra,1.0,0.002963532343154718,1.5334427996740774,1.0,0.0
2021-04-14,cassandra,1.0,-0.003415146771034494,1.5282058674482044,1.0,0.0
2021-04-15,cassandra,1.0,0.010742415252662507,1.5446224894678884,1.0,0.0
2021-04-16,cassandra,1.0,0.0033424207067618283,1.549785267660816,1.0,0.0
2021-04-19,cassandra,1.0,-0.004913024045379744,1.5421711353756231,1.0,0.0
2021-04-20,cassandra,1.0,-0.007321639490669107,1.5308799142894869,1.0,0.0
2021-04-21,cassandra,1.0,0.009462152935174384,1.5453653341638807,1.0,0.0
2021-04-22,cassandra,1.0,-0.009133152443168147,1.5312512769865745,1.0,0.0
2021-04-23,cassandra,1.0,0.010842389436381383,1.5478536996566192,1.0,0.0
2021-04-26,cassandra,1.0,0.0020877787405582104,1.5510852757042566,1.0,0.0
2021-04-27,cassandra,1.0,-0.00021563393511825346,1.5507508090825526,1.0,0.0
2021-04-28,cassandra,1.0,-0.00028728842228964435,1.550305296329247,1.0,0.0
2021-04-29,cassandra,1.0,0.006372889490944278,1.5601852206599789,1.0,0.0
2021-04-30,cassandra,1.0,-0.006570713189966604,1.5499336910517973,1.0,0.0
2021-05-03,cassandra,1.0,0.0021566226984657266,1.5532763132310363,1.0,0.0
2021-05-04,cassandra,1.0,-0.006169200550219633,1.5436938401448084,1.0,0.0
2021-05-05,cassandra,1.0,0.00031289448637350503,1.5441768534360385,1.0,0.0
2021-05-06,cassandra,1.0,0.007985664592470965,1.556508131859036,1.0,0.0
2021-05-07,cassandra,1.0,0.007277980905764148,1.5678363683223726,1.0,0.0
2021-05-10,cassandra,1.0,-0.009902252343438556,1.5523112569700241,1.0,0.0
2021-05-11,cassandra,1.0,-0.008924901955285836,1.5384570311974801,1.0,0.0
2021-05-12,cassandra,1.0,-0.021245430888066186,1.5057718486669145,1.0,0.0
2021-05-13,cassandra,1.0,0.012012761386759552,1.5238603265878499,1.0,0.0
2021-05-14,cassandra,1.0,0.015355290254888354,1.5472596442105153,1.0,0.0
2021-05-17,cassandra,1.0,-0.0025446038102260315,1.5433224814244482,1.0,0.0
2021-05-18,cassandra,1.0,-0.008615867769141139,1.5300254189993523,1.0,0.0
2021-05-19,cassandra,1.0,-0.0026214930224683908,1.5260144680392462,1.0,0.0
2021-05-20,cassandra,1.0,0.010757919839773589,1.542431209360747,1.0,0.0
2021-05-21,cassandra,1.0,-0.0008189123360050621,1.5411680934159624,1.0,0.0
2021-05-24,cassandra,1.0,0.010194318599585861,1.556879251975761,1.0,0.0
2021-05-25,cassandra,1.0,-0.0022188717264742808,1.5534247366220175,1.0,0.0
2021-05-26,cassandra,1.0,0.0019849015947326354,1.5565081318590357,1.0,0.0
2021-05-27,cassandra,1.0,0.0005248894853089325,1.5573251266112464,1.0,0.0
2021-05-28,cassandra,1.0,0.0017886940151470299,1.5601107047448541,1.0,0.0
2021-06-01,cassandra,1.0,-0.000880887089630189,1.5587364233666505,1.0,0.0
2021-06-02,cassandra,1.0,0.0015726546550896003,1.5611877774589158,1.0,0.0
2021-06-03,cassandra,1.0,-0.0037112616144964194,1.5553938011874116,1.0,0.0
2021-06-04,cassandra,1.0,0.009145736983049213,1.5696190237981367,1.0,0.0
2021-06-07,cassandra,1.0,-0.0009701870631749765,1.5680961997271343,1.0,0.0
2021-06-08,cassandra,1.0,0.00021306393037834326,1.5684303044666594,1.0,0.0
2021-06-09,cassandra,1.0,-0.0014915937999274709,1.5660908435488987,1.0,0.0
2021-06-10,cassandra,1.0,0.004648148677397934,1.5733702666320255,1.0,0.0
2021-06-11,cassandra,1.0,0.001652513805569189,1.575970282718907,1.0,0.0
2021-06-14,cassandra,1.0,0.0022390431143626266,1.579498948128869,1.0,0.0
2021-06-15,cassandra,1.0,-0.001834270754774825,1.5766017194011186,1.0,0.0
2021-06-16,cassandra,1.0,-0.005583433982308539,1.5677988677844483,1.0,0.0
2021-06-17,cassandra,1.0,-0.00033153875713864966,1.5672790816963797,1.0,0.0
2021-06-18,cassandra,1.0,-0.013490561825025504,1.5461356063476854,1.0,0.0
2021-06-21,cassandra,1.0,0.0143161738885218,1.568270352543394,1.0,0.0
2021-06-22,cassandra,1.0,0.005346272394088247,1.5766547530356638,1.0,0.0
2021-06-23,cassandra,1.0,-0.0012051668075482302,1.574754621060342,1.0,0.0
2021-06-24,cassandra,1.0,0.0059154335491837795,1.5840699773774947,1.0,0.0
2021-06-25,cassandra,1.0,0.0035523082459698596,1.589697082220326,1.0,0.0
2021-06-28,cassandra,1.0,0.0020157994109979427,1.592901592662331,1.0,0.0
2021-06-29,cassandra,1.0,0.0005379648525867253,1.5937585177328126,1.0,0.0
2021-06-30,cassandra,1.0,0.00084165438424888,1.5950999115766964,1.0,0.0
2021-07-01,cassandra,1.0,0.005536790844608674,1.6039316461633504,1.0,0.0
2021-07-02,cassandra,1.0,0.00764328805367831,1.6161909577533873,1.0,0.0
2021-07-06,cassandra,1.0,-0.0018211627898890859,1.6132476109197715,1.0,0.0
2021-07-07,cassandra,1.0,0.0035337227216318823,1.618948380658097,1.0,0.0
2021-07-08,cassandra,1.0,-0.008147876323219228,1.6057573894788189,1.0,0.0
2021-07-09,cassandra,1.0,0.0106749529220318,1.62289877401571,1.0,0.0
2021-07-12,cassandra,1.0,0.003581804106493225,1.6287116795089023,1.0,0.0
2021-07-13,cassandra,1.0,-0.003409190833199238,1.623159090581196,1.0,0.0
2021-07-14,cassandra,1.0,0.0014925156986502763,1.6255816810052952,1.0,0.0
2021-07-15,cassandra,1.0,-0.003415755106364604,1.6200290920775886,1.0,0.0
2021-07-16,cassandra,1.0,-0.00784339149711255,1.6073225696717124,1.0,0.0
2021-07-19,cassandra,1.0,-0.01476807550364212,1.5835855086040924,1.0,0.0
2021-07-20,cassandra,1.0,0.014330597737985507,1.606279235511601,1.0,0.0
2021-07-21,cassandra,1.0,0.008096090519097432,1.6192838176012494,1.0,0.0
2021-07-22,cassandra,1.0,0.002094238237832391,1.6226749836899732,1.0,0.0
2021-07-23,cassandra,1.0,0.01028820710814804,1.6393693999913863,1.0,0.0
2021-07-26,cassandra,1.0,0.002454489923239045,1.6433932156641315,1.0,0.0
2021-07-27,cassandra,1.0,-0.004557485199261246,1.635903475407176,1.0,0.0
2021-07-28,cassandra,1.0,-0.00041009623924470606,1.6352325975441442,1.0,0.0
2021-07-29,cassandra,1.0,0.004147622919764782,1.6420149257448649,1.0,0.0
2021-07-30,cassandra,1.0,-0.0048566490409561736,1.6340402355305104,1.0,0.0
2021-08-02,cassandra,1.0,-0.0020979786123879185,1.630612054064586,1.0,0.0
2021-08-03,cassandra,1.0,0.008135517531740355,1.6438779270178956,1.0,0.0
2021-08-04,cassandra,1.0,-0.004918918900219893,1.635791824813033,1.0,0.0
2021-08-05,cassandra,1.0,0.006332895640749792,1.6461511237295656,1.0,0.0
2021-08-06,cassandra,1.0,0.0016524393829557837,1.6488712886767132,1.0,0.0
2021-08-09,cassandra,1.0,-0.0008136695892877466,1.6475296522524672,1.0,0.0
2021-08-10,cassandra,1.0,0.0012437796204576301,1.6495788160580385,1.0,0.0
2021-08-11,cassandra,1.0,0.0024852791219118764,1.6536784798495356,1.0,0.0
2021-08-12,cassandra,1.0,0.002996798881682805,1.6586342216686116,1.0,0.0
2021-08-13,cassandra,1.0,0.0018196304603790292,1.661652323020987,1.0,0.0
2021-08-16,cassandra,1.0,0.0023548946094322787,1.6655653391192198,1.0,0.0
2021-08-17,cassandra,1.0,-0.00655530188376352,1.6546470555141604,1.0,0.0
2021-08-18,cassandra,1.0,-0.010944908245636875,1.6365370953126446,1.0,0.0
2021-08-19,cassandra,1.0,0.0015481693405896557,1.6390707318683453,1.0,0.0
2021-08-20,cassandra,1.0,0.007956998056274589,1.6521128144959183,1.0,0.0
2021-08-23,cassandra,1.0,0.008796536202838157,1.6666456846798046,1.0,0.0
2021-08-24,cassandra,1.0,0.0015874833714735193,1.6692914569903718,1.0,0.0
2021-08-25,cassandra,1.0,0.002098456785371461,1.672794392975056,1.0,0.0
2021-08-26,cassandra,1.0,-0.005903191813574349,1.6629195668086525,1.0,0.0
2021-08-27,cassandra,1.0,0.008941086161835532,1.6777878739356908,1.0,0.0
2021-08-30,cassandra,1.0,0.004397436945924094,1.6851658403199592,1.0,0.0
2021-08-31,cassandra,1.0,-0.0014816724260134917,1.6826689765610972,1.0,0.0
2021-09-01,cassandra,1.0,0.000531478468028368,1.6835632788909587,1.0,0.0
2021-09-02,cassandra,1.0,0.003076815343835193,1.6887432922197678,1.0,0.0
2021-09-03,cassandra,1.0,-0.00024282917285955996,1.688333216082946,1.0,0.0
2021-09-07,cassandra,1.0,-0.0035755334223698254,1.6822965242407444,1.0,0.0
2021-09-08,cassandra,1.0,-0.0012182927533557208,1.6802469945762664,1.0,0.0
2021-09-09,cassandra,1.0,-0.004280274983400223,1.6730550753994482,1.0,0.0
2021-09-10,cassandra,1.0,-0.007884518539529206,1.6598638416398077,1.0,0.0
2021-09-13,cassandra,1.0,0.0025592243154941574,1.6641118055437418,1.0,0.0
2021-09-14,cassandra,1.0,-0.005396366967483135,1.6551316475661069,1.0,0.0
2021-09-15,cassandra,1.0,0.008352428354997832,1.6689560160704924,1.0,0.0
2021-09-16,cassandra,1.0,-0.001585140473883917,1.666310486340287,1.0,0.0
2021-09-17,cassandra,1.0,-0.009741082796565381,1.650078817928061,1.0,0.0
2021-09-20,cassandra,1.0,-0.016674078771511724,1.6225652737387255,1.0,0.0
2021-09-21,cassandra,1.0,-0.0009447367979118493,1.6210323766176107,1.0,0.0
2021-09-22,cassandra,1.0,0.00975487901139771,1.636845351325074,1.0,0.0
2021-09-23,cassandra,1.0,0.012149981533317256,1.6567329921165699,1.0,0.0
2021-09-24,cassandra,1.0,0.0016473073132372562,1.659462140490565,1.0,0.0
2021-09-27,cassandra,1.0,-0.0028611521839283505,1.654714166763154,1.0,0.0
2021-09-28,cassandra,1.0,-0.020151673486682342,1.6213689071607553,1.0,0.0
2021-09-29,cassandra,1.0,0.001683085080053992,1.624097808977661,1.0,0.0
2021-09-30,cassandra,1.0,-0.012222330111930968,1.604247549422272,1.0,0.0
2021-10-01,cassandra,1.0,0.01188426642849505,1.6233128547168667,1.0,0.0
2021-10-04,cassandra,1.0,-0.012896005667686783,1.6023786029420093,1.0,0.0
2021-10-05,cassandra,1.0,0.010404886917059208,1.6190511711039361,1.0,0.0
2021-10-06,cassandra,1.0,0.004156170049415486,1.6257802230897493,1.0,0.0
2021-10-07,cassandra,1.0,0.008645575753100543,1.6398360291663645,1.0,0.0
2021-10-08,cassandra,1.0,-0.0018237663937724635,1.6368453513250736,1.0,0.0
2021-10-11,cassandra,1.0,-0.00723973408171219,1.6249950262485933,1.0,0.0
2021-10-12,cassandra,1.0,-0.0024615649909554005,1.620994995381503,1.0,0.0
2021-10-13,cassandra,1.0,0.0035975410953525966,1.6268265914927489,1.0,0.0
2021-10-14,cassandra,1.0,0.01682079484003496,1.6541911078285618,1.0,0.0
2021-10-15,cassandra,1.0,0.007615675550701084,1.6667888906046389,1.0,0.0
2021-10-18,cassandra,1.0,0.0029605557419365436,1.6717235120253144,1.0,0.0
2021-10-19,cassandra,1.0,0.007715044460277154,1.6846209332458804,1.0,0.0
2021-10-20,cassandra,1.0,0.003927619704506169,1.6912374836179205,1.0,0.0
2021-10-21,cassandra,1.0,0.002608265645662522,1.6956486802450979,1.0,0.0
2021-10-22,cassandra,1.0,-0.0010363537741431283,1.693891388335705,1.0,0.0
2021-10-25,cassandra,1.0,0.005362969930133632,1.7029756769162616,1.0,0.0
2021-10-26,cassandra,1.0,0.0009000585504972403,1.704508454735559,1.0,0.0
2021-10-27,cassandra,1.0,-0.00443031581349973,1.6969569439743,1.0,0.0
2021-10-28,cassandra,1.0,0.009648907590266154,1.7133307247113685,1.0,0.0
2021-10-29,cassandra,1.0,0.002029148282186144,1.7168073268082333,1.0,0.0
2021-11-01,cassandra,1.0,0.0017201565121793827,1.7197605041115998,1.0,0.0
2021-11-02,cassandra,1.0,0.004043192920713645,1.7267138276071468,1.0,0.0
2021-11-03,cassandra,1.0,0.006105207390848744,1.7372557736293346,1.0,0.0
2021-11-04,cassandra,1.0,0.004712577233635162,1.7454427256371414,1.0,0.0
2021-11-05,cassandra,1.0,0.003469460357242049,1.751498469979576,1.0,0.0
2021-11-08,cassandra,1.0,0.0008537131530526043,1.752993747260949,1.0,0.0
2021-11-09,cassandra,1.0,-0.0033053935223728015,1.7471994130839925,1.0,0.0
2021-11-10,cassandra,1.0,-0.00804469294850596,1.733143730285922,1.0,0.0
2021-11-11,cassandra,1.0,0.00032343507507226477,1.733704289758438,1.0,0.0
2021-11-12,cassandra,1.0,0.007546819642791247,1.7467882433471784,1.0,0.0
2021-11-15,cassandra,1.0,0.00034244751260681383,1.7473864266361634,1.0,0.0
2021-11-16,cassandra,1.0,0.003957950805435262,1.7543024961508746,1.0,0.0
2021-11-17,cassandra,1.0,-0.0024292049653559245,1.7500409358164886,1.0,0.0
2021-11-18,cassandra,1.0,0.0033963387624069696,1.755984667682601,1.0,0.0
2021-11-19,cassandra,1.0,-0.0017882791993174552,1.752844476827064,1.0,0.0
2021-11-22,cassandra,1.0,-0.002815139725225624,1.7479099747082056,1.0,0.0
2021-11-23,cassandra,1.0,0.001325865467896259,1.7502274681846626,1.0,0.0
2021-11-24,cassandra,1.0,0.0026699912087577715,1.754900560138042,1.0,0.0
2021-11-26,cassandra,1.0,-0.02230316930897358,1.7157607158248707,1.0,0.0
2021-11-29,cassandra,1.0,0.012266505075916534,1.7368071033545947,1.0,0.0
2021-11-30,cassandra,1.0,-0.019457711621540197,1.7030128115952783,1.0,0.0
2021-12-01,cassandra,1.0,-0.011107107118906612,1.6840972658720192,1.0,0.0
2021-12-02,cassandra,1.0,0.015316356438894507,1.7098914998738828,1.0,0.0
2021-12-03,cassandra,1.0,-0.008701289453998173,1.695013238998549,1.0,0.0
2021-12-06,cassandra,1.0,0.011843220618083405,1.715087654738581,1.0,0.0
2021-12-07,cassandra,1.0,0.020684785767459024,1.7505638754492623,1.0,0.0
2021-12-08,cassandra,1.0,0.002647987987555167,1.7551993475629,1.0,0.0
2021-12-09,cassandra,1.0,-0.006751419141819648,1.7433492610900545,1.0,0.0
2021-12-10,cassandra,1.0,0.009413372569996747,1.7597600572043237,1.0,0.0
2021-12-13,cassandra,1.0,-0.008858355350985003,1.7441714772851382,1.0,0.0
2021-12-14,cassandra,1.0,-0.006879966920530167,1.7321716352176841,1.0,0.0
2021-12-15,cassandra,1.0,0.015625104638459453,1.7592369982697318,1.0,0.0
2021-12-16,cassandra,1.0,-0.008818564364836412,1.7437230535674886,1.0,0.0
2021-12-17,cassandra,1.0,-0.010642826164874664,1.7251649122286854,1.0,0.0
2021-12-20,cassandra,1.0,-0.010633646539398911,1.7068201183298723,1.0,0.0
2021-12-21,cassandra,1.0,0.01775926321012955,1.737131986063637,1.0,0.0
2021-12-22,cassandra,1.0,0.009998557223861448,1.7545007996316944,1.0,0.0
2021-12-23,cassandra,1.0,0.00622211222126956,1.76541750049931,1.0,0.0
2021-12-27,cassandra,1.0,0.014152190406462095,1.7904020251132766,1.0,0.0
2021-12-28,cassandra,1.0,-0.0008172005324036391,1.7889389076251374,1.0,0.0
2021-12-29,cassandra,1.0,0.001279173894441099,1.7912272715745214,1.0,0.0
2021-12-30,cassandra,1.0,-0.0027645714962911683,1.7862752957161472,1.0,0.0
2021-12-31,cassandra,1.0,-0.00252011070668956,1.7817736842183178,1.0,0.0
2022-01-03,cassandra,1.0,0.005789993266425153,1.7920901418522355,1.0,0.0
2022-01-04,cassandra,1.0,-0.00033494253241361793,1.79148989464181,1.0,0.0
2022-01-05,cassandra,1.0,-0.019202164790246945,1.7570894104648358,1.0,0.0
2022-01-06,cassandra,1.0,-0.0009394059106672126,1.7554387902870743,1.0,0.0
2022-01-07,cassandra,1.0,-0.003953552933701587,1.7484985701078013,1.0,0.0
2022-01-10,cassandra,1.0,-0.00124441756648197,1.7463227077721906,1.0,0.0
2022-01-11,cassandra,1.0,0.009108385964317955,1.7622288890128326,1.0,0.0
2022-01-12,cassandra,1.0,0.0027035254149414545,1.7669931196012227,1.0,0.0
2022-01-13,cassandra,1.0,-0.013778508834274339,1.7426465892926952,1.0,0.0
2022-01-14,cassandra,1.0,0.00040879371047997104,1.7433589722579874,1.0,0.0
2022-01-18,cassandra,1.0,-0.017709423692852444,1.712485089569535,1.0,0.0
2022-01-19,cassandra,1.0,-0.010383625968048205,1.6947032849235855,1.0,0.0
2022-01-20,cassandra,1.0,-0.011068113663819545,1.6759461163396028,1.0,0.0
2022-01-21,cassandra,1.0,-0.019630698794802615,1.6430461229334208,1.0,0.0
2022-01-24,cassandra,1.0,0.00424696738585828,1.6500240862309798,1.0,0.0
2022-01-25,cassandra,1.0,-0.01220923483570413,1.6298785546776178,1.0,0.0
2022-01-26,cassandra,1.0,-0.0025086186248336473,1.6257898109791367,1.0,0.0
2022-01-27,cassandra,1.0,-0.004937962861860434,1.6177617212713307,1.0,0.0
2022-01-28,cassandra,1.0,0.024835445927284594,1.6579395550231957,1.0,0.0
2022-01-31,cassandra,1.0,0.018010918519493435,1.6878005692589637,1.0,0.0
2022-02-01,cassandra,1.0,0.006756986975822166,1.6992050157232317,1.0,0.0
2022-02-02,cassandra,1.0,0.009713993553545741,1.7157110822921198,1.0,0.0
2022-02-03,cassandra,1.0,-0.02350502734393156,1.6753832463885572,1.0,0.0
2022-02-04,cassandra,1.0,0.004702262333002194,1.683261337921393,1.0,0.0
2022-02-07,cassandra,1.0,-0.0032092356616105766,1.6778593556079253,1.0,0.0
2022-02-08,cassandra,1.0,0.008227933979097157,1.6916646716120778,1.0,0.0
2022-02-09,cassandra,1.0,0.0146360441413389,1.7164239504181358,1.0,0.0
2022-02-10,cassandra,1.0,-0.017965622492844946,1.685587325687246,1.0,0.0
2022-02-11,cassandra,1.0,-0.019718786647606623,1.6523495888361095,1.0,0.0
2022-02-14,cassandra,1.0,-0.003269345453155603,1.6469474872208247,1.0,0.0
2022-02-15,cassandra,1.0,0.016126814404645362,1.673507503681432,1.0,0.0
2022-02-16,cassandra,1.0,0.0011208451130328978,1.6753832463885572,1.0,0.0
2022-02-17,cassandra,1.0,-0.021361298713458376,1.6395948844029276,1.0,0.0
2022-02-18,cassandra,1.0,-0.006474974265308964,1.6289785497208864,1.0,0.0
2022-02-22,cassandra,0.40516182032649833,-0.010731756010875504,1.611496749378332,0.40516182032649833,1.4681496375797534
2022-02-23,cassandra,0.11427564511278729,-0.007484407923855524,1.5994356503380176,0.11427564511278729,7.750770988980409
2022-02-24,cassandra,0.09266537651231531,0.001574321468758993,1.601953676220243,0.09266537651231531,9.79151715168501
2022-02-25,cassandra,1.0,0.002033730302046375,1.6052116179540468,1.0,0.0
2022-02-28,cassandra,1.0,-0.003012144382468383,1.6003764887963536,1.0,0.0
2022-03-01,cassandra,1.0,-0.015230193566624362,1.5760024450925105,1.0,0.0
2022-03-02,cassandra,1.0,0.018396149666508377,1.6049948219472154,1.0,0.0
2022-03-03,cassandra,1.0,-0.004978271729381256,1.5970047215993124,1.0,0.0
2022-03-04,cassandra,1.0,-0.008124623784205531,1.584029659054718,1.0,0.0
2022-03-07,cassandra,1.0,-0.029479352843546525,1.5373334898208013,1.0,0.0
2022-03-08,cassandra,1.0,-0.007581606971097221,1.5256780315174747,1.0,0.0
2022-03-09,cassandra,1.0,0.026810655996851507,1.5665824603824432,1.0,0.0
2022-03-10,cassandra,1.0,-0.00451548360893772,1.5595085829605368,1.0,0.0
2022-03-11,cassandra,1.0,-0.012715048166331067,1.539679356212387,1.0,0.0
2022-03-14,cassandra,1.0,-0.007308367936537663,1.5284268129728953,1.0,0.0
2022-03-15,cassandra,1.0,0.021990553042423144,1.5620377638750376,1.0,0.0
2022-03-16,cassandra,1.0,0.022174219517286264,1.5966747321454937,1.0,0.0
2022-03-17,cassandra,1.0,0.012511015377877799,1.616650754272835,1.0,0.0
2022-03-18,cassandra,1.0,0.010952445360718155,1.634357033326372,1.0,0.0
2022-03-21,cassandra,1.0,-0.00029216129444975536,1.6338795374599222,1.0,0.0
2022-03-22,cassandra,1.0,0.01170128882416166,1.6529980338316284,1.0,0.0
2022-03-23,cassandra,1.0,-0.012878373121662401,1.6317101083825702,1.0,0.0
2022-03-24,cassandra,1.0,0.015074419605995537,1.6563071912316736,1.0,0.0
2022-03-25,cassandra,1.0,0.004883535409893502,1.6643958260497147,1.0,0.0
2022-03-28,cassandra,1.0,0.007112955128191878,1.6762345988759562,1.0,0.0
2022-03-29,cassandra,1.0,0.01237091511051669,1.6969711548039617,1.0,0.0
2022-03-30,cassandra,1.0,-0.006174680690242074,1.686492899782496,1.0,0.0
2022-03-31,cassandra,1.0,-0.015391255544445315,1.660535656588051,1.0,0.0
2022-04-01,cassandra,0.8437362104604824,0.002833929374457478,1.6652414973625898,0.8437362104604824,0.18520455517042947
2022-04-04,cassandra,0.8363492223294678,0.00714984149940072,1.677147710126957,0.8363492223294678,0.19567278034254498
2022-04-05,cassandra,0.8314278613588104,-0.010567955606486571,1.6594236875808146,0.8314278613588104,0.20275016808516688
2022-04-06,cassandra,0.8253725459455697,-0.008316138882429991,1.6456236897300984,0.8253725459455697,0.2115741005831158
2022-04-07,cassandra,0.8182529806579237,0.004155947576814095,1.65246281551578,0.8182529806579237,0.22211592702777677
2022-04-08,cassandra,0.8101503726129389,-0.0021914318121181078,1.6488415559335163,0.8101503726129389,0.23433875216862313
2022-04-11,cassandra,0.7807540185122265,-0.01385147751204653,1.6260026642005754,0.7807540185122265,0.28081313229172983
2022-04-12,cassandra,0.7695519286587991,-0.002907435101071655,1.6212751669802428,0.7695519286587991,0.2994574670780615
2022-04-13,cassandra,0.7577902617999438,0.008808503261666326,1.6355561745766467,0.7577902617999438,0.3196263536360927
2022-04-14,cassandra,0.7455571971917865,-0.009441752552249738,1.6201136578909898,0.7455571971917865,0.3412787157934991
2022-04-18,cassandra,0.6934564592951039,0.0003004035081367283,1.6206003457174003,0.6934564592951039,0.44205160482101
2022-04-19,cassandra,0.6799977826531498,0.011168179528820132,1.6386995013228403,0.6799977826531498,0.47059303061003593
2022-04-20,cassandra,0.6664874940691317,-0.0005110273802735597,1.6378620810096236,0.6664874940691317,0.5004032467205973
2022-04-21,cassandra,0.6529836295209044,-0.00997302952427893,1.6215276341190177,0.6529836295209044,0.5314319606047432
2022-04-22,cassandra,0.6395300828117327,-0.017924117909215966,1.5924631816120163,0.6395300828117327,0.5636481017490833
2022-04-25,cassandra,0.599889082421899,0.0037010206704129298,1.5983569207640338,0.599889082421899,0.6669748280177986
2022-04-26,cassandra,0.5870258182734993,-0.017393141530677458,1.570556472624647,0.5870258182734993,0.7035025868897867
2022-04-27,cassandra,0.5743829284375189,0.0016441933297090003,1.573138771100868,0.5743829284375189,0.7409988188894778
2022-04-28,cassandra,0.5619822345058292,0.014502259627924608,1.5959528379901269,0.5619822345058292,0.7794156800692023
2022-04-29,cassandra,0.5498394365394732,-0.020774601242808763,1.562797554178553,0.5498394365394732,0.81871276148125
2022-05-02,cassandra,0.5150924659287617,0.003303701157131201,1.5679605702666546,0.5150924659287617,0.9413990033748657
2022-05-03,cassandra,0.5041007139080373,0.002343830244114882,1.571635603672825,0.5041007139080373,0.9837305768672826
2022-05-04,cassandra,0.4934141758665868,0.015345737273948648,1.5957535107371719,0.4934141758665868,1.0266949125320384
2022-05-05,cassandra,0.4830342165863625,-0.01754266171901307,1.5677597467113822,0.4830342165863625,1.070246714750503
2022-05-06,cassandra,0.4729637084877965,-0.002888364472234229,1.563231485157982,0.4729637084877965,1.1143271292363905
2022-05-09,cassandra,0.4445963047115228,-0.015148071528022415,1.539551542805952,0.4445963047115228,1.249231469993553
2022-05-10,cassandra,0.4357487410069482,0.001013163392717508,1.5411113600703248,0.4357487410069482,1.2949004917126188
2022-05-11,cassandra,0.42719836291445196,-0.006926770288926839,1.530436435689462,0.42719836291445196,1.3408329404114634
2022-05-12,cassandra,0.4189421509811524,-0.00045030406723690496,1.5297472739378235,0.4189421509811524,1.3869643998772248
2022-05-13,cassandra,0.4109742364317085,0.010011929110295055,1.5450629952011563,0.4109742364317085,1.4332425523373888
2022-05-16,cassandra,0.38875222409229937,-0.0016715915525267332,1.5424802809502565,0.38875222409229937,1.5723325502121768
2022-05-17,cassandra,0.38188619170817634,0.00798564480380234,1.5547979805907943,0.38188619170817634,1.6185811943788841
2022-05-18,cassandra,0.3752815964977237,-0.015397864946787066,1.53085741126612,0.3752815964977237,1.6646657052527902
2022-05-19,cassandra,0.3689324035979134,-0.002301704294442406,1.5273338301884296,0.3689324035979134,1.710523635895819
2022-05-20,cassandra,0.36283324091064306,0.00015788655925079478,1.5275749756717054,0.36283324091064306,1.7560870594165752
2022-05-23,cassandra,0.34597648510103524,0.006785591438746358,1.5379404753486667,0.34597648510103524,1.8903698461124339
2022-05-24,cassandra,0.3408199307049824,-0.0026496006714199793,1.533865547232579,0.3408199307049824,1.9341007080528145
2022-05-25,cassandra,0.3358865704154109,0.00300860382753735,1.5384803409889107,0.3358865704154109,1.9771955418260412
2022-05-26,cassandra,0.3311708618930936,0.00670902235379636,1.5488020399874818,0.3311708618930936,2.0195893270429495
2022-05-27,cassandra,0.32666904837530836,0.008127548655509454,1.5613900039252324,0.32666904837530836,2.061202170739804
2022-05-31,cassandra,0.3107114154376197,-0.0018351599372589192,1.5585246035435922,0.3107114154376197,2.218420535311056
2022-06-01,cassandra,0.3072167863703153,-0.0025212027605351645,1.5545952470107762,0.3072167863703153,2.2550304682720443
2022-06-02,cassandra,0.3039132603356301,0.005848751992238591,1.5636876890588551,0.3039132603356301,2.2904125305215
2022-06-03,cassandra,0.30079945704433725,-0.004989342283732491,1.5558859159532819,0.30079945704433725,2.3244740859110062
2022-06-06,cassandra,0.29257154758315845,0.0009143237171820857,1.5573084993474675,0.29257154758315845,2.417967359644796
2022-06-07,cassandra,0.290195426447414,0.0028022503415720697,1.561672467621697,0.290195426447414,2.445953687975193
2022-06-08,cassandra,0.28800102142440026,-0.0031562031566817104,1.5567435120496864,0.28800102142440026,2.472209907639158
2022-06-09,cassandra,0.2859887694596578,-0.006850608632953119,1.546078871506745,0.2859887694596578,2.4966408012782555
2022-06-10,cassandra,0.284157960495197,-0.008293420966650533,1.5332565885776956,0.284157960495197,2.5191694023187594
2022-06-13,cassandra,0.2797674511422949,-0.010789832618130012,1.5167130066262973,0.2797674511422949,2.574397221395785
2022-06-14,cassandra,0.2786768417233122,-0.0008452889853157497,1.515430945827911,0.2786768417233122,2.5883857223875912
2022-06-15,cassandra,0.2785809597822307,0.003972378814796319,1.5214508116124044,0.2785809597822307,2.589620772294378
2022-06-16,cassandra,0.27918674098694773,-0.009219959302537998,1.5074230970485245,0.27918674098694773,2.5818319898177076
2022-06-17,cassandra,0.2809649467338878,0.0006015175663833576,1.5083298385213713,0.2809649467338878,2.5591628479802386
2022-06-21,cassandra,0.2993100444196133,0.00707203309094085,1.5189967970514477,0.2993100444196133,2.3410171781541176
2022-06-22,cassandra,0.30675578627297306,-0.0005517641210198304,1.5181586691188906,0.30675578627297306,2.2599222076617296
2022-06-23,cassandra,0.3154254399613942,0.003003177601104668,1.5227179692289112,0.3154254399613942,2.1703213289403442
2022-06-24,cassandra,0.3253841729743713,0.010024293625073274,1.537982141260637,0.3253841729743713,2.073290230618453
2022-06-27,cassandra,0.3638754333823762,-0.0012477857317695906,1.5360630690890553,0.3638754333823762,1.748193222896574
2022-06-28,cassandra,0.3799336130417079,-0.007454344287056309,1.5246127261254332,0.3799336130417079,1.6320387711792774
2022-06-29,cassandra,0.39781158083267626,-0.0003173868700298696,1.5241288340642805,0.39781158083267626,1.5137528623647851
2022-06-30,cassandra,0.4176392117738648,-0.0032409146897475366,1.5191892625368937,0.4176392117738648,1.3944111850815881
2022-07-01,cassandra,0.4395470101340818,0.004407215840794303,1.525884657519911,0.4395470101340818,1.275069507798391
2022-07-05,cassandra,0.5497714440952851,0.0008192444153926067,1.5271347300041176,0.5497714440952851,0.8189376889984167
2022-07-06,cassandra,0.5829095106696078,0.0018016641935283872,1.5298861139658595,0.5829095106696078,0.7155321395447235
2022-07-07,cassandra,0.617855642060302,0.00871357549014702,1.5432168921112288,0.617855642060302,0.6185010412228318
2022-07-08,cassandra,0.6540649445441171,-0.0005255296417743623,1.5424058858907375,0.6540649445441171,0.5289001625014463
2022-07-11,cassandra,0.7602504282507172,-0.007489916517764135,1.5308533945689078,0.7602504282507172,0.3153560495860946
2022-07-12,cassandra,0.7898062333184741,-0.006780518839857713,1.520473414285973,0.7898062333184741,0.2661333347527145
2022-07-13,cassandra,0.813233242178097,-0.004162532973820045,1.5141443935631909,0.813233242178097,0.22965952218293753
2022-07-14,cassandra,0.8285070173581476,-0.001986596984716975,1.511136398876512,0.8285070173581476,0.2069903803454683
2022-07-15,cassandra,0.8338881483957192,0.015821036665461575,1.535044143249651,0.8338881483957192,0.1992015978687983
2022-07-18,cassandra,1.0,-0.006888148698733273,1.524470530931828,1.0,0.0
2022-07-19,cassandra,1.0,0.026936047210032302,1.565533741123311,1.0,0.0
2022-07-20,cassandra,1.0,0.00637319623016297,1.575511194860431,1.0,0.0
2022-07-21,cassandra,1.0,0.010183178874689114,1.59155490717677,1.0,0.0
2022-07-22,cassandra,1.0,-0.009278040628803885,1.5767883960850118,1.0,0.0
2022-07-25,cassandra,1.0,0.0012150024959767247,1.578704197921882,1.0,0.0
2022-07-26,cassandra,1.0,-0.011830950910888594,1.5600266260534545,1.0,0.0
2022-07-27,cassandra,1.0,0.02596641216734974,1.6005349204175985,1.0,0.0
2022-07-28,cassandra,1.0,0.01254235250944502,1.6206093935931525,1.0,0.0
2022-07-29,cassandra,1.0,0.014578581385860545,1.6442355795323405,1.0,0.0
2022-08-01,cassandra,1.0,-0.002961194164764147,1.6393666787287318,1.0,0.0
2022-08-02,cassandra,1.0,-0.006597342522590255,1.6285512152290371,1.0,0.0
2022-08-03,cassandra,1.0,0.015659557567266003,1.6540536067351572,1.0,0.0
2022-08-04,cassandra,1.0,-0.0006756241282040998,1.652936088209104,1.0,0.0
2022-08-05,cassandra,1.0,-0.0016901273148809404,1.6501424157766693,1.0,0.0
2022-08-08,cassandra,1.0,-0.0011611470517788325,1.6482263577755751,1.0,0.0
2022-08-09,cassandra,1.0,-0.003970733954758776,1.6416816894116273,1.0,0.0
2022-08-10,cassandra,1.0,0.021003770886192097,1.6761631954840859,1.0,0.0
2022-08-11,cassandra,1.0,0.0,1.6761631954840859,1.0,0.0
2022-08-12,cassandra,1.0,0.016929156568386228,1.7045392246546025,1.0,0.0
2022-08-15,cassandra,1.0,0.004120743203056998,1.711563193078942,1.0,0.0
2022-08-16,cassandra,1.0,0.001958697060514103,1.7149156268741097,1.0,0.0
2022-08-17,cassandra,1.0,-0.0070980216067149104,1.7027431187008641,1.0,0.0
2022-08-18,cassandra,1.0,0.0029065607987797115,1.707692245100072,1.0,0.0
2022-08-19,cassandra,1.0,-0.013438159649442394,1.6847440040783026,1.0,0.0
2022-08-22,cassandra,1.0,-0.02082245500234825,1.6496634978629061,1.0,0.0
2022-08-23,cassandra,1.0,-0.0024192232117700163,1.6456725936372665,1.0,0.0
2022-08-24,cassandra,1.0,0.003200952075488317,1.650940312741444,1.0,0.0
2022-08-25,cassandra,1.0,0.014117689702359382,1.6742477757938439,1.0,0.0
2022-08-26,cassandra,1.0,-0.03384897826986166,1.6175761992126338,1.0,0.0
2022-08-29,cassandra,1.0,-0.006612377077501619,1.606880175431848,1.0,0.0
2022-08-30,cassandra,1.0,-0.010977649036453818,1.5892404088223218,1.0,0.0
2022-08-31,cassandra,1.0,-0.007609084602395844,1.5771477440980466,1.0,0.0
2022-09-01,cassandra,1.0,0.003137781017091168,1.5820964883506257,1.0,0.0
2022-09-02,cassandra,1.0,-0.01054443723937104,1.565414171222583,1.0,0.0
2022-09-06,cassandra,1.0,-0.003773171336553527,1.5595075953418913,1.0,0.0
2022-09-07,cassandra,1.0,0.017964914616335648,1.5875240161357353,1.0,0.0
2022-09-08,cassandra,1.0,0.006536540198751828,1.5979009306836904,1.0,0.0
2022-09-09,cassandra,1.0,0.01553509822639021,1.6227244785979018,1.0,0.0
2022-09-12,cassandra,1.0,0.010747735585115992,1.6401650922213673,1.0,0.0
2022-09-13,cassandra,1.0,-0.043482523869380896,1.5688465744491265,1.0,0.0
2022-09-14,cassandra,1.0,0.003815809287637917,1.5748329937787884,1.0,0.0
2022-09-15,cassandra,1.0,-0.011353298408071644,1.556953444857541,1.0,0.0
2022-09-16,cassandra,1.0,-0.00762891990223169,1.5450755717352191,1.0,0.0
2022-09-19,cassandra,1.0,0.007755002402463518,1.5570576365060134,1.0,0.0
2022-09-20,cassandra,1.0,-0.011478624704418516,1.539184756253412,1.0,0.0
2022-09-21,cassandra,1.0,-0.01744376761971478,1.5123355750415202,1.0,0.0
2022-09-22,cassandra,1.0,-0.008399806794313958,1.4996322484030038,1.0,0.0
2022-09-23,cassandra,1.0,-0.016754943930186283,1.4745059941651122,1.0,0.0
2022-09-26,cassandra,1.0,-0.00989260746368692,1.4599192851619833,1.0,0.0
2022-09-27,cassandra,1.0,-0.0025527258611443004,1.4561925114475671,1.0,0.0
2022-09-28,cassandra,1.0,0.019676375012553704,1.4848451013932817,1.0,0.0
2022-09-29,cassandra,1.0,-0.020889091724908604,1.4538280358729962,1.0,0.0
2022-09-30,cassandra,1.0,-0.01546339354202153,1.4313469208118679,1.0,0.0
2022-10-03,cassandra,1.0,0.026401066982800536,1.4691360067438473,1.0,0.0
2022-10-04,cassandra,1.0,0.03098661302891359,1.5146595556716622,1.0,0.0
2022-10-05,cassandra,1.0,-0.002328223445616562,1.5111330897820203,1.0,0.0
2022-10-06,cassandra,1.0,-0.010315688548034108,1.4955447114732006,1.0,0.0
2022-10-07,cassandra,1.0,-0.027893967515762785,1.4538280358729962,1.0,0.0
2022-10-10,cassandra,1.0,-0.007635171048825273,1.4427278101435281,1.0,0.0
2022-10-11,cassandra,1.0,-0.006333235023873729,1.4335906758464105,1.0,0.0
2022-10-12,cassandra,1.0,-0.0032983186207611315,1.4288622370257167,1.0,0.0
2022-10-13,cassandra,1.0,0.02639109447114385,1.4665714753093122,1.0,0.0
2022-10-14,cassandra,1.0,-0.022788709796075945,1.4331502035632853,1.0,0.0
2022-10-17,cassandra,1.0,0.025697087086019366,1.4699779891515974,1.0,0.0
2022-10-18,cassandra,1.0,0.011749372163996519,1.4872493076190227,1.0,0.0
2022-10-19,cassandra,1.0,-0.007086427821572316,1.476710022747897,1.0,0.0
2022-10-20,cassandra,1.0,-0.008385145536217942,1.4643275942923644,1.0,0.0
2022-10-21,cassandra,1.0,0.02430147028036722,1.4999129078057818,1.0,0.0
2022-10-24,cassandra,1.0,0.012236354016297746,1.5182663731393078,1.0,0.0
2022-10-25,cassandra,1.0,0.01596882059336413,1.542511296464907,1.0,0.0
2022-10-26,cassandra,1.0,-0.007534267092563773,1.5308896043640436,1.0,0.0
2022-10-27,cassandra,1.0,-0.005340075102394204,1.522714538903265,1.0,0.0
2022-10-28,cassandra,1.0,0.02379072035001273,1.5589410146712113,1.0,0.0
2022-10-31,cassandra,1.0,-0.007223366886300431,1.5476802117681396,1.0,0.0
2022-11-01,cassandra,1.0,-0.004375838307819846,1.5409078134092298,1.0,0.0
2022-11-02,cassandra,1.0,-0.025096196305051666,1.5022368884359238,1.0,0.0
2022-11-03,cassandra,1.0,-0.010296839332933683,1.486768596555693,1.0,0.0
2022-11-04,cassandra,1.0,0.014393107447528974,1.5081678167155308,1.0,0.0
2022-11-07,cassandra,1.0,0.009565589330484237,1.5225943306916845,1.0,0.0
2022-11-08,cassandra,1.0,0.00539559623688568,1.530809634932668,1.0,0.0
2022-11-09,cassandra,1.0,-0.02060218255983237,1.499271615369435,1.0,0.0
2022-11-10,cassandra,1.0,0.05495406190758523,1.5816626805367322,1.0,0.0
2022-11-11,cassandra,1.0,0.009678483940748883,1.5969707773899888,1.0,0.0
2022-11-14,cassandra,1.0,-0.008506676457308182,1.5833858636749563,1.0,0.0
2022-11-15,cassandra,1.0,0.00852899374009164,1.5968905517943897,1.0,0.0
2022-11-16,cassandra,1.0,-0.007628729845933768,1.584708305181226,1.0,0.0
2022-11-17,cassandra,1.0,-0.003059810679389874,1.5798593977853148,1.0,0.0
2022-11-18,cassandra,1.0,0.004540530862782388,1.5870327981398158,1.0,0.0
2022-11-21,cassandra,1.0,-0.003636177689204767,1.5812620648871836,1.0,0.0
2022-11-22,cassandra,1.0,0.013457059650755054,1.6025412028178465,1.0,0.0
2022-11-23,cassandra,1.0,0.0063015106404846755,1.6126396332592183,1.0,0.0
2022-11-25,cassandra,1.0,-0.00022362902791805972,1.6122790002256504,1.0,0.0
2022-11-28,cassandra,1.0,-0.015957023262847758,1.5865518267128487,1.0,0.0
2022-11-29,cassandra,1.0,-0.0017176297441129362,1.5838267181047099,1.0,0.0
2022-11-30,cassandra,1.0,0.03150068041388665,1.6337183373827013,1.0,0.0
2022-12-01,cassandra,1.0,-0.0007359648536605645,1.632515978105607,1.0,0.0
2022-12-02,cassandra,1.0,-0.0011536685642719036,1.6306325957409948,1.0,0.0
2022-12-05,cassandra,1.0,-0.01798925464550316,1.6012987307429523,1.0,0.0
2022-12-06,cassandra,1.0,-0.014414812326349224,1.5782163100608715,1.0,0.0
2022-12-07,cassandra,1.0,-0.0017012850476975094,1.5755313142505325,1.0,0.0
2022-12-08,cassandra,1.0,0.007833990789471112,1.5878740120548944,1.0,0.0
2022-12-09,cassandra,1.0,-0.007470032334505716,1.576012541841723,1.0,0.0
2022-12-12,cassandra,1.0,0.014417263216674803,1.5987343294902359,1.0,0.0
2022-12-13,cassandra,1.0,0.007569832570769819,1.610836480689619,1.0,0.0
2022-12-14,cassandra,1.0,-0.006393649967363135,1.6005373560774303,1.0,0.0
2022-12-15,cassandra,1.0,-0.024461638505212213,1.5613855898589761,1.0,0.0
2022-12-16,cassandra,1.0,-0.011806229924814837,1.5429515125838085,1.0,0.0
2022-12-19,cassandra,1.0,-0.008479570891913313,1.5298679458500692,1.0,0.0
2022-12-20,cassandra,1.0,0.001368454458692936,1.5319615004617793,1.0,0.0
2022-12-21,cassandra,1.0,0.014952376576902848,1.554867965718001,1.0,0.0
2022-12-22,cassandra,1.0,-0.014266243634492137,1.5326858404996007,1.0,0.0
2022-12-23,cassandra,1.0,0.00575231260443454,1.541502328578545,1.0,0.0
2022-12-27,cassandra,1.0,-0.003943522558565449,1.5354233793717142,1.0,0.0
2022-12-28,cassandra,1.0,-0.01242769797105181,1.516341601355191,1.0,0.0
2022-12-29,cassandra,1.0,0.018000162106262874,1.5436359959880546,1.0,0.0
2022-12-30,cassandra,1.0,-0.0026341265231801803,1.5395698634688868,1.0,0.0
2023-01-03,cassandra,1.0,-0.004209765323364145,1.533088635644759,1.0,0.0
2023-01-04,cassandra,1.0,0.007720256166506179,1.5449244726378961,1.0,0.0
2023-01-05,cassandra,1.0,-0.011413484782442085,1.5272915006794212,1.0,0.0
2023-01-06,cassandra,1.0,0.02293200761678249,1.562315361006049,1.0,0.0
2023-01-09,cassandra,1.0,-0.0005669058412933747,1.5614296753019523,1.0,0.0
2023-01-10,cassandra,1.0,0.007012903406191429,1.5723798307904058,1.0,0.0
2023-01-11,cassandra,1.0,0.012647778706636581,1.5922669429330214,1.0,0.0
2023-01-12,cassandra,1.0,0.0036408850748759214,1.5980642038807646,1.0,0.0
2023-01-13,cassandra,1.0,0.0038794084426636566,1.6042637476452182,1.0,0.0
2023-01-17,cassandra,1.0,-0.0018317557778677607,1.6013251282562453,1.0,0.0
2023-01-18,cassandra,1.0,-0.015788149230731463,1.5760431681644156,1.0,0.0
2023-01-19,cassandra,1.0,-0.007279641126033076,1.5645701395010425,1.0,0.0
2023-01-20,cassandra,1.0,0.018628834133544547,1.593716257120104,1.0,0.0
2023-01-23,cassandra,1.0,0.011998624634303123,1.6128386602628746,1.0,0.0
2023-01-24,cassandra,1.0,-0.001073105651909545,1.6111079139809283,1.0,0.0
2023-01-25,cassandra,1.0,0.0003744995160910314,1.6117112731150847,1.0,0.0
2023-01-26,cassandra,1.0,0.010990622314309029,1.6294249829976066,1.0,0.0
2023-01-27,cassandra,1.0,0.002297554775759325,1.6331686761490343,1.0,0.0
2023-01-30,cassandra,1.0,-0.01254676244105013,1.612677696743228,1.0,0.0
2023-01-31,cassandra,1.0,0.014703366352354585,1.6363894877267149,1.0,0.0
2023-02-01,cassandra,1.0,0.010627833315133062,1.6537807624409104,1.0,0.0
2023-02-02,cassandra,1.0,0.014556769183021734,1.6778544672790845,1.0,0.0
2023-02-03,cassandra,1.0,-0.010629004267835307,1.6600205449855685,1.0,0.0
2023-02-06,cassandra,1.0,-0.006111262534072792,1.6498757236232071,1.0,0.0
2023-02-07,cassandra,1.0,0.013078559362147857,1.67145372121478,1.0,0.0
2023-02-08,cassandra,1.0,-0.010934613278656413,1.653177021160125,1.0,0.0
2023-02-09,cassandra,1.0,-0.008669483525339916,1.6388448302107068,1.0,0.0
2023-02-10,cassandra,1.0,0.0023339239530182354,1.6426697694152157,1.0,0.0
2023-02-13,cassandra,1.0,0.011738884380308345,1.6619528799134087,1.0,0.0
2023-02-14,cassandra,1.0,-0.0004600484329413401,1.661188301095382,1.0,0.0
2023-02-15,cassandra,0.7780665128703195,0.0032473561235903947,1.6665827710973808,0.7780665128703195,0.285237166050186
2023-02-16,cassandra,0.7665154730619447,-0.010824003978341431,1.6485436725527876,0.7665154730619447,0.3046051060200667
2023-02-17,cassandra,0.7364563168472973,-0.0019208551527735943,1.6453770589447922,0.7364563168472973,0.35785378864140815
2023-02-21,cassandra,0.5412740650385206,-0.014789013806491827,1.621043554903173,0.5412740650385206,0.8474929145715366
2023-02-22,cassandra,0.494326802717946,-0.0008435343849024665,1.6196761489251876,0.494326802717946,1.0229532254810432
2023-02-23,cassandra,0.4518892017476728,0.002606116867007877,1.623897214255992,0.4518892017476728,1.2129318340259498
2023-02-24,cassandra,0.41425381812404316,-0.004848452269545138,1.6160238261220246,0.41425381812404316,1.4139789574626502
2023-02-27,cassandra,0.32811447232005136,0.0013920748522434346,1.6182734522509952,0.32811447232005136,2.0477168316567704
2023-02-28,cassandra,0.3070416691471638,-0.0012558234757199123,1.616241186459524,0.3070416691471638,2.256886932570394
2023-03-01,cassandra,0.2891276263788414,-0.0011883151058947655,1.6143205826428848,0.2891276263788414,2.4586802116574944
2023-03-02,cassandra,0.27403236909705936,0.0022396730048748394,1.617936132873044,0.27403236909705936,2.6492039363634836
2023-03-03,cassandra,0.26147551199375835,0.0043873596995548875,1.625034600658865,0.26147551199375835,2.8244499164566923
2023-03-06,cassandra,0.23710562747607358,0.00017486495741371157,1.625318762265105,0.23710562747607358,3.2175295906922767
2023-03-07,cassandra,0.23308663716279004,-0.0036467370756927565,1.6193916520749339,0.23308663716279004,3.290250235587679
2023-03-08,cassandra,0.23113010800013414,0.00037841211626373904,1.6200044494970554,0.23113010800013414,3.326567441397205
2023-03-09,cassandra,0.23210598127766616,-0.0042652978582511875,1.6130946479882582,0.23210598127766616,3.308376692816501
2023-03-10,cassandra,0.237538347702529,-0.0033496300280029838,1.6076913777173458,0.237538347702529,3.2098465770769247
2023-03-13,cassandra,0.2759976649246776,-0.0003412930648386691,1.60714268379973,0.2759976649246776,2.6232190597442537
2023-03-14,cassandra,0.2975321318572151,0.004543045027800984,1.614444005378333,0.2975321318572151,2.3609815308280635
2023-03-15,cassandra,0.3246176509015041,-0.0018716066034153468,1.6114224013170226,0.3246176509015041,2.080547213692398
2023-03-16,cassandra,0.3582916344884923,0.00568192908029359,1.6205783891197025,0.3582916344884923,1.7910224625468283
2023-03-17,cassandra,0.39976050965076926,-0.0042063169981050585,1.6137617226947867,0.39976050965076926,1.5014977114012582
2023-03-20,cassandra,0.5800909541044394,0.00382330808740297,1.6199316309403071,0.5800909541044394,0.7238675985627596
2023-03-21,cassandra,0.6556109041308193,0.007526677520807433,1.6321243339321503,0.6556109041308193,0.5252949481152344
2023-03-22,cassandra,0.7287576183467369,-0.011213530189098342,1.6138224584412402,0.7287576183467369,0.3721983480167315
2023-03-23,cassandra,0.7851338163723597,0.001933446712564113,1.6169426981681754,0.7851338163723597,0.27366823227715537
2023-03-24,cassandra,0.8072308543255983,0.005123912418343815,1.6252277709390694,0.8072308543255983,0.23880299500624375
2023-03-27,cassandra,1.0,0.001498282447291514,1.6276628211811182,1.0,0.0
2023-03-28,cassandra,1.0,-0.002341065338637179,1.6238523561674625,1.0,0.0
2023-03-29,cassandra,1.0,0.014534657325577571,1.6474544937116884,1.0,0.0
2023-03-30,cassandra,1.0,0.005855542884786402,1.6571012341503513,1.0,0.0
2023-03-31,cassandra,1.0,0.0140946343381394,1.6804574701069799,1.0,0.0
2023-04-03,cassandra,1.0,0.0038104499066662356,1.6868607691171056,1.0,0.0
2023-04-04,cassandra,1.0,-0.005548128965125132,1.6775018480238337,1.0,0.0
2023-04-05,cassandra,1.0,-0.002618162112968503,1.6731098762409031,1.0,0.0
2023-04-06,cassandra,1.0,0.0039007900069205625,1.6796363265266236,1.0,0.0
2023-04-10,cassandra,1.0,0.0010263558560867914,1.6813602311064504,1.0,0.0
2023-04-11,cassandra,1.0,0.00026857693837545327,1.6818118056896272,1.0,0.0
2023-04-12,cassandra,1.0,-0.004075888774048186,1.6749569278307552,1.0,0.0
2023-04-13,cassandra,1.0,0.013282687786781766,1.6972048577594383,1.0,0.0
2023-04-14,cassandra,1.0,-0.002442806010879872,1.693058915531209,1.0,0.0
2023-04-17,cassandra,1.0,0.003588411354619181,1.6991343073677405,1.0,0.0
2023-04-18,cassandra,1.0,0.000652126255665797,1.7002423574614776,1.0,0.0
2023-04-19,cassandra,1.0,-0.00016897529024206825,1.6999550585156435,1.0,0.0
2023-04-20,cassandra,1.0,-0.005456997816181031,1.6906784074737178,1.0,0.0
2023-04-21,cassandra,1.0,0.0007769633280969579,1.6919920025959303,1.0,0.0
2023-04-24,cassandra,0.41363029262302253,0.001043173806718034,1.6937570443342147,0.41363029262302253,1.4176179013837062
2023-04-25,cassandra,0.4280029785692686,-0.0068591228897377805,1.6821393566217673,0.4280029785692686,1.3364323382580352
2023-04-26,cassandra,0.45782117434833874,-0.0018200610200603683,1.6790777603484706,0.45782117434833874,1.1842589553080347
2023-04-27,cassandra,0.4936925343829373,0.009099420298307093,1.6943563946034212,0.4936925343829373,1.0255522017360312
2023-04-28,cassandra,0.44255015535712333,0.004195765791054786,1.7014655172017532,0.44255015535712333,1.259630886793008
2023-05-01,cassandra,0.4576351818265643,-0.00047242590654811626,1.7006617008123288,0.4576351818265643,1.1851466838906248
2023-05-02,cassandra,0.35248122453760555,-0.005150982731540992,1.6919016217592513,0.35248122453760555,1.8370305434334189
2023-05-03,cassandra,0.2745104148494855,-0.0024720141587691305,1.6877192169950181,0.2745104148494855,2.64284903561237
2023-05-04,cassandra,0.3248379210026952,-0.001983298320657073,1.6843719663062113,0.3248379210026952,2.0784583182691376
2023-05-05,cassandra,0.28043906679874553,0.00598844037079615,1.6944587273886766,0.28043906679874553,2.5658369977305644
2023-05-08,cassandra,0.297522857715314,5.252568470574954e-05,1.6945477299935383,0.297522857715314,2.361086296626171
2023-05-09,cassandra,0.29457801383096094,-0.0013133123888090588,1.6923222594663094,0.29457801383096094,2.39468647709002
2023-05-10,cassandra,0.31673932288288326,0.0013749374036059745,1.6946490966398047,0.31673932288288326,2.157170353520512
2023-05-11,cassandra,0.3137120772322857,-0.0005634992941368552,1.6936941630700384,0.3137120772322857,2.1876362836345558
2023-05-12,cassandra,0.3120383132594451,-0.0004124933628834834,1.6929955254690174,0.3120383132594451,2.204734667209111
2023-05-15,cassandra,0.29962874340503126,0.0010756427595619547,1.694816583847959,0.29962874340503126,2.3374635178048417
2023-05-16,cassandra,0.30271623093199573,-0.002008526732522286,1.6914124994325783,0.30271623093199573,2.303423793700203
2023-05-17,cassandra,0.25102542482186097,0.0036731446774156845,1.6976253022521834,0.25102542482186097,2.983660223699035
2023-05-18,cassandra,0.24904533660601164,0.0023923485778794096,1.7016866137297986,0.24904533660601164,3.0153331663543437
2023-05-19,cassandra,0.2588685664326769,-0.0003633812041996445,1.701068252798931,0.2588685664326769,2.8629641820961163
2023-05-22,cassandra,0.23867551248725097,0.00010024155685293394,1.7012387705289047,0.23867551248725097,3.189788845864176
2023-05-23,cassandra,0.23776597973430622,-0.0026886809861532937,1.6966646821936768,0.23776597973430622,3.2058161605687205
2023-05-24,cassandra,0.22181008942288605,-0.0017231036525319756,1.693741153082667,0.22181008942288605,3.508361195840271
2023-05-25,cassandra,0.21107815445164035,0.0019129122152999308,1.6969811312239549,0.21107815445164035,3.7375816914729927
2023-05-26,cassandra,0.37900025499641987,0.0027282340790703605,1.7016108929776996,0.37900025499641987,1.6385206522075988
2023-05-30,cassandra,0.7990212343748944,6.04056682283411e-05,1.7017136799207544,0.7990212343748944,0.25153119464007656
2023-05-31,cassandra,0.9409978303301363,-0.004640684501275657,1.6938165636207374,0.9409978303301363,0.06270170638880607
2023-06-01,cassandra,0.9537788399101141,0.008869277399861673,1.7088394925879704,0.9537788399101141,0.048461087786600396
2023-06-02,cassandra,1.0,0.01378653634473085,1.732398470359846,1.0,0.0
2023-06-05,cassandra,1.0,-0.0019395121020643826,1.7290384625609854,1.0,0.0
2023-06-06,cassandra,1.0,0.0021773628723409377,1.7328032067142152,1.0,0.0
2023-06-07,cassandra,1.0,-0.0034575083454612132,1.7268120251659589,1.0,0.0
2023-06-08,cassandra,1.0,0.0060485472931077755,1.7372567293664825,1.0,0.0
2023-06-09,cassandra,1.0,0.001794232106647975,1.740373771167802,1.0,0.0
2023-06-12,cassandra,1.0,0.009071947133884928,1.7561623500130363,1.0,0.0
2023-06-13,cassandra,1.0,0.006592978761295054,1.7677406910880582,1.0,0.0
2023-06-14,cassandra,1.0,0.0011908503825370786,1.7698458057662667,1.0,0.0
2023-06-15,cassandra,1.0,0.012397566254175318,1.7917875864029282,1.0,0.0
2023-06-16,cassandra,1.0,-0.003406314549458278,1.7856841942778252,1.0,0.0
2023-06-20,cassandra,1.0,-0.005188118562762023,1.7764198529622617,1.0,0.0
2023-06-21,cassandra,1.0,-0.005123607125814611,1.7673181755451857,1.0,0.0
2023-06-22,cassandra,1.0,0.0036095870934844676,1.773697464421714,1.0,0.0
2023-06-23,cassandra,1.0,-0.007560043022603047,1.760288235281604,1.0,0.0
2023-06-26,cassandra,1.0,-0.004085746172940996,1.7530961443610291,1.0,0.0
2023-06-27,cassandra,1.0,0.010963331923127928,1.7723159192848148,1.0,0.0
2023-06-28,cassandra,1.0,0.0005045359504041169,1.7732101163815674,1.0,0.0
2023-06-29,cassandra,1.0,0.003941360273658878,1.780198976291124,1.0,0.0
2023-06-30,cassandra,1.0,0.01180059057151972,1.801206375546174,1.0,0.0
2023-07-03,cassandra,1.0,0.001150549226367703,1.8032787521480873,1.0,0.0
2023-07-05,cassandra,1.0,-0.0014872618178117802,1.8005968045131462,1.0,0.0
2023-07-06,cassandra,1.0,-0.007830700555981562,1.7864968701149464,1.0,0.0
2023-07-07,cassandra,1.0,-0.0025245008526216806,1.7819868572431352,1.0,0.0
2023-07-10,cassandra,1.0,0.0025308900868037387,1.7864968701149464,1.0,0.0
2023-07-11,cassandra,1.0,0.006368705288492871,1.7978745421795235,1.0,0.0
2023-07-12,cassandra,1.0,0.008045932324243221,1.8123401190733797,1.0,0.0
2023-07-13,cassandra,1.0,0.007936798111386922,1.826724296707632,1.0,0.0
2023-07-14,cassandra,1.0,-0.0006227608592497269,1.825586684315002,1.0,0.0
2023-07-17,cassandra,1.0,0.003472225134738549,1.8319255322859245,1.0,0.0
2023-07-18,cassandra,1.0,0.007430404058318407,1.845537479195559,1.0,0.0
2023-07-19,cassandra,1.0,0.002223845543349423,1.8496416694937523,1.0,0.0
2023-07-20,cassandra,1.0,-0.006634520910753783,1.8373701831600944,1.0,0.0
2023-07-21,cassandra,1.0,0.0,1.8373701831600944,1.0,0.0
2023-07-24,cassandra,1.0,0.0044673218553719085,1.8455783071357341,1.0,0.0
2023-07-25,cassandra,1.0,0.002730077429022648,1.8506168788155393,1.0,0.0
2023-07-26,cassandra,1.0,0.00015373244460081814,1.8509013786723392,1.0,0.0
2023-07-27,cassandra,1.0,-0.00663000550707904,1.8386298923386815,1.0,0.0
2023-07-28,cassandra,1.0,0.009790313616981239,1.8566306556102337,1.0,0.0
2023-07-31,cassandra,1.0,0.0019040893103383638,1.8601658461948276,1.0,0.0
2023-08-01,cassandra,1.0,-0.002861611263046182,1.8548427746582226,1.0,0.0
2023-08-02,cassandra,1.0,-0.013910839975648126,1.8290403536399649,1.0,0.0
2023-08-03,cassandra,1.0,-0.0028658782116476322,1.8237985467422437,1.0,0.0
2023-08-04,cassandra,1.0,-0.0045225268226085635,1.8155503688955674,1.0,0.0
2023-08-07,cassandra,1.0,0.008728406258841748,1.8313972300986778,1.0,0.0
2023-08-08,cassandra,1.0,-0.004348767986704805,1.8234329084534848,1.0,0.0
2023-08-09,cassandra,1.0,-0.006685171036793447,1.8112429475863556,1.0,0.0
2023-08-10,cassandra,1.0,0.0003590875355359291,1.8118933423526613,1.0,0.0
2023-08-11,cassandra,1.0,-0.000583360608187089,1.8108363551504962,1.0,0.0
2023-08-14,cassandra,1.0,0.00552017365133195,1.820832486285072,1.0,0.0
2023-08-15,cassandra,1.0,-0.011649005082334907,1.7996215993982567,1.0,0.0
2023-08-16,cassandra,1.0,-0.007338065687120143,1.786415857889912,1.0,0.0
2023-08-17,cassandra,1.0,-0.007619913294031333,1.7728035239457083,1.0,0.0
2023-08-18,cassandra,1.0,0.0004813693970866506,1.773656897309183,1.0,0.0
2023-08-21,cassandra,1.0,0.006506231695136533,1.7851967200307537,1.0,0.0
2023-08-22,cassandra,1.0,-0.0027085734628762292,1.7803613835688648,1.0,0.0
2023-08-23,cassandra,1.0,0.01113767424533818,1.8001904686980343,1.0,0.0
2023-08-24,cassandra,1.0,-0.013859117851970804,1.7752414168363537,1.0,0.0
2023-08-25,cassandra,1.0,0.007049979091482195,1.7877568317073833,1.0,0.0
2023-08-28,cassandra,1.0,0.006341311034760544,1.7990935538317578,1.0,0.0
2023-08-29,cassandra,1.0,0.014454650869165642,1.8250988230333625,1.0,0.0
2023-08-30,cassandra,1.0,0.004118979657211419,1.8326163679578373,1.0,0.0
2023-08-31,cassandra,1.0,-0.001463524006255823,1.8299342899090736,1.0,0.0
2023-09-01,cassandra,1.0,0.0018652191164341136,1.8333475183284302,1.0,0.0
2023-09-05,cassandra,1.0,-0.004322014486313419,1.825423763795768,1.0,0.0
2023-09-06,cassandra,1.0,-0.006722259968089395,1.8131527907036047,1.0,0.0
2023-09-07,cassandra,1.0,-0.003070342500929635,1.8075857906296282,1.0,0.0
2023-09-08,cassandra,1.0,0.0015060909167685654,1.8103081791701754,1.0,0.0
2023-09-11,cassandra,1.0,0.006576696819851069,1.8222140272150742,1.0,0.0
2023-09-12,cassandra,1.0,-0.005485565561749839,1.8122181527012458,1.0,0.0
2023-09-13,cassandra,1.0,0.0011660176408752054,1.8143312310364097,1.0,0.0
2023-09-14,cassandra,1.0,0.008622257019274215,1.8299748612285018,1.0,0.0
2023-09-15,cassandra,1.0,-0.01204822797445626,1.807926906912897,1.0,0.0
2023-09-18,cassandra,1.0,0.0005863460817880917,1.8089869777709247,1.0,0.0
2023-09-19,cassandra,1.0,-0.0020737526066703094,1.8052355863103395,1.0,0.0
2023-09-20,cassandra,1.0,-0.009193323009734522,1.7886394724567212,1.0,0.0
2023-09-21,cassandra,1.0,-0.016528379312113484,1.7590761608033378,1.0,0.0
2023-09-22,cassandra,1.0,-0.0022484905514912334,1.755120894676418,1.0,0.0
2023-09-25,cassandra,1.0,0.004205157576708585,1.7625014546047062,1.0,0.0
2023-09-26,cassandra,1.0,-0.014691306948187433,1.7366080047384815,1.0,0.0
2023-09-27,cassandra,1.0,0.0003991374315590601,1.7373011499971178,1.0,0.0
2023-09-28,cassandra,1.0,0.0057975019113911674,1.7473731567348882,1.0,0.0
2023-09-29,cassandra,1.0,-0.002427025193380783,1.7431322380612553,1.0,0.0
2023-10-02,cassandra,1.0,-0.0003975711289018191,1.7424392190095441,1.0,0.0
2023-10-03,cassandra,1.0,-0.013386107365473632,1.7191147405460703,1.0,0.0
2023-10-04,cassandra,1.0,0.007282020592027649,1.731633369486785,1.0,0.0
2023-10-05,cassandra,1.0,-0.0003767841106999681,1.7309809175476045,1.0,0.0
2023-10-06,cassandra,1.0,0.011872751443487983,1.751532423735068,1.0,0.0
2023-10-09,cassandra,0.39441881939495843,0.006402166988387359,1.7627460267973947,0.39441881939495843,1.5353759780884895
2023-10-10,cassandra,0.37290211992077155,0.0017500772286149838,1.7658309684787243,0.37290211992077155,1.6816688524389842
2023-10-11,cassandra,0.3719672119510818,0.0015167918285949424,1.7685093664623928,0.3719672119510818,1.6884089991553128
2023-10-12,cassandra,0.3710332610809468,-0.0022681470273341934,1.7644981272000384,0.3710332610809468,1.6951761604516475
2023-10-13,cassandra,0.37010027330148537,-0.0018485565004471268,1.761236352716976,0.37010027330148537,1.7019704446027133
2023-10-16,cassandra,0.3738779792511972,0.003893526991397093,1.7680937739945095,0.3738779792511972,1.6746694255778316
2023-10-17,cassandra,0.37294207970570153,-1.9058212425122254e-05,1.7680600772877773,0.37294207970570153,1.6813815185165655
2023-10-18,cassandra,0.3720071309832985,-0.004969896688440482,1.7592730013647009,0.3720071309832985,1.6881205135954653
2023-10-19,cassandra,0.2964859483785007,-0.003269075925696213,1.7535218043492122,0.2964859483785007,2.3728411260940345
2023-10-20,cassandra,0.19532512081790893,-0.003681002340647543,1.7470670864830264,0.19532512081790893,4.119669174208504
2023-10-23,cassandra,1.0,-0.00038911540030336195,1.7463872757743126,1.0,0.0
2023-10-24,cassandra,1.0,0.007137076556491221,1.7588513754587962,1.0,0.0
2023-10-25,cassandra,1.0,-0.01435224953027292,1.7336079016315478,1.0,0.0
2023-10-26,cassandra,1.0,-0.011974683722639878,1.7128484953104406,1.0,0.0
2023-10-27,cassandra,1.0,-0.0045327674635983195,1.7050845513808242,1.0,0.0
2023-10-30,cassandra,1.0,0.011955816903640448,1.7254702300823592,1.0,0.0
2023-10-31,cassandra,1.0,0.00628024440177799,1.7363066048352684,1.0,0.0
2023-11-01,cassandra,1.0,0.010664917942300178,1.7548241722985105,1.0,0.0
2023-11-02,cassandra,1.0,0.019164183068555385,1.7884539439895653,1.0,0.0
2023-11-03,cassandra,1.0,0.009123471909717962,1.8047708533093783,1.0,0.0
2023-11-06,cassandra,1.0,0.002300301065911947,1.8089223696269727,1.0,0.0
2023-11-07,cassandra,1.0,0.0028460308945748025,1.8140706185768185,1.0,0.0
2023-11-08,cassandra,1.0,0.0007324749274009168,1.8153993798214607,1.0,0.0
2023-11-09,cassandra,1.0,-0.0077987342924028535,1.8012415624236402,1.0,0.0
2023-11-10,cassandra,1.0,0.01560482335966884,1.8293496188333551,1.0,0.0
2023-11-13,cassandra,1.0,-0.0009530910739841136,1.8276060820404487,1.0,0.0
2023-11-14,cassandra,1.0,0.01940069873321404,1.863062917041105,1.0,0.0
2023-11-15,cassandra,1.0,0.0021169797315623295,1.8670069834751064,1.0,0.0
2023-11-16,cassandra,1.0,0.0012231696975921746,1.8692906498424862,1.0,0.0
2023-11-17,cassandra,1.0,0.001243771962874618,1.871615621143224,1.0,0.0
2023-11-20,cassandra,1.0,0.007697611843614283,1.8860225917152296,1.0,0.0
2023-11-21,cassandra,1.0,-0.0021793671089698208,1.8819122561120714,1.0,0.0
2023-11-22,cassandra,1.0,0.0038607761021056675,1.8891778979767286,1.0,0.0
2023-11-24,cassandra,1.0,0.0006153382960432108,1.890340381485392,1.0,0.0
2023-11-27,cassandra,1.0,-0.0018009724080415568,1.88693593061653,1.0,0.0
2023-11-28,cassandra,1.0,0.0009900917727587721,1.8888041703571565,1.0,0.0
2023-11-29,cassandra,1.0,-0.000703425354073528,1.8874755376148475,1.0,0.0
2023-11-30,cassandra,1.0,0.003937489609331157,1.8949074529320729,1.0,0.0
2023-12-01,cassandra,1.0,0.005915907962536382,1.9061175510211432,1.0,0.0
2023-12-04,cassandra,1.0,-0.005249434793141661,1.8961115112289948,1.0,0.0
2023-12-05,cassandra,1.0,-0.00019689429843061657,1.8957381776832452,1.0,0.0
2023-12-06,cassandra,1.0,-0.004029897621012024,1.8880985469109377,1.0,0.0
2023-12-07,cassandra,1.0,0.00763034207606994,1.9025053846971987,1.0,0.0
2023-12-08,cassandra,1.0,0.004299195219012564,1.9106846267512345,1.0,0.0
2023-12-11,cassandra,1.0,0.003889591420493721,1.9181164092827154,1.0,0.0
2023-12-12,cassandra,1.0,0.004567268337077435,1.9268769616256611,1.0,0.0
2023-12-13,cassandra,1.0,0.013789972187727262,1.9534485413356515,1.0,0.0
2023-12-14,cassandra,1.0,0.0032094832181288613,1.9597181016465466,1.0,0.0
2023-12-15,cassandra,1.0,-0.001646568065320153,1.9564912924033455,1.0,0.0
2023-12-18,cassandra,1.0,0.005625132305503211,1.9674968147776792,1.0,0.0
2023-12-19,cassandra,1.0,0.006080934020346707,1.9794610330935847,1.0,0.0
2023-12-20,cassandra,1.0,-0.013857446384210381,1.9520307579578566,1.0,0.0
2023-12-21,cassandra,1.0,0.009482023726256728,1.970539959919196,1.0,0.0
2023-12-22,cassandra,1.0,0.0020097409553743173,1.9745002347808471,1.0,0.0
2023-12-26,cassandra,1.0,0.004222542568451004,1.9828376460736257,1.0,0.0
2023-12-27,cassandra,1.0,0.0018080024036764009,1.9864226213038267,1.0,0.0
2023-12-28,cassandra,1.0,0.00037772898876275995,1.9871729507118272,1.0,0.0
2023-12-29,cassandra,1.0,-0.0028949135706147766,1.9814202567696528,1.0,0.0
2024-01-02,cassandra,0.8029667712585377,-0.005596320793705312,1.9703315933856238,0.8029667712585377,0.24538154727454087
2024-01-03,cassandra,0.7127388716514355,-0.006656125475837734,1.9572168190710417,0.7127388716514355,0.40303839144197756
2024-01-04,cassandra,0.8143707289320228,-0.002340958791719066,1.9526350551511371,0.8143707289320228,0.22794197344422487
2024-01-05,cassandra,0.8138662973213427,0.0010645763698081507,1.9547137842897098,0.8138662973213427,0.2287030477748917
2024-01-08,cassandra,0.7101223595748447,0.011618579275123383,1.977424781352656,0.7101223595748447,0.40820801727565237
2024-01-09,cassandra,0.7034679740135981,-0.0011292188031150957,1.9751918361078067,0.7034679740135981,0.42152882141109366
2024-01-10,cassandra,0.6819499965231034,0.003975036190789996,1.983043295140088,0.6819499965231034,0.46638317339755486
2024-01-11,cassandra,0.6586297889319535,-0.00031126625669693626,1.9824260406767418,0.6586297889319535,0.5183036309694085
2024-01-12,cassandra,0.6607500716915825,0.0004445823421299326,1.9833073922890052,0.6607500716915825,0.5134315421864513
2024-01-16,cassandra,0.6314849767273276,-0.002426728489455019,1.9784944437367908,0.6314849767273276,0.5835689475662624
2024-01-17,cassandra,0.6394154461332877,-0.0035248930899190608,1.9715204623436198,0.6394154461332877,0.5639284381496591
2024-01-18,cassandra,0.5931551320720521,0.005682186266141357,1.9827230088381653,0.5931551320720521,0.6858996001715914
2024-01-19,cassandra,0.5957864442556611,0.0073713177246566355,1.9973382900962986,0.5957864442556611,0.6784537641660151
2024-01-22,cassandra,0.7694127619057619,0.0012583460678840053,1.9998516328798757,0.7694127619057619,0.2996925051296206
2024-01-23,cassandra,0.7711390274427653,0.0021571856430602017,2.004165684110575,0.7711390274427653,0.2967830240886376
2024-01-24,cassandra,0.7705502170637235,0.0008421217300129759,2.0058534355837105,0.7705502170637235,0.29777395146369967
2024-01-25,cassandra,0.7711023417219328,0.0041905398986603355,2.0142590444363893,0.7711023417219328,0.2968447194271521
2024-01-26,cassandra,0.7716452310457617,-0.0009798434955189408,2.012285385813408,0.7716452310457617,0.2959323271456802
2024-01-29,cassandra,0.7262414649214266,0.00611080790724451,2.0245820752606694,0.7262414649214266,0.3769524989986517
2024-01-30,cassandra,0.7255782493808295,-0.0005844829523477181,2.0233987415520507,0.7255782493808295,0.37821110383800477
2024-01-31,cassandra,0.799411504859218,-0.011839808722163316,1.9994420874834085,0.799411504859218,0.25092020057443026
2024-02-01,cassandra,0.7988764621923345,0.010425823985119301,2.02028791875595,0.7988764621923345,0.25175799679430766
2024-02-02,cassandra,0.8104903282811295,0.008409793211343,2.0372781223800622,0.8104903282811295,0.2338210156323252
2024-02-05,cassandra,0.7907187424872458,-0.0029568838076796692,2.0312541276882565,0.7907187424872458,0.2646721852759545
2024-02-06,cassandra,0.7910692354398324,0.0022857620823006023,2.035897091352843,0.7910692354398324,0.2641118567125198
2024-02-07,cassandra,0.7224555798515057,0.006597703376536913,2.0493293364667435,0.7224555798515057,0.3841681452658186
2024-02-08,cassandra,0.7217867061051997,0.00028474618083640716,2.0499128751685785,0.7217867061051997,0.38545084239089733
2024-02-09,cassandra,0.7211168426460931,0.004171158213050238,2.0584633860938752,0.7211168426460931,0.38673782230707954
2024-02-12,cassandra,0.7191013293837378,-0.00031682701153636794,2.057811209290902,0.7191013293837378,0.390624602039033
2024-02-13,cassandra,0.7199362957195989,-0.00990516251213141,2.03742825484359,0.7199362957195989,0.3890117861059757
2024-02-14,cassandra,0.7192637098361205,0.006542033926159737,2.050757179608893,0.7192637098361205,0.3903106556395615
2024-02-15,cassandra,0.7185901400766187,0.004962440451888387,2.0609339399939848,0.7185901400766187,0.3916138619622255
2024-02-16,cassandra,0.7179155880309124,-0.003578857942876671,2.0535581501930933,0.7179155880309124,0.3929214195540514
2024-02-20,cassandra,0.765650777210787,-0.003952855277426192,2.045440732021601,0.765650777210787,0.3060784756765103
2024-02-21,cassandra,0.7650521487961693,0.0006697286111117572,2.046810622202169,0.7650521487961693,0.30710043958902355
2024-02-22,cassandra,0.7644524616621617,0.01583276858877517,2.079217301128543,0.7644524616621617,0.3081258157318027
2024-02-23,cassandra,0.7638517163380719,0.0005269272106976633,2.080312897301461,0.7638517163380719,0.30915461549792667
2024-02-26,cassandra,0.7620431367233342,-0.002797901215958895,2.074492387316526,0.7620431367233342,0.3122616710385226
2024-02-27,cassandra,0.7614381642055192,0.0014148723660051398,2.0774275292688285,0.7614381642055192,0.3133042799915276
2024-02-28,cassandra,0.760832136349633,-0.0010067480039305124,2.0753360832504266,0.760832136349633,0.31435037010642236
2024-02-29,cassandra,0.7602250537674324,0.0027348572078494185,2.081011831096414,0.7602250537674324,0.31539995300644136
2024-03-01,cassandra,0.759616917084546,0.0071369462346833395,2.095863900648689,0.759616917084546,0.3164530403536274
2024-03-04,cassandra,0.7577861888968727,-0.0008149591681629327,2.0941558571476335,0.7577861888968727,0.3196334462834744
2024-03-05,cassandra,0.7571738423462014,-0.007574302921819259,2.078294086320095,0.7571738423462014,0.32070066882047876
2024-03-06,cassandra,0.7565604450323052,0.003836410052798746,2.0862672746455257,0.7565604450323052,0.3217714547015472
2024-03-07,cassandra,0.7570218798185422,0.0075096242525015495,2.1019343579684038,0.7570218798185422,0.32096578270591003
2024-03-08,cassandra,0.7369834135921229,-0.0045439784102023015,2.092383213626133,0.7369834135921229,0.3568826401749135
2024-03-11,cassandra,0.7350404366336268,-0.0006437676167447416,2.09103620507138,0.7350404366336268,0.3604693703381104
2024-03-12,cassandra,0.7343907415760059,0.007906130561807296,2.107568210318141,0.7343907415760059,0.3616729397404922
2024-03-13,cassandra,0.7337400305088059,-0.0011513547803877282,2.105141651584198,0.7337400305088059,0.3628805277348142
2024-03-14,cassandra,0.7330883046704053,-0.0014509504541568956,2.102087195348767,0.7330883046704053,0.36409214773873333
2024-03-15,cassandra,0.732435565314341,-0.005034105641242474,2.091505066340278,0.732435565314341,0.3653078132147064
2024-03-18,cassandra,0.7377812646212408,0.004352693632205469,2.1006087471242623,0.7377812646212408,0.35541528086020996
2024-03-19,cassandra,0.7371358867889719,0.004097321437934455,2.1092156163765674,0.7371358867889719,0.3566019751881665
2024-03-20,cassandra,0.7364894878688962,0.006817605619650077,2.1235954166158297,0.7364894878688962,0.3577926317639604
2024-03-21,cassandra,0.7358420690354385,0.0024335588551408433,2.1287633110466713,0.7358420690354385,0.3589872638171216
2024-03-22,cassandra,0.6560501991795026,-0.001395369312722119,2.125792900048388,0.6560501991795026,0.5242736017010017
2024-03-25,cassandra,0.6537902079385384,-0.0018523999886883179,2.1218550813043846,0.6537902079385384,0.5295426389959151
2024-03-26,cassandra,0.6530353264197426,-0.0012087443451887195,2.119290300973548,0.6530353264197426,0.5313107263009591
2024-03-27,cassandra,0.6522796743516587,0.005487588597971695,2.1309200942649626,0.6522796743516587,0.5330847170639836
2024-03-28,cassandra,0.6515232547583514,-0.00012490149509780164,2.130653939159255,0.6515232547583514,0.5348646309960154
2024-04-01,cassandra,0.64848996212736,-0.0011339533528521538,2.128237876981178,0.64848996212736,0.5420439149428274
2024-04-02,cassandra,0.6477297507815879,-0.004124591021075262,2.119459766143069,0.6477297507815879,0.5438537426964601
2024-04-03,cassandra,0.6469687903620903,0.0007110619806080729,2.120966833402202,0.6469687903620903,0.5456696132750513
2024-04-04,cassandra,0.6462070839949643,-0.007897295026761769,2.1042169325768483,0.6462070839949643,0.5474915468549594
2024-04-05,cassandra,0.7102560908211327,0.006750467548833271,2.1184213806959136,0.7102560908211327,0.4079428714844135
2024-04-08,cassandra,0.7081938482531259,0.0003652822580089663,2.1191952024412686,0.7081938482531259,0.41204276550362723
2024-04-09,cassandra,0.7075045194394999,0.0008181029887507509,2.1209289223701324,0.7075045194394999,0.4134185330607092
2024-04-10,cassandra,0.7068142363744245,-0.007084728727141193,2.105902716305592,0.7068142363744245,0.4147988941613006
2024-04-11,cassandra,0.706123000917904,0.0053339316053660005,2.1171354573619205,0.706123000917904,0.4161838641427613
2024-04-12,cassandra,0.7054308149456757,-0.009746950870385886,2.096499842073062,0.7054308149456757,0.4175734583936609
2024-04-15,cassandra,0.7033485729282103,-0.008838096912954736,2.077970773290826,0.7033485729282103,0.4217701414204311
2024-04-16,cassandra,0.7026526039653477,-0.001283860387312965,2.075302948929004,0.7026526039653477,0.42317838766497534
2024-04-17,cassandra,0.7019556941016188,-0.004158815057696284,2.0666721477757166,0.7019556941016188,0.42459133589595843
2024-04-18,cassandra,0.7012578453072499,-0.001444737490779939,2.0636863490426745,0.7012578453072499,0.4260090018128196
2024-04-19,cassandra,0.7005590595682254,-0.006121144934926878,2.051054225799954,0.7005590595682254,0.4274314011674172
2024-04-22,cassandra,0.6984571007794891,0.006451156439621564,2.0642858974767364,0.6984571007794891,0.4317271581661698
2024-04-23,cassandra,0.7109137120854027,0.008287309739564814,2.0813932741001415,0.7109137120854027,0.4066404726764775
2024-04-24,cassandra,0.7102281794058332,-0.0003436771673459737,2.080677946755566,0.7102281794058332,0.40799820254468905
2024-04-25,cassandra,0.7095416852648186,-0.0026983909987295975,2.0750634641127856,0.7095416852648186,0.40936046573045975
2024-04-26,cassandra,0.7088542314601326,0.006721817833341672,2.0890116627111746,0.7088542314601326,0.4107272773700612
2024-04-29,cassandra,0.7055092518371029,0.0025099690793112567,2.0942550173909003,0.7055092518371029,0.41741585584605895
2024-04-30,cassandra,0.7048162245757169,-0.01117775405469869,2.070845949878686,0.7048162245757169,0.41880956358797916
2024-05-01,cassandra,0.704122250380535,-0.002288991079707097,2.066105801971966,0.704122250380535,0.4202079247738034
2024-05-02,cassandra,0.7034273311727381,0.006585506951828801,2.0797121560940663,0.7034273311727381,0.4216109549408929
2024-05-03,cassandra,0.7027314688892579,0.008718888162400578,2.097844933793035,0.7027314688892579,0.4230186696784858
2024-05-06,cassandra,0.7006382431903497,0.007256744175122432,2.113068457796648,0.7006382431903497,0.42727007798847716
2024-05-07,cassandra,0.6999386282885601,0.0007720177481579001,2.1146997841491393,0.6999386282885601,0.4286966879440965
2024-05-08,cassandra,0.6992380802320972,6.722011939359042e-05,2.1148419345211114,0.6992380802320972,0.43012806120065905
2024-05-09,cassandra,0.6985366010524464,0.004028566407537615,2.123361715695775,0.6985366010524464,0.4315642136623269
2024-05-10,cassandra,0.6978341927968571,0.0008995212108741359,2.1252717245974018,0.6978341927968571,0.4330051612863641
2024-05-13,cassandra,0.6957214142833935,9.338313634100115e-05,2.1254701891366214,0.6957214142833935,0.43735693550559923
2024-05-14,cassandra,0.6950153105117942,0.00319104871727147,2.132252668057265,0.6950153105117942,0.4388172244200228
2024-05-15,cassandra,0.6943082881369312,0.008605915604577973,2.150602654566202,0.6943082881369312,0.44028238908589895
2024-05-16,cassandra,0.6922185836330302,-0.0014287603021904648,2.1475299588675725,0.6922185836330302,0.44463038647650016
2024-05-17,cassandra,0.6915079555842754,0.0009938671683675203,2.1496643183867765,0.6915079555842754,0.4461149606804896
2024-05-20,cassandra,0.6829781763147467,0.0007964568871178791,2.1513764333381475,0.6829781763147467,0.4641756276838276
2024-05-21,cassandra,0.6822560065557621,0.0016708427989304813,2.1549710451595794,0.6822560065557621,0.4657254613972651
2024-05-22,cassandra,0.6815329587990139,-0.0019648565596801473,2.150736836165577,0.6815329587990139,0.46728046984284294
2024-05-23,cassandra,0.6808090354665994,-0.00497846384078096,2.140029470595691,0.6808090354665994,0.46884067029844856
2024-05-24,cassandra,0.6800842389962258,0.004504137199891811,2.1496684569430657,0.6800842389962258,0.47040608009965884
2024-05-28,cassandra,0.6771763710349026,0.0004749112995601306,2.150689358783576,0.6771763710349026,0.47672016150200036
2024-05-29,cassandra,0.6764472459857612,-0.004743350687780999,2.140487884934387,0.6764472459857612,0.4783118800975196
2024-05-30,cassandra,0.6757172627519539,-0.004487795893424501,2.1308818121944535,0.6757172627519539,0.47990891327440544
2024-05-31,cassandra,0.6749864238800664,0.006154120290236822,2.143995515190976,0.6749864238800664,0.4815112787774871
2024-06-03,cassandra,0.6727887991340453,0.0005500974928110413,2.1451749217484806,0.6727887991340453,0.4863505475821122
2024-06-04,cassandra,0.6720545634852603,0.0007509852778909029,2.146785916533214,0.6720545634852603,0.4879744210262065
2024-06-05,cassandra,0.6713194851633424,0.007987113025517896,2.1639325382901546,0.6713194851633424,0.4896037164133326
2024-06-06,cassandra,0.6705835668075575,-1.3006379555875286e-05,2.163904393362228,0.6705835668075575,0.4912384518467891
2024-06-07,cassandra,0.6698468110725508,-0.0008155678327228222,2.1621395825459144,0.6698468110725508,0.49287864549032007
2024-06-10,cassandra,0.6676315463689184,0.0020693982065300965,2.1666139103203026,0.6676315463689184,0.49783215822971627
2024-06-11,cassandra,0.6668914679703483,0.0016066951177791725,2.1700949983121265,0.6668914679703483,0.4994943675669616
2024-06-12,cassandra,0.6661505656957456,0.005476940566006725,2.1819804796404703,0.6661505656957456,0.5011621268467632
2024-06-13,cassandra,0.6654088422915859,0.0013407147064213158,2.1849058929586485,0.6654088422915859,0.5028354545997968
2024-06-14,cassandra,0.6646663005195691,0.0004044870883839572,2.185789659181684,0.6646663005195691,0.5045143694186104
2024-06-17,cassandra,0.6624337928412339,0.005289704710224041,2.1973518410374164,0.6624337928412339,0.5095848231276312
2024-06-18,cassandra,0.661688005518422,0.0016820088615635306,2.201047806306014,0.661688005518422,0.5112862733797268
2024-06-20,cassandra,0.6601940207297466,-0.0017979443334684908,2.1970904448749726,0.6601940207297466,0.51470623574362
2024-06-21,cassandra,0.6594458289839618,-0.0008858726783414267,2.195144102478013,0.6594458289839618,0.5164247858550347
2024-06-24,cassandra,0.6571964909765853,-0.002143987189202937,2.190437741643846,0.6571964909765853,0.5216149412392835
2024-06-25,cassandra,0.6564451337591438,0.002529715038526378,2.1959789249398383,0.6564451337591438,0.523356558793396
2024-06-26,cassandra,0.6556929924923569,0.0008188928546193606,2.197777196390366,0.6556929924923569,0.5251039914257685
2024-06-27,cassandra,0.6549400701334273,0.0010333390957671129,2.2000482454911814,0.6549400701334273,0.5268572585523368
2024-06-28,cassandra,0.6541863696543908,-0.002577709044712351,2.1943771612299754,0.6541863696543908,0.528616379653865
2024-07-01,cassandra,0.6519206294388158,0.0013459409518318862,2.1973306633150393,0.6519206294388158,0.5339290625928143
2024-07-02,cassandra,0.6511638464952337,0.0043861233077323964,2.2069684265522005,0.6511638464952337,0.535711795705967
2024-07-03,cassandra,0.6504063005130739,0.0029056012704580213,2.2133809968162512,0.6504063005130739,0.5375004811779169
2024-07-05,cassandra,0.6488889316889722,0.003750096496200002,2.2216813891371676,0.6488889316889722,0.5410957887617717
2024-07-08,cassandra,0.6915677753324717,0.0007480203793903974,2.2233432520927545,0.6915677753324717,0.44598987354384656
2024-07-09,cassandra,0.6908563157239351,0.0006511955288255845,2.224791083277562,0.6908563157239351,0.44747898693249877
2024-07-10,cassandra,0.690143950296235,0.00683587948979573,2.2399994870128195,0.690143950296235,0.4489730723144983
2024-07-11,cassandra,0.6894306812834909,-0.005951200153391587,2.226668801722112,0.6894306812834909,0.45047214629080923
2024-07-12,cassandra,0.6887165109355462,0.004348180932041938,2.236350760547733,0.6887165109355462,0.45197622551782457
2024-07-15,cassandra,0.6491676574634904,0.0018936955547846667,2.2405857280419212,0.6491676574634904,0.5404341058938857
2024-07-16,cassandra,0.6461012831637285,0.0038298437509145474,2.249166821290851,0.6461012831637285,0.5477449527779223
2024-07-17,cassandra,0.6388572372410826,-0.009060491631240297,2.2287882641292818,0.6388572372410826,0.5652949386916543
2024-07-18,cassandra,0.6281775799587648,-0.004913264088260315,2.217837638790799,0.6281775799587648,0.591906543473969
2024-07-19,cassandra,0.6148581053569384,-0.004176748224944952,2.2085742893697637,0.6148581053569384,0.6263915060849339
2024-07-22,cassandra,0.5705164556044354,0.006332551292796423,2.2225601993411495,0.5705164556044354,0.7527978206001908
2024-07-23,cassandra,0.5605694610803299,-0.0009171023611553045,2.220521884134524,0.5605694610803299,0.7839002468539747
2024-07-24,cassandra,0.5437312471214061,-0.012708930351245212,2.1923014261656424,0.5437312471214061,0.8391438882612476
2024-07-25,cassandra,0.527774754444002,-0.0028413474502691125,2.1860723360981855,0.527774754444002,0.8947476960194427
2024-07-26,cassandra,0.5129786121197983,0.00590282340431859,2.1989763350472393,0.5129786121197983,0.9493990126950267
2024-07-29,cassandra,0.4774945050955916,0.00029417945969733206,2.1996232287173707,0.4774945050955916,1.0942649377709714
2024-07-30,cassandra,0.4691220734567889,-0.0024369505764071774,2.194262855622269,0.4691220734567889,1.1316413287299956
2024-07-31,cassandra,0.46725626746454346,0.00762125260684124,2.2109858871307755,0.46725626746454346,1.1401532084872086
2024-08-01,cassandra,0.46285855779759666,-0.006617760767238466,2.196354111470004,0.46285855779759666,1.1604872226156178
2024-08-02,cassandra,0.46078927467772607,-0.008619879134631256,2.177421804492282,0.46078927467772607,1.170189400999829
2024-08-05,cassandra,0.476913376114705,-0.013420950116013295,2.1481987350726715,0.476913376114705,1.0968168436514656
2024-08-06,cassandra,0.4897932123155818,0.004388881400137831,2.1576269245448314,0.4897932123155818,1.0416779466426813
2024-08-07,cassandra,0.5056835904055568,-0.0032801571153121454,2.1505495692360967,0.5056835904055568,0.9775211594230356
2024-08-08,cassandra,0.524288869748638,0.011682039370100135,2.1756723739712647,0.524288869748638,0.9073454686906366
2024-08-09,cassandra,0.5452072757470042,0.0023026817996102083,2.180682255148723,0.5452072757470042,0.8341648112268333
2024-08-12,cassandra,0.6185535176121105,0.00027596064974239087,2.1812840376407356,0.6185535176121105,0.6166749869282795
2024-08-13,cassandra,0.640395061283249,0.010135846814559963,2.203393198505307,0.640395061283249,0.561536089919495
2024-08-14,cassandra,0.6585741037249141,0.0020094200185887387,2.2078207409072057,0.6585741037249141,0.518432009919569
2024-08-15,cassandra,0.6709780434087131,0.011278880410108693,2.2327224870108555,0.6709780434087131,0.4903617336266094
2024-08-16,cassandra,0.6755222190252018,0.0014982674836417674,2.2360677025131395,0.6755222190252018,0.480336207805317
2024-08-19,cassandra,0.7039596941620313,0.006456494051518001,2.2505048603332067,0.7039596941620313,0.4205358748420456
2024-08-20,cassandra,0.7039596941620313,-0.0011587804584151633,2.2478970192794843,0.7039596941620313,0.4205358748420456
2024-08-21,cassandra,0.7039596941620313,0.002419194357927186,2.2533351190657265,0.7039596941620313,0.4205358748420456
2024-08-22,cassandra,0.7039596941620313,-0.005525159953595443,2.2408850821038344,0.7039596941620313,0.4205358748420456
2024-08-23,cassandra,0.7039596941620313,0.007479869238493917,2.257646609496463,0.7039596941620313,0.4205358748420456
2024-08-26,cassandra,0.7039596941620313,-0.0016780852587142125,2.253858086001681,0.7039596941620313,0.4205358748420456
2024-08-27,cassandra,0.7039596941620313,0.0009666056174472892,2.2560366778885395,0.7039596941620313,0.4205358748420456
2024-08-28,cassandra,0.7039596941620313,-0.004086662140964189,2.2468170182083855,0.7039596941620313,0.4205358748420456
2024-08-29,cassandra,0.7039596941620313,6.2941247761483e-05,2.2469584356750034,0.7039596941620313,0.4205358748420456
2024-08-30,cassandra,0.7039596941620313,0.006720069362211847,2.2620581522167464,0.7039596941620313,0.4205358748420456
2024-09-03,cassandra,0.7039596941620313,-0.014486784028091525,2.2292882043065987,0.7039596941620313,0.4205358748420456
2024-09-04,cassandra,0.7039596941620313,-0.0014409182027253112,2.2260759823538927,0.7039596941620313,0.4205358748420456
2024-09-05,cassandra,0.7039596941620313,-0.0017122169117106355,2.2222644574101533,0.7039596941620313,0.4205358748420456
2024-09-06,cassandra,0.7039596941620313,-0.011847515913258591,2.1959361438875176,0.7039596941620313,0.4205358748420456
2024-09-09,cassandra,0.7039596941620313,0.007881591536104226,2.2132436156130066,0.7039596941620313,0.4205358748420456
2024-09-10,cassandra,0.7039596941620313,0.0030662163094234466,2.2200298992839267,0.7039596941620313,0.4205358748420456
2024-09-11,cassandra,0.7039596941620313,0.007221885518678484,2.236062701064599,0.7039596941620313,0.4205358748420456
2024-09-12,cassandra,0.7039596941620313,0.0059296540248742246,2.2493217792598377,0.7039596941620313,0.4205358748420456
2024-09-13,cassandra,0.7039596941620313,0.0036765971293557078,2.2575916292564617,0.7039596941620313,0.4205358748420456
2024-09-16,cassandra,0.7039596941620313,0.0010396791212896096,2.259938800137798,0.7039596941620313,0.4205358748420456
2024-09-17,cassandra,0.7039596941620313,0.0002875385965351214,2.2605886197686447,0.7039596941620313,0.4205358748420456
2024-09-18,cassandra,0.7039596941620313,-0.002087676974125206,2.2558692409591843,0.7039596941620313,0.4205358748420456
2024-09-19,cassandra,0.7039596941620313,0.012012634003198054,2.282968172509899,0.7039596941620313,0.4205358748420456
2024-09-20,cassandra,0.7039596941620313,-0.0012170425147293822,2.2801897031841802,0.7039596941620313,0.4205358748420456
2024-09-23,cassandra,0.7039596941620313,0.001759225446561059,2.2842010709330083,0.7039596941620313,0.4205358748420456
2024-09-24,cassandra,0.7039596941620313,0.0020141854773300175,2.2888018755573833,0.7039596941620313,0.4205358748420456
2024-09-25,cassandra,0.7039596941620313,-0.0015524735127874169,2.2852485712695625,0.7039596941620313,0.4205358748420456
2024-09-26,cassandra,0.7039596941620313,0.002790869353563751,2.291626401472394,0.7039596941620313,0.4205358748420456
2024-09-27,cassandra,0.7039596941620313,-0.001020843594754562,2.2892870093388806,0.7039596941620313,0.4205358748420456
2024-09-30,cassandra,0.7039596941620313,0.002820927516999041,2.295744922057833,0.7039596941620313,0.4205358748420456
2024-10-01,cassandra,0.7039596941620313,-0.006306527789088474,2.281266742910217,0.7039596941620313,0.4205358748420456
2024-10-02,cassandra,0.7039596941620313,0.00029720570037036325,2.281944748390275,0.7039596941620313,0.4205358748420456
2024-10-03,cassandra,0.7039596941620313,-0.0012870400820653048,2.279007794034038,0.7039596941620313,0.4205358748420456
2024-10-04,cassandra,0.7039596941620313,0.006397149395019926,2.2935869473648887,0.7039596941620313,0.4205358748420456
2024-10-07,cassandra,0.7039596941620313,-0.0063641178506018605,2.278990289731256,0.7039596941620313,0.4205358748420456
2024-10-08,cassandra,0.7039596941620313,0.006657805326124355,2.294163363420415,0.7039596941620313,0.4205358748420456
2024-10-09,cassandra,0.7039596941620313,0.004875949010946484,2.305349587003234,0.7039596941620313,0.4205358748420456
2024-10-10,cassandra,0.7039596941620313,-0.0012319718063337716,2.3025094613083033,0.7039596941620313,0.4205358748420456
2024-10-11,cassandra,0.7039596941620313,0.004215498599540314,2.312215686717877,0.7039596941620313,0.4205358748420456
2024-10-14,cassandra,0.7039596941620313,0.005757223184206103,2.3255276284763338,0.7039596941620313,0.4205358748420456
2024-10-15,cassandra,0.7039596941620313,-0.0054696538882162676,2.3128077972410837,0.7039596941620313,0.4205358748420456
2024-10-16,cassandra,0.7039596941620313,0.003059759277614263,2.3198844323560306,0.7039596941620313,0.4205358748420456
2024-10-17,cassandra,0.7039596941620313,6.038773356916155e-05,2.320024524919043,0.7039596941620313,0.4205358748420456
2024-10-18,cassandra,0.7039596941620313,0.002707842285588213,2.3263067854312203,0.7039596941620313,0.4205358748420456
2024-10-21,cassandra,0.6071442003072243,-0.001156045755792987,2.32361746834525,0.6071442003072243,0.6470551797974595
2024-10-22,cassandra,0.5915706667317985,-0.00037085794126020616,2.3227557363546634,0.5915706667317985,0.690415120689836
2024-10-23,cassandra,0.5747828790744038,-0.005413282024836328,2.310182004478969,0.5747828790744038,0.7397873812983792
2024-10-24,cassandra,0.5465152758810671,0.0012347660507016625,2.3130345387890414,0.5465152758810671,0.8297750202642469
2024-10-25,cassandra,0.5158175477407267,-0.00020282792563401173,2.3125653907916193,0.5158175477407267,0.9386699897667019
2024-10-28,cassandra,0.42582680645925547,0.0015792629487534585,2.316217539629866,0.42582680645925547,1.3483725891166585
2024-10-29,cassandra,0.3996584048030684,0.0006441140676125807,2.3177094479307927,0.3996584048030684,1.502136794777905
2024-10-30,cassandra,0.3760667404858876,-0.0012221433959332816,2.3148768746353117,0.3760667404858876,1.659102473959742
2024-10-31,cassandra,0.35512348677146494,-0.007383934825083263,2.2977839746649122,0.35512348677146494,1.8159218898510558
2024-11-01,cassandra,0.3367925025628368,0.0014883484737539168,2.3012038779366213,0.3367925025628368,1.9691872366233145
2024-11-04,cassandra,0.29650668190399626,-0.0007345485776698401,2.2995135319011544,0.29650668190399626,2.3726052768139057
2024-11-05,cassandra,0.28766736554704225,0.00356512945150173,2.307711595317862,0.28766736554704225,2.476237209244613
2024-11-06,cassandra,0.2810375429965841,0.0071486291385860525,2.324208569671604,0.2810375429965841,2.5582434621987655
2024-11-07,cassandra,0.2766409371045403,0.0021696542700652614,2.329251298719315,0.2766409371045403,2.6147940014463886
2024-11-08,cassandra,0.2745749346764486,0.0011961390665882435,2.3320374071936145,0.2745749346764486,2.641993036175614
2024-11-11,cassandra,0.28023179021198413,0.0002605893784980614,2.3326451113721896,0.28023179021198413,2.568474509061017
2024-11-12,cassandra,0.28556719266989017,-0.0008733250509947652,2.330607953961348,0.28556719266989017,2.501802817930768
2024-11-13,cassandra,0.29260899535798957,0.0001361119989266971,2.330925177668676,0.29260899535798957,2.4175299319713663
2024-11-14,cassandra,0.3014016144690403,-0.0018850320532168036,2.3265313089951203,0.3014016144690403,2.3178322609904902
2024-11-15,cassandra,0.31289861993083184,-0.003864962083869645,2.3175393536989186,0.31289861993083184,2.195923332039803
2024-11-18,cassandra,0.3594878144646646,0.0012762833628633839,2.3204971906188256,0.3594878144646646,1.7817354574011404
2024-11-19,cassandra,0.3794196779934423,0.0012908452472446261,2.3234925933885804,0.3794196779934423,1.635603944656986
2024-11-20,cassandra,0.4016915339896459,0.00011858098852632676,2.323768115437138,0.4016915339896459,1.4894724319128323
2024-11-21,cassandra,0.4263009273871635,0.002145196888205404,2.3287530555672844,0.4263009273871635,1.3457607895180743
2024-11-22,cassandra,0.4531265735751924,0.0013090546347703015,2.33180152054791,0.4531265735751924,1.2068888878221102
2024-11-25,cassandra,0.542424656625775,0.0015236614575442691,2.335354396651412,0.542424656625775,0.843574011219611
2024-11-26,cassandra,0.5719843518520465,0.002787497483840873,2.3418641911559543,0.5719843518520465,0.7482995763119532
2024-11-27,cassandra,0.5988066570816534,-0.0017479259774461151,2.337770785900582,0.5988066570816534,0.6699881141495724
2024-11-29,cassandra,0.6353604620270826,0.003706477159763701,2.3464356799232853,0.6353604620270826,0.573909709158727
2024-12-02,cassandra,0.713374393551141,0.0011205842324641011,2.3490650587486988,0.713374393551141,0.40178847045806
2024-12-03,cassandra,0.713374393551141,0.000291843101083705,2.3497506171800913,0.713374393551141,0.40178847045806
2024-12-04,cassandra,0.713374393551141,0.0044296984961876415,2.3601593039554296,0.713374393551141,0.40178847045806
2024-12-05,cassandra,0.713374393551141,-0.0011739293488891693,2.3573886436804625,0.713374393551141,0.40178847045806
2024-12-06,cassandra,0.7698219541091754,0.0013522988862380272,2.360576537717742,0.7698219541091754,0.299001664816357
2024-12-09,cassandra,0.7698219541091754,-0.003992597623195182,2.35115170544388,0.7698219541091754,0.299001664816357
2024-12-10,cassandra,0.7698219541091754,-0.002393468434366524,2.345524298052493,0.7698219541091754,0.299001664816357
2024-12-11,cassandra,0.7698219541091754,0.005951235403276179,2.3594830652943077,0.7698219541091754,0.299001664816357
2024-12-12,cassandra,0.6624102958948119,-0.003966579530101879,2.350123988065889,0.6624102958948119,0.5096383709573199
2024-12-13,cassandra,0.6624102958948119,-0.00018520700725334506,2.349688728635385,0.6624102958948119,0.5096383709573199
2024-12-16,cassandra,0.6855988606428418,0.0028284811836544583,2.3563347789917755,0.6855988606428418,0.45857885332884674
2024-12-17,cassandra,0.7698219541091754,-0.002836298304864074,2.349651510652429,0.7698219541091754,0.299001664816357
2024-12-18,cassandra,0.9069083339870877,-0.022985479799041048,2.2956436433195413,0.9069083339870877,0.10264727153145536
2024-12-19,cassandra,0.9069083339870877,-0.00034696367128374305,2.294847138373096,0.9069083339870877,0.10264727153145536
2024-12-20,cassandra,0.9069083339870877,0.010892776784901491,2.319844396006864,0.9069083339870877,0.10264727153145536
2024-12-23,cassandra,0.9069083339870877,0.005430860906850218,2.3324431482471133,0.9069083339870877,0.10264727153145536
2024-12-24,cassandra,0.9069083339870877,0.010080155290833509,2.355954537388485,0.9069083339870877,0.10264727153145536
2024-12-26,cassandra,0.8754459618146198,6.042464600770389e-05,2.3560968951074166,0.8754459618146198,0.14227495884178318
2024-12-27,cassandra,0.8754459618146198,-0.009231125556461767,2.33434746884549,0.8754459618146198,0.14227495884178318
2024-12-30,cassandra,0.8754459618146198,-0.009990156470112749,2.311026972376112,0.8754459618146198,0.14227495884178318
2024-12-31,cassandra,0.8754459618146198,-0.0031849167057765885,2.303666543964291,0.8754459618146198,0.14227495884178318
2025-01-02,cassandra,0.8754459618146198,-0.0021511020678928977,2.298711122097834,0.8754459618146198,0.14227495884178318
2025-01-03,cassandra,0.8754459618146198,0.01094611671798627,2.32387308234125,0.8754459618146198,0.14227495884178318
2025-01-06,cassandra,1.0,0.00504315225432561,2.3355927281152256,1.0,0.0
2025-01-07,cassandra,1.0,-0.01136639628699467,2.309045455602445,1.0,0.0
2025-01-08,cassandra,1.0,0.001461043831337383,2.3124190722216307,1.0,0.0
2025-01-10,cassandra,1.0,-0.01526737708597159,2.2771144982652305,1.0,0.0
