date,event_id,category,structural_theme,question,event_probability,hazard_contribution,probability_factor,severity_factor,velocity_factor,persistence_factor,probability_component_hazard,severity_component_hazard,velocity_component_hazard,persistence_component_hazard,category_weight,severity_scale_weight,days_to_resolution,horizon_units,decay_rate,decay_factor,proxy_family_id,proxy_relation,aggregation_policy,family_aggregation_policy,event_aggregation_policy,event_window_start,event_window_end,quality_score,proxy_family_count,family_proxy_count,dominant_family_market_id,dominant_family_question,dominant_family_probability,dominant_event_market_id,dominant_event_question,dominant_event_probability,total_hazard,rsi,rsi_drag,event_rank_by_hazard,event_hazard_share,category_hazard_share,theme_hazard_share,dominant_event_flag,dominant_category_flag,dominant_theme_flag
2020-01-21,covid_crash_2020,Sovereign,systemic_credit,Will COVID-19 trigger a global market panic by March 2020?,0.020813,0.12647179680545018,0.020813,0.8,0.8607079764250578,0.8824969025845955,0.0010266143338784122,0.03946050387271079,0.04245496304624258,0.043529715552618385,8.0,10.0,55,1.8333333333333333,0.15,0.7595721232249685,covid_crash_2020,substitute,,weighted_average,max,2020-01-20,2020-04-15,0.5,1,1,,Will COVID-19 trigger a global market panic by March 2020?,0.020813,,Will COVID-19 trigger a global market panic by March 2020?,0.020813,0.12647179680545018,0.8877275071030538,0.11227249289694619,1,1.0,1.0,1.0,True,True,True
2020-01-22,covid_crash_2020,Sovereign,systemic_credit,Will COVID-19 trigger a global market panic by March 2020?,0.023212,0.14175651858037627,0.023212,0.8,0.8607079764250578,0.8869204367171575,0.0012799130947478501,0.04411211768905222,0.04745956443996016,0.048904923356616045,8.0,10.0,54,1.8,0.15,0.7633794943368531,covid_crash_2020,substitute,,weighted_average,max,2020-01-20,2020-04-15,0.5,1,1,,Will COVID-19 trigger a global market panic by March 2020?,0.023212,,Will COVID-19 trigger a global market panic by March 2020?,0.023212,0.14175651858037627,0.8758434777699963,0.12415652223000373,1,1.0,1.0,1.0,True,True,True
2020-01-23,covid_crash_2020,Sovereign,systemic_credit,Will COVID-19 trigger a global market panic by March 2020?,0.02714,0.1665757558587578,0.02714,0.8,0.8607079764250578,0.8913661439068313,0.0017528075619502848,0.05166713520855667,0.05558789424129583,0.057567918846955037,8.0,10.0,53,1.7666666666666666,0.15,0.7672059499758557,covid_crash_2020,substitute,,weighted_average,max,2020-01-20,2020-04-15,0.5,1,1,,Will COVID-19 trigger a global market panic by March 2020?,0.02714,,Will COVID-19 trigger a global market panic by March 2020?,0.02714,0.1665757558587578,0.8572096539618763,0.14279034603812368,1,1.0,1.0,1.0,True,True,True
2020-01-24,covid_crash_2020,Sovereign,systemic_credit,Will COVID-19 trigger a global market panic by March 2020?,0.032536,0.20069547516563868,0.032536,0.8,0.8607079764250578,0.8958341352965282,0.0025220668122860404,0.06201295333872732,0.0667188044753969,0.06944165053922842,8.0,10.0,52,1.7333333333333334,0.15,0.7710515858035663,covid_crash_2020,substitute,,weighted_average,max,2020-01-20,2020-04-15,0.5,1,1,,Will COVID-19 trigger a global market panic by March 2020?,0.032536,,Will COVID-19 trigger a global market panic by March 2020?,0.032536,0.20069547516563868,0.8328506442168842,0.16714935578311585,1,1.0,1.0,1.0,True,True,True
2020-01-27,covid_crash_2020,Sovereign,systemic_credit,Will COVID-19 trigger a global market panic by March 2020?,0.056953,0.356618972531913,0.056953,0.8,0.8607079764250578,0.9093729344682314,0.007731350653065497,0.10859973175166186,0.11684081919534622,0.1234470709318394,8.0,10.0,49,1.6333333333333333,0.15,0.7827045382418681,covid_crash_2020,substitute,,weighted_average,max,2020-01-20,2020-04-15,0.5,1,1,,Will COVID-19 trigger a global market panic by March 2020?,0.056953,,Will COVID-19 trigger a global market panic by March 2020?,0.056953,0.356618972531913,0.7371266510696511,0.26287334893034886,1,1.0,1.0,1.0,True,True,True
2020-01-28,covid_crash_2020,Sovereign,systemic_credit,Will COVID-19 trigger a global market panic by March 2020?,0.067638,0.42564748213455633,0.067638,0.8,0.8607079764250578,0.9139311852712282,0.010895883601451783,0.12887292470447714,0.1386524427979617,0.14722623103066568,8.0,10.0,48,1.6,0.15,0.7866278610665534,covid_crash_2020,substitute,,weighted_average,max,2020-01-20,2020-04-15,0.5,1,1,,Will COVID-19 trigger a global market panic by March 2020?,0.067638,,Will COVID-19 trigger a global market panic by March 2020?,0.067638,0.42564748213455633,0.7014356722341669,0.2985643277658331,1,1.0,1.0,1.0,True,True,True
2020-01-29,covid_crash_2020,Sovereign,systemic_credit,Will COVID-19 trigger a global market panic by March 2020?,0.079499,0.5027967357970788,0.079499,0.8,0.8607079764250578,0.9185122844014574,0.015034245355677734,0.15128990659684005,0.16277053670062774,0.17370204714393334,8.0,10.0,47,1.5666666666666667,0.15,0.7905708496287356,covid_crash_2020,substitute,,weighted_average,max,2020-01-20,2020-04-15,0.5,1,1,,Will COVID-19 trigger a global market panic by March 2020?,0.079499,,Will COVID-19 trigger a global market panic by March 2020?,0.079499,0.5027967357970788,0.6654259862160288,0.3345740137839712,1,1.0,1.0,1.0,True,True,True
2020-01-30,covid_crash_2020,Sovereign,systemic_credit,Will COVID-19 trigger a global market panic by March 2020?,0.092476,0.5878023154007865,0.092476,0.8,0.8607079764250578,0.9231163463866358,0.02031072763235166,0.17570593565769854,0.18903937540726137,0.20274627670347498,8.0,10.0,46,1.5333333333333334,0.15,0.7945336025033339,covid_crash_2020,substitute,,weighted_average,max,2020-01-20,2020-04-15,0.5,1,1,,Will COVID-19 trigger a global market panic by March 2020?,0.092476,,Will COVID-19 trigger a global market panic by March 2020?,0.092476,0.5878023154007865,0.6298013236915982,0.37019867630840175,1,1.0,1.0,1.0,True,True,True
2020-01-31,covid_crash_2020,Sovereign,systemic_credit,Will COVID-19 trigger a global market panic by March 2020?,0.106511,0.6804060878102401,0.106511,0.8,0.8607079764250578,0.9277434863285529,0.026891184504554706,0.20197864637120827,0.2173057899990438,0.23423046693543334,8.0,10.0,45,1.5,0.15,0.7985162187593771,covid_crash_2020,substitute,,weighted_average,max,2020-01-20,2020-04-15,0.5,1,1,,Will COVID-19 trigger a global market panic by March 2020?,0.106511,,Will COVID-19 trigger a global market panic by March 2020?,0.106511,0.6804060878102401,0.5950942496900339,0.4049057503099661,1,1.0,1.0,1.0,True,True,True
2020-02-03,covid_crash_2020,Sovereign,systemic_credit,Will COVID-19 trigger a global market panic by March 2020?,0.154375,1.0010715437731814,0.154375,0.8,0.8607079764250578,0.9417645335842487,0.056056934236984046,0.29049747296898615,0.3125418651446612,0.34197527142255013,8.0,10.0,42,1.4,0.15,0.8105842459701871,covid_crash_2020,substitute,,weighted_average,max,2020-01-20,2020-04-15,0.5,1,1,,Will COVID-19 trigger a global market panic by March 2020?,0.154375,,Will COVID-19 trigger a global market panic by March 2020?,0.154375,1.0010715437731814,0.49973225750560596,0.500267742494394,1,1.0,1.0,1.0,True,True,True
2020-02-04,covid_crash_2020,Sovereign,systemic_credit,Will COVID-19 trigger a global market panic by March 2020?,0.172053,1.121300117844265,0.172053,0.8,0.8607079764250578,0.9464851479534838,0.06941560428319324,0.3227638194425822,0.34725674236955956,0.38186395174892995,8.0,10.0,41,1.3666666666666667,0.15,0.8146473164114145,covid_crash_2020,substitute,,weighted_average,max,2020-01-20,2020-04-15,0.5,1,1,,Will COVID-19 trigger a global market panic by March 2020?,0.172053,,Will COVID-19 trigger a global market panic by March 2020?,0.172053,1.121300117844265,0.4714090154373031,0.5285909845626968,1,1.0,1.0,1.0,True,True,True
2020-02-05,covid_crash_2020,Sovereign,systemic_credit,Will COVID-19 trigger a global market panic by March 2020?,0.190496,1.2477194683067458,0.190496,0.8,0.8607079764250578,0.951229424500714,0.08481399335165055,0.3561817291770979,0.38321056919949736,0.4235131765785,8.0,10.0,40,1.3333333333333333,0.15,0.8187307530779818,covid_crash_2020,substitute,,weighted_average,max,2020-01-20,2020-04-15,0.5,1,1,,Will COVID-19 trigger a global market panic by March 2020?,0.190496,,Will COVID-19 trigger a global market panic by March 2020?,0.190496,1.2477194683067458,0.4448953768920821,0.555104623107918,1,1.0,1.0,1.0,True,True,True
2020-02-06,covid_crash_2020,Sovereign,systemic_credit,Will COVID-19 trigger a global market panic by March 2020?,0.209643,1.3800122097507026,0.209643,0.8,0.8607079764250578,0.9559974818330998,0.10236172360256829,0.3906134661403177,0.42025515750751335,0.4667818625003032,8.0,10.0,39,1.3,0.15,0.8228346580560183,covid_crash_2020,substitute,,weighted_average,max,2020-01-20,2020-04-15,0.5,1,1,,Will COVID-19 trigger a global market panic by March 2020?,0.209643,,Will COVID-19 trigger a global market panic by March 2020?,0.209643,1.3800122097507026,0.4201659117138505,0.5798340882861495,1,1.0,1.0,1.0,True,True,True
2020-02-07,covid_crash_2020,Sovereign,systemic_credit,Will COVID-19 trigger a global market panic by March 2020?,0.229437,1.5178801825165058,0.229437,0.8,0.8607079764250578,0.9607894391523232,0.12215569517600045,0.4259319819418854,0.45825381783989305,0.5115386875587269,8.0,10.0,38,1.2666666666666666,0.15,0.8269591339433623,covid_crash_2020,substitute,,weighted_average,max,2020-01-20,2020-04-15,0.5,1,1,,Will COVID-19 trigger a global market panic by March 2020?,0.229437,,Will COVID-19 trigger a global market panic by March 2020?,0.229437,1.5178801825165058,0.39715948635830073,0.6028405136416992,1,1.0,1.0,1.0,True,True,True
2020-02-10,covid_crash_2020,Sovereign,systemic_credit,Will COVID-19 trigger a global market panic by March 2020?,0.292109,1.961703607038979,0.292109,0.8,0.8607079764250578,0.9753099120283326,0.1956989231608125,0.5359613655472787,0.5766327779777611,0.6534105403531266,8.0,10.0,35,1.1666666666666667,0.15,0.8394570207692074,covid_crash_2020,substitute,,weighted_average,max,2020-01-20,2020-04-15,0.5,1,1,,Will COVID-19 trigger a global market panic by March 2020?,0.292109,,Will COVID-19 trigger a global market panic by March 2020?,0.292109,1.961703607038979,0.33764350950693867,0.6623564904930613,1,1.0,1.0,1.0,True,True,True
2020-02-11,covid_crash_2020,Sovereign,systemic_credit,Will COVID-19 trigger a global market panic by March 2020?,0.313901,2.1186178367553716,0.313901,0.8,0.8607079764250578,0.9801986733067554,0.22506922155684433,0.5736056184767665,0.6171336639314767,0.7028093327902841,8.0,10.0,34,1.1333333333333333,0.15,0.8436648165963837,covid_crash_2020,substitute,,weighted_average,max,2020-01-20,2020-04-15,0.5,1,1,,Will COVID-19 trigger a global market panic by March 2020?,0.313901,,Will COVID-19 trigger a global market panic by March 2020?,0.313901,2.1186178367553716,0.3206548709541166,0.6793451290458834,1,1.0,1.0,1.0,True,True,True
2020-02-12,covid_crash_2020,Sovereign,systemic_credit,Will COVID-19 trigger a global market panic by March 2020?,0.336046,2.2794503014714222,0.336046,0.8,0.8607079764250578,0.9851119396030626,0.2568861838793163,0.611550047027648,0.6579575043247698,0.7530565662396882,8.0,10.0,33,1.1,0.15,0.8478937040879159,covid_crash_2020,substitute,,weighted_average,max,2020-01-20,2020-04-15,0.5,1,1,,Will COVID-19 trigger a global market panic by March 2020?,0.336046,,Will COVID-19 trigger a global market panic by March 2020?,0.336046,2.2794503014714222,0.30492915216654465,0.6950708478334553,1,1.0,1.0,1.0,True,True,True
2020-02-13,covid_crash_2020,Sovereign,systemic_credit,Will COVID-19 trigger a global market panic by March 2020?,0.358484,2.4438393123501068,0.358484,0.8,0.8607079764250578,0.9900498337491681,0.29112891130466967,0.6496890490056341,0.6989906833439494,0.8040306686958539,8.0,10.0,32,1.0666666666666667,0.15,0.8521437889662113,covid_crash_2020,substitute,,weighted_average,max,2020-01-20,2020-04-15,0.5,1,1,,Will COVID-19 trigger a global market panic by March 2020?,0.358484,,Will COVID-19 trigger a global market panic by March 2020?,0.358484,2.4438393123501068,0.2903735944978197,0.7096264055021804,1,1.0,1.0,1.0,True,True,True
2020-02-14,covid_crash_2020,Sovereign,systemic_credit,Will COVID-19 trigger a global market panic by March 2020?,0.381157,2.6114291184329734,0.381157,0.8,0.8607079764250578,0.9950124791926823,0.3277591878636035,0.6879247929091759,0.7401279455468546,0.8556171921133396,8.0,10.0,31,1.0333333333333334,0.15,0.8564151774836135,covid_crash_2020,substitute,,weighted_average,max,2020-01-20,2020-04-15,0.5,1,1,,Will COVID-19 trigger a global market panic by March 2020?,0.381157,,Will COVID-19 trigger a global market panic by March 2020?,0.381157,2.6114291184329734,0.2768986922368028,0.7231013077631971,1,1.0,1.0,1.0,True,True,True
2020-02-18,covid_crash_2020,Sovereign,systemic_credit,Will COVID-19 trigger a global market panic by March 2020?,0.473026,3.3063227427371538,0.473026,0.8,0.8737159116880344,1.0,0.4970145838452341,0.8405704275794297,0.9180246968382029,1.050713034474287,8.0,10.0,27,0.9,0.15,0.8737159116880344,covid_crash_2020,substitute,,weighted_average,max,2020-01-20,2020-04-15,0.5,1,1,,Will COVID-19 trigger a global market panic by March 2020?,0.473026,,Will COVID-19 trigger a global market panic by March 2020?,0.473026,3.3063227427371538,0.23221668689058528,0.7677833131094147,1,1.0,1.0,1.0,True,True,True
2020-02-19,covid_crash_2020,Sovereign,systemic_credit,Will COVID-19 trigger a global market panic by March 2020?,0.495993,3.4842334965486557,0.495993,0.8,0.8780954309205613,1.0,0.544457239382096,0.8781692312304343,0.9638954868980828,1.0977115390380427,8.0,10.0,26,0.8666666666666667,0.15,0.8780954309205613,covid_crash_2020,substitute,,weighted_average,max,2020-01-20,2020-04-15,0.5,1,1,,Will COVID-19 trigger a global market panic by March 2020?,0.495993,,Will COVID-19 trigger a global market panic by March 2020?,0.495993,3.4842334965486557,0.22300355250672427,0.7769964474932758,1,1.0,1.0,1.0,True,True,True
2020-02-20,covid_crash_2020,Sovereign,systemic_credit,Will COVID-19 trigger a global market panic by March 2020?,0.518843,3.6630187234215943,0.518843,0.8,0.8824969025845955,1.0,0.5936675521339799,0.9153713969489496,1.0097655281524778,1.144214246186187,8.0,10.0,25,0.8333333333333334,0.15,0.8824969025845955,covid_crash_2020,substitute,,weighted_average,max,2020-01-20,2020-04-15,0.5,1,1,,Will COVID-19 trigger a global market panic by March 2020?,0.518843,,Will COVID-19 trigger a global market panic by March 2020?,0.518843,3.6630187234215943,0.21445335292718443,0.7855466470728156,1,1.0,1.0,1.0,True,True,True
2020-02-21,covid_crash_2020,Sovereign,systemic_credit,Will COVID-19 trigger a global market panic by March 2020?,0.541516,3.8422528576746258,0.541516,0.8,0.8869204367171575,1.0,0.6444733973428441,0.9521024639609456,1.0555489164196543,1.1901280799511817,8.0,10.0,24,0.8,0.15,0.8869204367171575,covid_crash_2020,substitute,,weighted_average,max,2020-01-20,2020-04-15,0.5,1,1,,Will COVID-19 trigger a global market panic by March 2020?,0.541516,,Will COVID-19 trigger a global market panic by March 2020?,0.541516,3.8422528576746258,0.2065154442348196,0.7934845557651804,1,1.0,1.0,1.0,True,True,True
2020-02-24,covid_crash_2020,Sovereign,systemic_credit,Will COVID-19 trigger a global market panic by March 2020?,0.607891,4.3783933948759,0.607891,0.8,0.9003245225862656,1.0,0.8045382536394593,1.058792781784181,1.1915713822220335,1.3234909772302261,8.0,10.0,21,0.7,0.15,0.9003245225862656,covid_crash_2020,substitute,,weighted_average,max,2020-01-20,2020-04-15,0.5,1,1,,Will COVID-19 trigger a global market panic by March 2020?,0.607891,,Will COVID-19 trigger a global market panic by March 2020?,0.607891,4.3783933948759,0.1859291291248274,0.8140708708751726,1,1.0,1.0,1.0,True,True,True
2020-02-25,covid_crash_2020,Sovereign,systemic_credit,Will COVID-19 trigger a global market panic by March 2020?,0.629271,4.555103575079252,0.629271,0.8,0.9048374180359596,1.0,0.8597184681481407,1.0929707145546395,1.2362009991831722,1.3662133931932994,8.0,10.0,20,0.6666666666666666,0.15,0.9048374180359596,covid_crash_2020,substitute,,weighted_average,max,2020-01-20,2020-04-15,0.5,1,1,,Will COVID-19 trigger a global market panic by March 2020?,0.629271,,Will COVID-19 trigger a global market panic by March 2020?,0.629271,4.555103575079252,0.18001464535892717,0.8199853546410728,1,1.0,1.0,1.0,True,True,True
2020-02-26,covid_crash_2020,Sovereign,systemic_credit,Will COVID-19 trigger a global market panic by March 2020?,0.650182,4.73006330622739,0.650182,0.8,0.9093729344682314,1.0,0.9154194768529148,1.1263547460285457,1.2803456508102473,1.4079434325356819,8.0,10.0,19,0.6333333333333333,0.15,0.9093729344682314,covid_crash_2020,substitute,,weighted_average,max,2020-01-20,2020-04-15,0.5,1,1,,Will COVID-19 trigger a global market panic by March 2020?,0.650182,,Will COVID-19 trigger a global market panic by March 2020?,0.650182,4.73006330622739,0.17451814169543425,0.8254818583045658,1,1.0,1.0,1.0,True,True,True
2020-02-27,covid_crash_2020,Sovereign,systemic_credit,Will COVID-19 trigger a global market panic by March 2020?,0.670563,4.902787499112245,0.670563,0.8,0.9139311852712282,1.0,0.9713793890012958,1.1588821799011229,1.3239232053334224,1.4486027248764035,8.0,10.0,18,0.6,0.15,0.9139311852712282,covid_crash_2020,substitute,,weighted_average,max,2020-01-20,2020-04-15,0.5,1,1,,Will COVID-19 trigger a global market panic by March 2020?,0.670563,,Will COVID-19 trigger a global market panic by March 2020?,0.670563,4.902787499112245,0.16941148570067885,0.8305885142993211,1,1.0,1.0,1.0,True,True,True
2020-02-28,covid_crash_2020,Sovereign,systemic_credit,Will COVID-19 trigger a global market panic by March 2020?,0.690357,5.072811080980296,0.690357,0.8,0.9185122844014574,1.0,1.0273349745199216,1.1904970611088717,1.3668577189654139,1.4881213263860895,8.0,10.0,17,0.5666666666666667,0.15,0.9185122844014574,covid_crash_2020,substitute,,weighted_average,max,2020-01-20,2020-04-15,0.5,1,1,,Will COVID-19 trigger a global market panic by March 2020?,0.690357,,Will COVID-19 trigger a global market panic by March 2020?,0.690357,5.072811080980296,0.1646683861337205,0.8353316138662795,1,1.0,1.0,1.0,True,True,True
2020-03-02,covid_crash_2020,Sovereign,systemic_credit,Will COVID-19 trigger a global market panic by March 2020?,0.745625,5.5617291357389815,0.745625,0.8,0.9323938199059483,1.0,1.1923352062101606,1.2792867258583451,1.490998796347545,1.5991084073229314,8.0,10.0,14,0.4666666666666667,0.15,0.9323938199059483,covid_crash_2020,substitute,,weighted_average,max,2020-01-20,2020-04-15,0.5,1,1,,Will COVID-19 trigger a global market panic by March 2020?,0.745625,,Will COVID-19 trigger a global market panic by March 2020?,0.745625,5.5617291357389815,0.15239885391693786,0.8476011460830621,1,1.0,1.0,1.0,True,True,True
2020-03-03,covid_crash_2020,Sovereign,systemic_credit,Will COVID-19 trigger a global market panic by March 2020?,0.762481,5.715969092347728,0.762481,0.8,0.9370674633774034,1.0,1.2453943344725649,1.3066757959582622,1.5305542169690731,1.6333447449478278,8.0,10.0,13,0.43333333333333335,0.15,0.9370674633774034,covid_crash_2020,substitute,,weighted_average,max,2020-01-20,2020-04-15,0.5,1,1,,Will COVID-19 trigger a global market panic by March 2020?,0.762481,,Will COVID-19 trigger a global market panic by March 2020?,0.762481,5.715969092347728,0.14889883890910313,0.8511011610908968,1,1.0,1.0,1.0,True,True,True
2020-03-04,covid_crash_2020,Sovereign,systemic_credit,Will COVID-19 trigger a global market panic by March 2020?,0.778455,5.864970479930611,0.778455,0.8,0.9417645335842487,1.0,1.2969689962221544,1.3328647089140973,1.5690558886517376,1.6660808861426215,8.0,10.0,12,0.4,0.15,0.9417645335842487,covid_crash_2020,substitute,,weighted_average,max,2020-01-20,2020-04-15,0.5,1,1,,Will COVID-19 trigger a global market panic by March 2020?,0.778455,,Will COVID-19 trigger a global market panic by March 2020?,0.778455,5.864970479930611,0.14566705026969143,0.8543329497303086,1,1.0,1.0,1.0,True,True,True
2020-03-05,covid_crash_2020,Sovereign,systemic_credit,Will COVID-19 trigger a global market panic by March 2020?,0.793489,6.008204428515697,0.793489,0.8,0.9464851479534839,1.0,1.3467454632499585,1.3577962272948547,1.6064174538523157,1.6972452841185681,8.0,10.0,11,0.36666666666666664,0.15,0.9464851479534839,covid_crash_2020,substitute,,weighted_average,max,2020-01-20,2020-04-15,0.5,1,1,,Will COVID-19 trigger a global market panic by March 2020?,0.793489,,Will COVID-19 trigger a global market panic by March 2020?,0.793489,6.008204428515697,0.14268990155753705,0.857310098442463,1,1.0,1.0,1.0,True,True,True
2020-03-06,covid_crash_2020,Sovereign,systemic_credit,Will COVID-19 trigger a global market panic by March 2020?,0.807524,6.1451247183241176,0.807524,0.8,0.951229424500714,1.0,1.3944027869073763,1.3814106200260314,1.6425480363581706,1.7267632750325392,8.0,10.0,10,0.3333333333333333,0.15,0.951229424500714,covid_crash_2020,substitute,,weighted_average,max,2020-01-20,2020-04-15,0.5,1,1,,Will COVID-19 trigger a global market panic by March 2020?,0.807524,,Will COVID-19 trigger a global market panic by March 2020?,0.807524,6.1451247183241176,0.13995556962573902,0.8600444303742609,1,1.0,1.0,1.0,True,True,True
2020-03-09,covid_crash_2020,Sovereign,systemic_credit,Will COVID-19 trigger a global market panic by March 2020?,0.843047,6.512405994877541,0.843047,0.8,0.9656054162575665,1.0,1.521416779302155,1.4437313974686157,1.7425935712710008,1.8046642468357694,8.0,10.0,7,0.23333333333333334,0.15,0.9656054162575665,covid_crash_2020,substitute,,weighted_average,max,2020-01-20,2020-04-15,0.5,1,1,,Will COVID-19 trigger a global market panic by March 2020?,0.843047,,Will COVID-19 trigger a global market panic by March 2020?,0.843047,6.512405994877541,0.1331131465314663,0.8668868534685337,1,1.0,1.0,1.0,True,True,True
2020-03-10,covid_crash_2020,Sovereign,systemic_credit,Will COVID-19 trigger a global market panic by March 2020?,0.852498,6.618423011672289,0.852498,0.8,0.9704455335485082,1.0,1.557350350166328,1.4614465724647594,1.7728178734602522,1.826808215580949,8.0,10.0,6,0.2,0.15,0.9704455335485082,covid_crash_2020,substitute,,weighted_average,max,2020-01-20,2020-04-15,0.5,1,1,,Will COVID-19 trigger a global market panic by March 2020?,0.852498,,Will COVID-19 trigger a global market panic by March 2020?,0.852498,6.618423011672289,0.1312607607201499,0.8687392392798501,1,1.0,1.0,1.0,True,True,True
2020-03-11,covid_crash_2020,Sovereign,systemic_credit,Will COVID-19 trigger a global market panic by March 2020?,0.860657,6.715258423652549,0.860657,0.8,0.9753099120283326,1.0,1.5895453146193252,1.4775180492292053,1.801297498267512,1.8468975615365064,8.0,10.0,5,0.16666666666666666,0.15,0.9753099120283326,covid_crash_2020,substitute,,weighted_average,max,2020-01-20,2020-04-15,0.5,1,1,,Will COVID-19 trigger a global market panic by March 2020?,0.860657,,Will COVID-19 trigger a global market panic by March 2020?,0.860657,6.715258423652549,0.129613286436954,0.870386713563046,1,1.0,1.0,1.0,True,True,True
2020-03-12,covid_crash_2020,Sovereign,systemic_credit,Will COVID-19 trigger a global market panic by March 2020?,0.867464,6.802296495530969,0.867464,0.8,0.9801986733067553,1.0,1.617679005896126,1.4918696392206485,1.8279108013883842,1.8648370490258108,8.0,10.0,4,0.13333333333333333,0.15,0.9801986733067553,covid_crash_2020,substitute,,weighted_average,max,2020-01-20,2020-04-15,0.5,1,1,,Will COVID-19 trigger a global market panic by March 2020?,0.867464,,Will COVID-19 trigger a global market panic by March 2020?,0.867464,6.802296495530969,0.12816739284040077,0.8718326071595992,1,1.0,1.0,1.0,True,True,True
2020-03-13,covid_crash_2020,Sovereign,systemic_credit,Will COVID-19 trigger a global market panic by March 2020?,0.87286,6.878918460815434,0.87286,0.8,0.9851119396030626,1.0,1.6414376235917512,1.504422357392252,1.8525305330911164,1.8805279467403149,8.0,10.0,3,0.1,0.15,0.9851119396030626,covid_crash_2020,substitute,,weighted_average,max,2020-01-20,2020-04-15,0.5,1,1,,Will COVID-19 trigger a global market panic by March 2020?,0.87286,,Will COVID-19 trigger a global market panic by March 2020?,0.87286,6.878918460815434,0.12692097335101807,0.873079026648982,1,1.0,1.0,1.0,True,True,True
2020-03-16,covid_crash_2020,Sovereign,systemic_credit,Will COVID-19 trigger a global market panic by March 2020?,0.88,7.004887853516484,0.88,0.8,0.9950124791926823,1.0,1.6773552051852254,1.5248683683502051,1.896578819543297,1.9060854604377562,8.0,10.0,1,0.03333333333333333,0.15,0.9950124791926823,covid_crash_2020,substitute,,weighted_average,max,2020-01-20,2020-04-15,0.5,1,1,,Will COVID-19 trigger a global market panic by March 2020?,0.88,,Will COVID-19 trigger a global market panic by March 2020?,0.88,7.004887853516484,0.12492367392264063,0.8750763260773594,1,1.0,1.0,1.0,True,True,True
2020-03-17,covid_crash_2020,Sovereign,systemic_credit,Will COVID-19 trigger a global market panic by March 2020?,0.877197,6.982575693683067,0.877197,0.8,0.9950124791926823,1.0,1.6679588910919858,1.52117154171023,1.8919808337430635,1.9014644271377876,8.0,10.0,1,0.03333333333333333,0.15,0.9950124791926823,covid_crash_2020,substitute,,weighted_average,max,2020-01-20,2020-04-15,0.5,1,1,,Will COVID-19 trigger a global market panic by March 2020?,0.877197,,Will COVID-19 trigger a global market panic by March 2020?,0.877197,6.982575693683067,0.1252728490619062,0.8747271509380938,1,1.0,1.0,1.0,True,True,True
2020-03-18,covid_crash_2020,Sovereign,systemic_credit,Will COVID-19 trigger a global market panic by March 2020?,0.869043,6.91766903964037,0.869043,0.8,0.9950124791926823,1.0,1.6407371256673173,1.5103852174562753,1.8785651746964338,1.887981521820344,8.0,10.0,1,0.03333333333333333,0.15,0.9950124791926823,covid_crash_2020,substitute,,weighted_average,max,2020-01-20,2020-04-15,0.5,1,1,,Will COVID-19 trigger a global market panic by March 2020?,0.869043,,Will COVID-19 trigger a global market panic by March 2020?,0.869043,6.91766903964037,0.1262997979573823,0.8737002020426177,1,1.0,1.0,1.0,True,True,True
2020-03-19,covid_crash_2020,Sovereign,systemic_credit,Will COVID-19 trigger a global market panic by March 2020?,0.85592,6.813208649524806,0.85592,0.8,0.9950124791926823,1.0,1.597280032029183,1.4929246023265568,1.8568482622608704,1.8661557529081956,8.0,10.0,1,0.03333333333333333,0.15,0.9950124791926823,covid_crash_2020,substitute,,weighted_average,max,2020-01-20,2020-04-15,0.5,1,1,,Will COVID-19 trigger a global market panic by March 2020?,0.85592,,Will COVID-19 trigger a global market panic by March 2020?,0.85592,6.813208649524806,0.12798839053924654,0.8720116094607535,1,1.0,1.0,1.0,True,True,True
2020-03-20,covid_crash_2020,Sovereign,systemic_credit,Will COVID-19 trigger a global market panic by March 2020?,0.83821,6.672235281472786,0.83821,0.8,0.9950124791926823,1.0,1.5393316449275174,1.4691608498371695,1.8272917244116373,1.8364510622964618,8.0,10.0,1,0.03333333333333333,0.15,0.9950124791926823,covid_crash_2020,substitute,,weighted_average,max,2020-01-20,2020-04-15,0.5,1,1,,Will COVID-19 trigger a global market panic by March 2020?,0.83821,,Will COVID-19 trigger a global market panic by March 2020?,0.83821,6.672235281472786,0.1303401112339241,0.8696598887660759,1,1.0,1.0,1.0,True,True,True
2020-03-23,covid_crash_2020,Sovereign,systemic_credit,Will COVID-19 trigger a global market panic by March 2020?,0.761384,6.060692651661131,0.761384,0.8,0.9950124791926823,1.0,1.2975253014927834,1.363333404949706,1.6956671890315096,1.704166756187132,8.0,10.0,1,0.03333333333333333,0.15,0.9950124791926823,covid_crash_2020,substitute,,weighted_average,max,2020-01-20,2020-04-15,0.5,1,1,,Will COVID-19 trigger a global market panic by March 2020?,0.761384,,Will COVID-19 trigger a global market panic by March 2020?,0.761384,6.060692651661131,0.14162916435184802,0.858370835648152,1,1.0,1.0,1.0,True,True,True
2020-03-24,covid_crash_2020,Sovereign,systemic_credit,Will COVID-19 trigger a global market panic by March 2020?,0.72915,5.8041067936267545,0.72915,0.8,0.9950124791926823,1.0,1.2008709852510637,1.3175571394100678,1.638732244703038,1.6469464242625849,8.0,10.0,1,0.03333333333333333,0.15,0.9950124791926823,covid_crash_2020,substitute,,weighted_average,max,2020-01-20,2020-04-15,0.5,1,1,,Will COVID-19 trigger a global market panic by March 2020?,0.72915,,Will COVID-19 trigger a global market panic by March 2020?,0.72915,5.8041067936267545,0.14697006239476962,0.8530299376052304,1,1.0,1.0,1.0,True,True,True
2020-03-25,covid_crash_2020,Sovereign,systemic_credit,Will COVID-19 trigger a global market panic by March 2020?,0.69424,5.5262197084378215,0.69424,0.8,0.9950124791926823,1.0,1.0995256987747528,1.2670266176247442,1.5758841200073943,1.5837832720309302,8.0,10.0,1,0.03333333333333333,0.15,0.9950124791926823,covid_crash_2020,substitute,,weighted_average,max,2020-01-20,2020-04-15,0.5,1,1,,Will COVID-19 trigger a global market panic by March 2020?,0.69424,,Will COVID-19 trigger a global market panic by March 2020?,0.69424,5.5262197084378215,0.15322806228958075,0.8467719377104193,1,1.0,1.0,1.0,True,True,True
2020-03-26,covid_crash_2020,Sovereign,systemic_credit,Will COVID-19 trigger a global market panic by March 2020?,0.657037,5.230080114330579,0.657037,0.8,0.9950124791926823,1.0,0.9954539089871526,1.2120521784765883,1.507508803771102,1.5150652230957353,8.0,10.0,1,0.03333333333333333,0.15,0.9950124791926823,covid_crash_2020,substitute,,weighted_average,max,2020-01-20,2020-04-15,0.5,1,1,,Will COVID-19 trigger a global market panic by March 2020?,0.657037,,Will COVID-19 trigger a global market panic by March 2020?,0.657037,5.230080114330579,0.160511579570185,0.839488420429815,1,1.0,1.0,1.0,True,True,True
2020-03-27,covid_crash_2020,Sovereign,systemic_credit,Will COVID-19 trigger a global market panic by March 2020?,0.617923,4.918728769441439,0.617923,0.8,0.9950124791926823,1.0,0.890551742313781,1.1529614431749988,1.4340137799839106,1.4412018039687486,8.0,10.0,1,0.03333333333333333,0.15,0.9950124791926823,covid_crash_2020,substitute,,weighted_average,max,2020-01-20,2020-04-15,0.5,1,1,,Will COVID-19 trigger a global market panic by March 2020?,0.617923,,Will COVID-19 trigger a global market panic by March 2020?,0.617923,4.918728769441439,0.16895519949537605,0.8310448005046239,1,1.0,1.0,1.0,True,True,True
2020-03-30,covid_crash_2020,Sovereign,systemic_credit,Will COVID-19 trigger a global market panic by March 2020?,0.492936,3.923819771546593,0.492936,0.8,0.9950124791926823,1.0,0.5882671322702749,0.9547156341111624,1.187442462526202,1.1933945426389532,8.0,10.0,1,0.03333333333333333,0.15,0.9950124791926823,covid_crash_2020,substitute,,weighted_average,max,2020-01-20,2020-04-15,0.5,1,1,,Will COVID-19 trigger a global market panic by March 2020?,0.492936,,Will COVID-19 trigger a global market panic by March 2020?,0.492936,3.923819771546593,0.20309435487032373,0.7969056451296763,1,1.0,1.0,1.0,True,True,True
2020-03-31,covid_crash_2020,Sovereign,systemic_credit,Will COVID-19 trigger a global market panic by March 2020?,0.45,3.5820449250936566,0.45,0.8,0.9950124791926823,1.0,0.496737755749146,0.8830893435540375,1.0983561463479263,1.1038616794425467,8.0,10.0,1,0.03333333333333333,0.15,0.9950124791926823,covid_crash_2020,substitute,,weighted_average,max,2020-01-20,2020-04-15,0.5,1,1,,Will COVID-19 trigger a global market panic by March 2020?,0.45,,Will COVID-19 trigger a global market panic by March 2020?,0.45,3.5820449250936566,0.21824316791908366,0.7817568320809163,1,1.0,1.0,1.0,True,True,True
2020-04-01,covid_crash_2020,Sovereign,systemic_credit,Will COVID-19 trigger a global market panic by March 2020?,0.407064,3.2402700786407204,0.407064,0.8,0.9950124791926823,1.0,0.4119193616588308,0.809542207925694,1.0068807491490783,1.0119277599071175,8.0,10.0,1,0.03333333333333333,0.15,0.9950124791926823,covid_crash_2020,substitute,,weighted_average,max,2020-01-20,2020-04-15,0.5,1,1,,Will COVID-19 trigger a global market panic by March 2020?,0.407064,,Will COVID-19 trigger a global market panic by March 2020?,0.407064,3.2402700786407204,0.23583403449635085,0.7641659655036491,1,1.0,1.0,1.0,True,True,True
2020-04-02,covid_crash_2020,Sovereign,systemic_credit,Will COVID-19 trigger a global market panic by March 2020?,0.36451,2.9015359903241973,0.36451,0.8,0.9950124791926823,1.0,0.3347464342470258,0.7346770936260202,0.913766095418626,0.9183463670325253,8.0,10.0,1,0.03333333333333333,0.15,0.9950124791926823,covid_crash_2020,substitute,,weighted_average,max,2020-01-20,2020-04-15,0.5,1,1,,Will COVID-19 trigger a global market panic by March 2020?,0.36451,,Will COVID-19 trigger a global market panic by March 2020?,0.36451,2.9015359903241973,0.2563093106099747,0.7436906893900253,1,1.0,1.0,1.0,True,True,True
2020-04-03,covid_crash_2020,Sovereign,systemic_credit,Will COVID-19 trigger a global market panic by March 2020?,0.32272,2.5688834182804996,0.32272,0.8,0.9950124791926823,1.0,0.26590801561080546,0.6591671185195971,0.8198493860006011,0.8239588981494962,8.0,10.0,1,0.03333333333333333,0.15,0.9950124791926823,covid_crash_2020,substitute,,weighted_average,max,2020-01-20,2020-04-15,0.5,1,1,,Will COVID-19 trigger a global market panic by March 2020?,0.32272,,Will COVID-19 trigger a global market panic by March 2020?,0.32272,2.5688834182804996,0.2801996823089849,0.719800317691015,1,1.0,1.0,1.0,True,True,True
2020-04-06,covid_crash_2020,Sovereign,systemic_credit,Will COVID-19 trigger a global market panic by March 2020?,0.20576,1.6378701417494905,0.20576,0.8,0.9950124791926823,1.0,0.11230713514709476,0.43665293603069505,0.543093900533332,0.5458161700383688,8.0,10.0,1,0.03333333333333333,0.15,0.9950124791926823,covid_crash_2020,substitute,,weighted_average,max,2020-01-20,2020-04-15,0.5,1,1,,Will COVID-19 trigger a global market panic by March 2020?,0.20576,,Will COVID-19 trigger a global market panic by March 2020?,0.20576,1.6378701417494905,0.37909371813761045,0.6209062818623896,1,1.0,1.0,1.0,True,True,True
2020-04-07,covid_crash_2020,Sovereign,systemic_credit,Will COVID-19 trigger a global market panic by March 2020?,0.17085,1.3599830565605582,0.17085,0.8,0.9950124791926823,1.0,0.07834250807091321,0.3668364439960818,0.456258549498461,0.45854555499510213,8.0,10.0,1,0.03333333333333333,0.15,0.9950124791926823,covid_crash_2020,substitute,,weighted_average,max,2020-01-20,2020-04-15,0.5,1,1,,Will COVID-19 trigger a global market panic by March 2020?,0.17085,,Will COVID-19 trigger a global market panic by March 2020?,0.17085,1.3599830565605582,0.42373185570976135,0.5762681442902386,1,1.0,1.0,1.0,True,True,True
2020-04-08,covid_crash_2020,Sovereign,systemic_credit,Will COVID-19 trigger a global market panic by March 2020?,0.138616,1.1033971985261828,0.138616,0.8,0.9950124791926823,1.0,0.052136290316146604,0.3008962331398777,0.3742443836453113,0.3761202914248471,8.0,10.0,1,0.03333333333333333,0.15,0.9950124791926823,covid_crash_2020,substitute,,weighted_average,max,2020-01-20,2020-04-15,0.5,1,1,,Will COVID-19 trigger a global market panic by March 2020?,0.138616,,Will COVID-19 trigger a global market panic by March 2020?,0.138616,1.1033971985261828,0.4754213805650612,0.5245786194349388,1,1.0,1.0,1.0,True,True,True
2020-04-09,covid_crash_2020,Sovereign,systemic_credit,Will COVID-19 trigger a global market panic by March 2020?,0.10944,0.8711533257827773,0.10944,0.8,0.9950124791926823,1.0,0.03282512647621883,0.23994975494312012,0.29844125068453814,0.29993719367890015,8.0,10.0,1,0.03333333333333333,0.15,0.9950124791926823,covid_crash_2020,substitute,,weighted_average,max,2020-01-20,2020-04-15,0.5,1,1,,Will COVID-19 trigger a global market panic by March 2020?,0.10944,,Will COVID-19 trigger a global market panic by March 2020?,0.10944,0.8711533257827773,0.534429747803623,0.46557025219637704,1,1.0,1.0,1.0,True,True,True
2020-04-13,covid_crash_2020,Sovereign,systemic_credit,Will COVID-19 trigger a global market panic by March 2020?,0.030957,0.24642081054694295,0.030957,0.8,0.9950124791926823,1.0,0.002699409561309556,0.06975894463441694,0.08676377555819532,0.08719868079302116,8.0,10.0,1,0.03333333333333333,0.15,0.9950124791926823,covid_crash_2020,substitute,,weighted_average,max,2020-01-20,2020-04-15,0.5,1,1,,Will COVID-19 trigger a global market panic by March 2020?,0.030957,,Will COVID-19 trigger a global market panic by March 2020?,0.030957,0.24642081054694295,0.8022972591104196,0.1977027408895804,1,1.0,1.0,1.0,True,True,True
2020-04-14,covid_crash_2020,Sovereign,systemic_credit,Will COVID-19 trigger a global market panic by March 2020?,0.022803,0.1815141565042459,0.022803,0.8,0.9950124791926823,1.0,0.0014688922469657886,0.05153329814378068,0.06409534343377359,0.06441662267972585,8.0,10.0,1,0.03333333333333333,0.15,0.9950124791926823,covid_crash_2020,substitute,,weighted_average,max,2020-01-20,2020-04-15,0.5,1,1,,Will COVID-19 trigger a global market panic by March 2020?,0.022803,,Will COVID-19 trigger a global market panic by March 2020?,0.022803,0.1815141565042459,0.8463715770945198,0.15362842290548018,1,1.0,1.0,1.0,True,True,True
2020-04-15,covid_crash_2020,Sovereign,systemic_credit,Will COVID-19 trigger a global market panic by March 2020?,0.02,0.1592019966708292,0.02,0.8,0.9950124791926823,1.0,0.0011310926530349646,0.045243706121398594,0.05627256524464743,0.05655463265174823,8.0,10.0,1,0.03333333333333333,0.15,0.9950124791926823,covid_crash_2020,substitute,,weighted_average,max,2020-01-20,2020-04-15,0.5,1,1,,Will COVID-19 trigger a global market panic by March 2020?,0.02,,Will COVID-19 trigger a global market panic by March 2020?,0.02,0.1592019966708292,0.8626624202442289,0.1373375797557711,1,1.0,1.0,1.0,True,True,True
2022-02-22,ukraine_invasion_2022,Kinetic,geopolitical,Will Russia invade any parts of Ukraine besides Donetsk and Luhansk oblast before March 8?,0.147797,1.4681496375797534,0.147797,1.0,0.9933555062550344,1.0,0.06907913944110719,0.46739202717989664,0.46428644377885303,0.46739202717989664,10.0,10.0,2,0.06666666666666667,0.1,0.9933555062550344,ukraine_invasion_2022_invasion,substitute,weighted_average,weighted_average,max,2022-02-22,2022-02-24,0.85,1,1,Ec5AX7QQHNOvWN8rv1l9,Will Russia invade any parts of Ukraine besides Donetsk and Luhansk oblast before March 8?,0.147797,Ec5AX7QQHNOvWN8rv1l9,Will Russia invade any parts of Ukraine besides Donetsk and Luhansk oblast before March 8?,0.147797,1.4681496375797534,0.40516182032649833,0.5948381796735016,1,1.0,1.0,1.0,True,True,True
2022-02-23,ukraine_invasion_2022,Kinetic,geopolitical,Will Russia invade any parts of Ukraine besides Donetsk and Luhansk oblast before March 8?,0.777665,7.750770988980409,0.777665,1.0,0.9966722160545233,1.0,1.5969700045631476,2.0535449127363936,2.046711158944474,2.0535449127363936,10.0,10.0,1,0.03333333333333333,0.1,0.9966722160545233,ukraine_invasion_2022_invasion,substitute,weighted_average,weighted_average,max,2022-02-22,2022-02-24,0.85,1,1,Ec5AX7QQHNOvWN8rv1l9,Will Russia invade any parts of Ukraine besides Donetsk and Luhansk oblast before March 8?,0.777665,Ec5AX7QQHNOvWN8rv1l9,Will Russia invade any parts of Ukraine besides Donetsk and Luhansk oblast before March 8?,0.777665,7.750770988980409,0.11427564511278729,0.8857243548872127,1,1.0,1.0,1.0,True,True,True
2022-02-24,ukraine_invasion_2022,Kinetic,geopolitical,Will Russia invade any parts of Ukraine besides Donetsk and Luhansk oblast before March 8?,0.9824210000000001,9.791517151685008,0.9824210000000001,1.0,0.9966722160545233,1.0,2.417483469063754,2.4607408321521564,2.4525520183169416,2.4607408321521564,10.0,10.0,1,0.03333333333333333,0.1,0.9966722160545233,ukraine_invasion_2022_invasion,substitute,weighted_average,weighted_average,max,2022-02-22,2022-02-24,0.85,1,1,Ec5AX7QQHNOvWN8rv1l9,Will Russia invade any parts of Ukraine besides Donetsk and Luhansk oblast before March 8?,0.982421,Ec5AX7QQHNOvWN8rv1l9,Will Russia invade any parts of Ukraine besides Donetsk and Luhansk oblast before March 8?,0.9824210000000001,9.791517151685008,0.09266537651231532,0.9073346234876847,1,1.0,1.0,1.0,True,True,True
2022-04-01,rate_hike_shock_2022,Monetary,monetary_policy,Will aggressive Fed tightening trigger an equity selloff by mid-2022?,0.05,0.18520455517042944,0.05,0.5,0.8869204367171575,0.835270211411272,0.004075462490856121,0.04075462490856121,0.0722922194442901,0.06808224832672202,5.0,10.0,75,2.5,0.12,0.7408182206817178,rate_hike_shock_2022,substitute,,weighted_average,max,2022-04-01,2022-07-15,0.5,1,1,,Will aggressive Fed tightening trigger an equity selloff by mid-2022?,0.05,,Will aggressive Fed tightening trigger an equity selloff by mid-2022?,0.05,0.18520455517042944,0.8437362104604825,0.15626378953951747,1,1.0,1.0,1.0,True,True,True
2022-04-04,rate_hike_shock_2022,Monetary,monetary_policy,Will aggressive Fed tightening trigger an equity selloff by mid-2022?,0.052196,0.19567278034254498,0.052196,0.5,0.8869204367171575,0.8453538346846587,0.004470767937151698,0.042826729415584505,0.07596780311287549,0.07240747987693327,5.0,10.0,72,2.4,0.12,0.7497615922390413,rate_hike_shock_2022,substitute,,weighted_average,max,2022-04-01,2022-07-15,0.5,1,1,,Will aggressive Fed tightening trigger an equity selloff by mid-2022?,0.052196,,Will aggressive Fed tightening trigger an equity selloff by mid-2022?,0.052196,0.19567278034254498,0.8363492223294678,0.16365077767053215,1,1.0,1.0,1.0,True,True,True
2022-04-05,rate_hike_shock_2022,Monetary,monetary_policy,Will aggressive Fed tightening trigger an equity selloff by mid-2022?,0.053868,0.20275016808516688,0.053868,0.5,0.8869204367171575,0.8487420218802068,0.004770299522943566,0.04427767434231423,0.07854154852901084,0.07516064569089827,5.0,10.0,71,2.3666666666666667,0.12,0.7527666447061963,rate_hike_shock_2022,substitute,,weighted_average,max,2022-04-01,2022-07-15,0.5,1,1,,Will aggressive Fed tightening trigger an equity selloff by mid-2022?,0.053868,,Will aggressive Fed tightening trigger an equity selloff by mid-2022?,0.053868,0.20275016808516688,0.8314278613588104,0.16857213864118958,1,1.0,1.0,1.0,True,True,True
2022-04-06,rate_hike_shock_2022,Monetary,monetary_policy,Will aggressive Fed tightening trigger an equity selloff by mid-2022?,0.055988,0.2115741005831158,0.055988,0.5,0.8869204367171575,0.8521437889662113,0.0051613687091239795,0.046093526372829714,0.08176258108084788,0.07855662442031419,5.0,10.0,70,2.3333333333333335,0.12,0.7557837414557255,rate_hike_shock_2022,substitute,,weighted_average,max,2022-04-01,2022-07-15,0.5,1,1,,Will aggressive Fed tightening trigger an equity selloff by mid-2022?,0.055988,,Will aggressive Fed tightening trigger an equity selloff by mid-2022?,0.055988,0.2115741005831158,0.8253725459455697,0.17462745405443025,1,1.0,1.0,1.0,True,True,True
2022-04-07,rate_hike_shock_2022,Monetary,monetary_policy,Will aggressive Fed tightening trigger an equity selloff by mid-2022?,0.058543,0.22211592702777674,0.058543,0.5,0.8869204367171575,0.8555591903710185,0.005651110320649986,0.04826461165852439,0.08561374090032492,0.08258646414827749,5.0,10.0,69,2.3,0.12,0.7588129307612413,rate_hike_shock_2022,substitute,,weighted_average,max,2022-04-01,2022-07-15,0.5,1,1,,Will aggressive Fed tightening trigger an equity selloff by mid-2022?,0.058543,,Will aggressive Fed tightening trigger an equity selloff by mid-2022?,0.058543,0.22211592702777674,0.8182529806579237,0.18174701934207627,1,1.0,1.0,1.0,True,True,True
2022-04-08,rate_hike_shock_2022,Monetary,monetary_policy,Will aggressive Fed tightening trigger an equity selloff by mid-2022?,0.061518,0.23433875216862315,0.061518,0.5,0.8869204367171575,0.8589882807411234,0.006247674626819436,0.05077924044035433,0.09007429221504921,0.08723754488640019,5.0,10.0,68,2.2666666666666666,0.12,0.7618542610898374,rate_hike_shock_2022,substitute,,weighted_average,max,2022-04-01,2022-07-15,0.5,1,1,,Will aggressive Fed tightening trigger an equity selloff by mid-2022?,0.061518,,Will aggressive Fed tightening trigger an equity selloff by mid-2022?,0.061518,0.23433875216862315,0.8101503726129389,0.18984962738706113,1,1.0,1.0,1.0,True,True,True
2022-04-11,rate_hike_shock_2022,Monetary,monetary_policy,Will aggressive Fed tightening trigger an equity selloff by mid-2022?,0.072839,0.28081313229172983,0.072839,0.5,0.8869204367171575,0.8693582353988059,0.008781929735827846,0.060283156933976616,0.10693272774914296,0.10481531787278241,5.0,10.0,65,2.1666666666666665,0.12,0.7710515858035663,rate_hike_shock_2022,substitute,,weighted_average,max,2022-04-01,2022-07-15,0.5,1,1,,Will aggressive Fed tightening trigger an equity selloff by mid-2022?,0.072839,,Will aggressive Fed tightening trigger an equity selloff by mid-2022?,0.072839,0.28081313229172983,0.7807540185122265,0.21924598148777352,1,1.0,1.0,1.0,True,True,True
2022-04-12,rate_hike_shock_2022,Monetary,monetary_policy,Will aggressive Fed tightening trigger an equity selloff by mid-2022?,0.077365,0.2994574670780615,0.077365,0.5,0.8869204367171575,0.8728426324887193,0.009912818747825928,0.06406526690251359,0.11364158899915719,0.11183779242856476,5.0,10.0,64,2.1333333333333333,0.12,0.7741419687922483,rate_hike_shock_2022,substitute,,weighted_average,max,2022-04-01,2022-07-15,0.5,1,1,,Will aggressive Fed tightening trigger an equity selloff by mid-2022?,0.077365,,Will aggressive Fed tightening trigger an equity selloff by mid-2022?,0.077365,0.2994574670780615,0.7695519286587991,0.23044807134120093,1,1.0,1.0,1.0,True,True,True
2022-04-13,rate_hike_shock_2022,Monetary,monetary_policy,Will aggressive Fed tightening trigger an equity selloff by mid-2022?,0.082246,0.31962635363609265,0.082246,0.5,0.8869204367171575,0.8763409950793732,0.011207804641667204,0.06813586461145346,0.12086218159458284,0.11942050278838916,5.0,10.0,63,2.1,0.12,0.7772447380689461,rate_hike_shock_2022,substitute,,weighted_average,max,2022-04-01,2022-07-15,0.5,1,1,,Will aggressive Fed tightening trigger an equity selloff by mid-2022?,0.082246,,Will aggressive Fed tightening trigger an equity selloff by mid-2022?,0.082246,0.31962635363609265,0.7577902617999439,0.2422097382000561,1,1.0,1.0,1.0,True,True,True
2022-04-14,rate_hike_shock_2022,Monetary,monetary_policy,Will aggressive Fed tightening trigger an equity selloff by mid-2022?,0.087467,0.3412787157934991,0.087467,0.5,0.8869204367171575,0.8798533791446438,0.012679512322269704,0.07248169207969693,0.12857098798664668,0.12754652340488581,5.0,10.0,62,2.066666666666667,0.12,0.7803599432780342,rate_hike_shock_2022,substitute,,weighted_average,max,2022-04-01,2022-07-15,0.5,1,1,,Will aggressive Fed tightening trigger an equity selloff by mid-2022?,0.087467,,Will aggressive Fed tightening trigger an equity selloff by mid-2022?,0.087467,0.3412787157934991,0.7455571971917865,0.2544428028082135,1,1.0,1.0,1.0,True,True,True
2022-04-18,rate_hike_shock_2022,Monetary,monetary_policy,Will aggressive Fed tightening trigger an equity selloff by mid-2022?,0.111496,0.44205160482100997,0.111496,0.5,0.8869204367171575,0.8940442575003572,0.02060095944324104,0.09238429828532432,0.16387504436205597,0.1651913027303886,5.0,10.0,58,1.9333333333333333,0.12,0.7929461233066836,rate_hike_shock_2022,substitute,,weighted_average,max,2022-04-01,2022-07-15,0.5,1,1,,Will aggressive Fed tightening trigger an equity selloff by mid-2022?,0.111496,,Will aggressive Fed tightening trigger an equity selloff by mid-2022?,0.111496,0.44205160482100997,0.6934564592951039,0.3065435407048961,1,1.0,1.0,1.0,True,True,True
2022-04-19,rate_hike_shock_2022,Monetary,monetary_policy,Will aggressive Fed tightening trigger an equity selloff by mid-2022?,0.118221,0.4705930306100359,0.118221,0.5,0.8869204367171575,0.8976275964304349,0.023154110072273304,0.09792722981650173,0.17370732287070634,0.17580436785055453,5.0,10.0,57,1.9,0.12,0.7961242598354537,rate_hike_shock_2022,substitute,,weighted_average,max,2022-04-01,2022-07-15,0.5,1,1,,Will aggressive Fed tightening trigger an equity selloff by mid-2022?,0.118221,,Will aggressive Fed tightening trigger an equity selloff by mid-2022?,0.118221,0.4705930306100359,0.6799977826531498,0.3200022173468502,1,1.0,1.0,1.0,True,True,True
2022-04-20,rate_hike_shock_2022,Monetary,monetary_policy,Will aggressive Fed tightening trigger an equity selloff by mid-2022?,0.125208,0.5004032467205973,0.125208,0.5,0.8869204367171575,0.9012252974212048,0.025961585667739685,0.10367382941880583,0.1839008761285347,0.18686695550551707,5.0,10.0,56,1.8666666666666667,0.12,0.7993151343693651,rate_hike_shock_2022,substitute,,weighted_average,max,2022-04-01,2022-07-15,0.5,1,1,,Will aggressive Fed tightening trigger an equity selloff by mid-2022?,0.125208,,Will aggressive Fed tightening trigger an equity selloff by mid-2022?,0.125208,0.5004032467205973,0.6664874940691317,0.33351250593086834,1,1.0,1.0,1.0,True,True,True
2022-04-21,rate_hike_shock_2022,Monetary,monetary_policy,Will aggressive Fed tightening trigger an equity selloff by mid-2022?,0.132441,0.5314319606047432,0.132441,0.5,0.8869204367171575,0.9048374180359596,0.029033666176540084,0.10960981182768208,0.1944303643493865,0.1983581182511345,5.0,10.0,55,1.8333333333333333,0.12,0.8025187979624785,rate_hike_shock_2022,substitute,,weighted_average,max,2022-04-01,2022-07-15,0.5,1,1,,Will aggressive Fed tightening trigger an equity selloff by mid-2022?,0.132441,,Will aggressive Fed tightening trigger an equity selloff by mid-2022?,0.132441,0.5314319606047432,0.6529836295209044,0.3470163704790956,1,1.0,1.0,1.0,True,True,True
2022-04-22,rate_hike_shock_2022,Monetary,monetary_policy,Will aggressive Fed tightening trigger an equity selloff by mid-2022?,0.139909,0.5636481017490834,0.139909,0.5,0.8869204367171575,0.9084640160687062,0.03238190542392373,0.11572488340251068,0.2052775282527938,0.2102637846698552,5.0,10.0,54,1.8,0.12,0.8057353018734796,rate_hike_shock_2022,substitute,,weighted_average,max,2022-04-01,2022-07-15,0.5,1,1,,Will aggressive Fed tightening trigger an equity selloff by mid-2022?,0.139909,,Will aggressive Fed tightening trigger an equity selloff by mid-2022?,0.139909,0.5636481017490834,0.6395300828117327,0.36046991718826726,1,1.0,1.0,1.0,True,True,True
2022-04-25,rate_hike_shock_2022,Monetary,monetary_policy,Will aggressive Fed tightening trigger an equity selloff by mid-2022?,0.163582,0.6669748280177985,0.163582,0.5,0.8869204367171575,0.9194312560951247,0.04417328150723746,0.13501877195301884,0.23950181637117154,0.24828095818637058,5.0,10.0,51,1.7,0.12,0.8154623711872926,rate_hike_shock_2022,substitute,,weighted_average,max,2022-04-01,2022-07-15,0.5,1,1,,Will aggressive Fed tightening trigger an equity selloff by mid-2022?,0.163582,,Will aggressive Fed tightening trigger an equity selloff by mid-2022?,0.163582,0.6669748280177985,0.599889082421899,0.400110917578101,1,1.0,1.0,1.0,True,True,True
2022-04-26,rate_hike_shock_2022,Monetary,monetary_policy,Will aggressive Fed tightening trigger an equity selloff by mid-2022?,0.171852,0.7035025868897866,0.171852,0.5,0.8869204367171575,0.9231163463866358,0.04871222569892554,0.1417272586263923,0.25140160423129077,0.2616614983331781,5.0,10.0,50,1.6666666666666667,0.12,0.8187307530779818,rate_hike_shock_2022,substitute,,weighted_average,max,2022-04-01,2022-07-15,0.5,1,1,,Will aggressive Fed tightening trigger an equity selloff by mid-2022?,0.171852,,Will aggressive Fed tightening trigger an equity selloff by mid-2022?,0.171852,0.7035025868897866,0.5870258182734994,0.4129741817265006,1,1.0,1.0,1.0,True,True,True
2022-04-27,rate_hike_shock_2022,Monetary,monetary_policy,Will aggressive Fed tightening trigger an equity selloff by mid-2022?,0.180289,0.7409988188894779,0.180289,0.5,0.8869204367171575,0.9268162065593822,0.053565582382407,0.14855477145695797,0.2635125255540454,0.2753659394960676,5.0,10.0,49,1.6333333333333333,0.12,0.8220122346781865,rate_hike_shock_2022,substitute,,weighted_average,max,2022-04-01,2022-07-15,0.5,1,1,,Will aggressive Fed tightening trigger an equity selloff by mid-2022?,0.180289,,Will aggressive Fed tightening trigger an equity selloff by mid-2022?,0.180289,0.7409988188894779,0.5743829284375189,0.4256170715624811,1,1.0,1.0,1.0,True,True,True
2022-04-28,rate_hike_shock_2022,Monetary,monetary_policy,Will aggressive Fed tightening trigger an equity selloff by mid-2022?,0.188879,0.7794156800692024,0.188879,0.5,0.8869204367171575,0.9305308958112057,0.05873737085856574,0.15548941613034203,0.27581348171843756,0.289375411361857,5.0,10.0,48,1.6,0.12,0.8253068684916823,rate_hike_shock_2022,substitute,,weighted_average,max,2022-04-01,2022-07-15,0.5,1,1,,Will aggressive Fed tightening trigger an equity selloff by mid-2022?,0.188879,,Will aggressive Fed tightening trigger an equity selloff by mid-2022?,0.188879,0.7794156800692024,0.5619822345058292,0.4380177654941708,1,1.0,1.0,1.0,True,True,True
2022-04-29,rate_hike_shock_2022,Monetary,monetary_policy,Will aggressive Fed tightening trigger an equity selloff by mid-2022?,0.19761,0.81871276148125,0.19761,0.5,0.8869204367171575,0.9342604735772135,0.06423154384712382,0.162520985393259,0.2882863666813841,0.3036738655594831,5.0,10.0,47,1.5666666666666667,0.12,0.8286147072326806,rate_hike_shock_2022,substitute,,weighted_average,max,2022-04-01,2022-07-15,0.5,1,1,,Will aggressive Fed tightening trigger an equity selloff by mid-2022?,0.19761,,Will aggressive Fed tightening trigger an equity selloff by mid-2022?,0.19761,0.81871276148125,0.5498394365394732,0.4501605634605268,1,1.0,1.0,1.0,True,True,True
2022-05-02,rate_hike_shock_2022,Monetary,monetary_policy,Will aggressive Fed tightening trigger an equity selloff by mid-2022?,0.224512,0.9413990033748657,0.224512,0.5,0.8869204367171575,0.9455391358903963,0.08265847587431777,0.18408476133640467,0.3265370738349155,0.3481186923292278,5.0,10.0,44,1.4666666666666666,0.12,0.8386179833370739,rate_hike_shock_2022,substitute,,weighted_average,max,2022-04-01,2022-07-15,0.5,1,1,,Will aggressive Fed tightening trigger an equity selloff by mid-2022?,0.224512,,Will aggressive Fed tightening trigger an equity selloff by mid-2022?,0.224512,0.9413990033748657,0.5150924659287617,0.4849075340712383,1,1.0,1.0,1.0,True,True,True
2022-05-03,rate_hike_shock_2022,Monetary,monetary_policy,Will aggressive Fed tightening trigger an equity selloff by mid-2022?,0.233671,0.9837305768672826,0.233671,0.5,0.8869204367171575,0.9493288668428895,0.08944608410958213,0.19139320692251524,0.33950109333682904,0.36339019249835613,5.0,10.0,43,1.4333333333333333,0.12,0.8419791731684998,rate_hike_shock_2022,substitute,,weighted_average,max,2022-04-01,2022-07-15,0.5,1,1,,Will aggressive Fed tightening trigger an equity selloff by mid-2022?,0.233671,,Will aggressive Fed tightening trigger an equity selloff by mid-2022?,0.233671,0.9837305768672826,0.5041007139080373,0.49589928609196265,1,1.0,1.0,1.0,True,True,True
2022-05-04,rate_hike_shock_2022,Monetary,monetary_policy,Will aggressive Fed tightening trigger an equity selloff by mid-2022?,0.242903,1.0266949125320384,0.242903,0.5,0.8869204367171575,0.9531337870775047,0.09655106636740621,0.19874407966844007,0.3525403718689648,0.37885939462722723,5.0,10.0,42,1.4,0.12,0.8453538346846586,rate_hike_shock_2022,substitute,,weighted_average,max,2022-04-01,2022-07-15,0.5,1,1,,Will aggressive Fed tightening trigger an equity selloff by mid-2022?,0.242903,,Will aggressive Fed tightening trigger an equity selloff by mid-2022?,0.242903,1.0266949125320384,0.4934141758665868,0.5065858241334131,1,1.0,1.0,1.0,True,True,True
2022-05-05,rate_hike_shock_2022,Monetary,monetary_policy,Will aggressive Fed tightening trigger an equity selloff by mid-2022?,0.252196,1.070246714750503,0.252196,0.5,0.8869204367171575,0.9569539574730467,0.10396942281582924,0.20612821538769302,0.365638653622762,0.39451042292421884,5.0,10.0,41,1.3666666666666667,0.12,0.8487420218802068,rate_hike_shock_2022,substitute,,weighted_average,max,2022-04-01,2022-07-15,0.5,1,1,,Will aggressive Fed tightening trigger an equity selloff by mid-2022?,0.252196,,Will aggressive Fed tightening trigger an equity selloff by mid-2022?,0.252196,1.070246714750503,0.4830342165863625,0.5169657834136375,1,1.0,1.0,1.0,True,True,True
2022-05-06,rate_hike_shock_2022,Monetary,monetary_policy,Will aggressive Fed tightening trigger an equity selloff by mid-2022?,0.261535,1.1143271292363905,0.261535,0.5,0.8869204367171575,0.9607894391523232,0.11169344373924434,0.21353440980986163,0.3787760640054059,0.4103232116818786,5.0,10.0,40,1.3333333333333333,0.12,0.8521437889662112,rate_hike_shock_2022,substitute,,weighted_average,max,2022-04-01,2022-07-15,0.5,1,1,,Will aggressive Fed tightening trigger an equity selloff by mid-2022?,0.261535,,Will aggressive Fed tightening trigger an equity selloff by mid-2022?,0.261535,1.1143271292363905,0.4729637084877965,0.5270362915122035,1,1.0,1.0,1.0,True,True,True
2022-05-09,rate_hike_shock_2022,Monetary,monetary_policy,Will aggressive Fed tightening trigger an equity selloff by mid-2022?,0.2897,1.2492314699935527,0.2897,0.5,0.8869204367171575,0.9723883668012469,0.1366180272320933,0.2357922458268783,0.41825792328658845,0.4585632736479926,5.0,10.0,37,1.2333333333333334,0.12,0.8624311149420454,rate_hike_shock_2022,substitute,,weighted_average,max,2022-04-01,2022-07-15,0.5,1,1,,Will aggressive Fed tightening trigger an equity selloff by mid-2022?,0.2897,,Will aggressive Fed tightening trigger an equity selloff by mid-2022?,0.2897,1.2492314699935527,0.4445963047115229,0.5554036952884771,1,1.0,1.0,1.0,True,True,True
2022-05-10,rate_hike_shock_2022,Monetary,monetary_policy,Will aggressive Fed tightening trigger an equity selloff by mid-2022?,0.299092,1.2949004917126188,0.299092,0.5,0.8869204367171575,0.9762857097579093,0.1454737060085084,0.24319223852277622,0.4313843327936876,0.4748502143876467,5.0,10.0,36,1.2,0.12,0.865887748059205,rate_hike_shock_2022,substitute,,weighted_average,max,2022-04-01,2022-07-15,0.5,1,1,,Will aggressive Fed tightening trigger an equity selloff by mid-2022?,0.299092,,Will aggressive Fed tightening trigger an equity selloff by mid-2022?,0.299092,1.2949004917126188,0.4357487410069482,0.5642512589930517,1,1.0,1.0,1.0,True,True,True
2022-05-11,rate_hike_shock_2022,Monetary,monetary_policy,Will aggressive Fed tightening trigger an equity selloff by mid-2022?,0.308465,1.3408329404114632,0.308465,0.5,0.8869204367171575,0.9801986733067553,0.15458308016350322,0.25056826570843244,0.44446823129916735,0.49121336324036,5.0,10.0,35,1.1666666666666667,0.12,0.8693582353988057,rate_hike_shock_2022,substitute,,weighted_average,max,2022-04-01,2022-07-15,0.5,1,1,,Will aggressive Fed tightening trigger an equity selloff by mid-2022?,0.308465,,Will aggressive Fed tightening trigger an equity selloff by mid-2022?,0.308465,1.3408329404114632,0.42719836291445196,0.572801637085548,1,1.0,1.0,1.0,True,True,True
2022-05-12,rate_hike_shock_2022,Monetary,monetary_policy,Will aggressive Fed tightening trigger an equity selloff by mid-2022?,0.317804,1.3869643998772245,0.317804,0.5,0.8869204367171575,0.9841273200552851,0.16392976408177823,0.25791016488429697,0.4574915921459495,0.5076328787651998,5.0,10.0,34,1.1333333333333333,0.12,0.8728426324887193,rate_hike_shock_2022,substitute,,weighted_average,max,2022-04-01,2022-07-15,0.5,1,1,,Will aggressive Fed tightening trigger an equity selloff by mid-2022?,0.317804,,Will aggressive Fed tightening trigger an equity selloff by mid-2022?,0.317804,1.3869643998772245,0.4189421509811524,0.5810578490188476,1,1.0,1.0,1.0,True,True,True
2022-05-13,rate_hike_shock_2022,Monetary,monetary_policy,Will aggressive Fed tightening trigger an equity selloff by mid-2022?,0.327097,1.4332425523373888,0.327097,0.5,0.8869204367171575,0.9880717128619305,0.17349884226245113,0.2652100787571441,0.4704404777461559,0.5240931535716377,5.0,10.0,33,1.1,0.12,0.8763409950793732,rate_hike_shock_2022,substitute,,weighted_average,max,2022-04-01,2022-07-15,0.5,1,1,,Will aggressive Fed tightening trigger an equity selloff by mid-2022?,0.327097,,Will aggressive Fed tightening trigger an equity selloff by mid-2022?,0.327097,1.4332425523373888,0.4109742364317085,0.5890257635682915,1,1.0,1.0,1.0,True,True,True
2022-05-16,rate_hike_shock_2022,Monetary,monetary_policy,Will aggressive Fed tightening trigger an equity selloff by mid-2022?,0.35456,1.5723325502121768,0.35456,0.5,0.8869204367171575,1.0,0.20335225505778287,0.2867670564330196,0.5086791258553349,0.5735341128660392,5.0,10.0,30,1.0,0.12,0.8869204367171575,rate_hike_shock_2022,substitute,,weighted_average,max,2022-04-01,2022-07-15,0.5,1,1,,Will aggressive Fed tightening trigger an equity selloff by mid-2022?,0.35456,,Will aggressive Fed tightening trigger an equity selloff by mid-2022?,0.35456,1.5723325502121768,0.38875222409229937,0.6112477759077006,1,1.0,1.0,1.0,True,True,True
2022-05-17,rate_hike_shock_2022,Monetary,monetary_policy,Will aggressive Fed tightening trigger an equity selloff by mid-2022?,0.363532,1.6185811943788841,0.363532,0.5,0.8904752232974726,1.0,0.21365450815718073,0.2938592863313006,0.5233488272278017,0.5877185726626012,5.0,10.0,29,0.9666666666666667,0.12,0.8904752232974726,rate_hike_shock_2022,substitute,,weighted_average,max,2022-04-01,2022-07-15,0.5,1,1,,Will aggressive Fed tightening trigger an equity selloff by mid-2022?,0.363532,,Will aggressive Fed tightening trigger an equity selloff by mid-2022?,0.363532,1.6185811943788841,0.38188619170817634,0.6181138082918236,1,1.0,1.0,1.0,True,True,True
2022-05-18,rate_hike_shock_2022,Monetary,monetary_policy,Will aggressive Fed tightening trigger an equity selloff by mid-2022?,0.37239,1.66466570525279,0.37239,0.5,0.8940442575003572,1.0,0.22408082183713574,0.30086847369308484,0.5379794623363996,0.6017369473861697,5.0,10.0,28,0.9333333333333333,0.12,0.8940442575003572,rate_hike_shock_2022,substitute,,weighted_average,max,2022-04-01,2022-07-15,0.5,1,1,,Will aggressive Fed tightening trigger an equity selloff by mid-2022?,0.37239,,Will aggressive Fed tightening trigger an equity selloff by mid-2022?,0.37239,1.66466570525279,0.37528159649772375,0.6247184035022763,1,1.0,1.0,1.0,True,True,True
2022-05-19,rate_hike_shock_2022,Monetary,monetary_policy,Will aggressive Fed tightening trigger an equity selloff by mid-2022?,0.381121,1.710523635895819,0.381121,0.5,0.8976275964304349,1.0,0.23460793807460617,0.3077866846416311,0.5525556438963192,0.6155733692832622,5.0,10.0,27,0.9,0.12,0.8976275964304349,rate_hike_shock_2022,substitute,,weighted_average,max,2022-04-01,2022-07-15,0.5,1,1,,Will aggressive Fed tightening trigger an equity selloff by mid-2022?,0.381121,,Will aggressive Fed tightening trigger an equity selloff by mid-2022?,0.381121,1.710523635895819,0.3689324035979134,0.6310675964020867,1,1.0,1.0,1.0,True,True,True
2022-05-20,rate_hike_shock_2022,Monetary,monetary_policy,Will aggressive Fed tightening trigger an equity selloff by mid-2022?,0.389711,1.7560870594165756,0.389711,0.5,0.9012252974212048,1.0,0.24521034200767688,0.31460536398469235,0.5670606254548216,0.6292107279693847,5.0,10.0,26,0.8666666666666667,0.12,0.9012252974212048,rate_hike_shock_2022,substitute,,weighted_average,max,2022-04-01,2022-07-15,0.5,1,1,,Will aggressive Fed tightening trigger an equity selloff by mid-2022?,0.389711,,Will aggressive Fed tightening trigger an equity selloff by mid-2022?,0.389711,1.7560870594165756,0.362833240910643,0.637166759089357,1,1.0,1.0,1.0,True,True,True
2022-05-23,rate_hike_shock_2022,Monetary,monetary_policy,Will aggressive Fed tightening trigger an equity selloff by mid-2022?,0.414507,1.890369846112434,0.414507,0.5,0.9121051495450904,1.0,0.2772122570578469,0.3343879078735062,0.6099938654340685,0.6687758157470124,5.0,10.0,23,0.7666666666666667,0.12,0.9121051495450904,rate_hike_shock_2022,substitute,,weighted_average,max,2022-04-01,2022-07-15,0.5,1,1,,Will aggressive Fed tightening trigger an equity selloff by mid-2022?,0.414507,,Will aggressive Fed tightening trigger an equity selloff by mid-2022?,0.414507,1.890369846112434,0.34597648510103524,0.6540235148989648,1,1.0,1.0,1.0,True,True,True
2022-05-24,rate_hike_shock_2022,Monetary,monetary_policy,Will aggressive Fed tightening trigger an equity selloff by mid-2022?,0.422403,1.9341007080528145,0.422403,0.5,0.9157608767233256,1.0,0.28785157477475504,0.34073097820654097,0.6240561986584365,0.6814619564130819,5.0,10.0,22,0.7333333333333333,0.12,0.9157608767233256,rate_hike_shock_2022,substitute,,weighted_average,max,2022-04-01,2022-07-15,0.5,1,1,,Will aggressive Fed tightening trigger an equity selloff by mid-2022?,0.422403,,Will aggressive Fed tightening trigger an equity selloff by mid-2022?,0.422403,1.9341007080528145,0.3408199307049824,0.6591800692950176,1,1.0,1.0,1.0,True,True,True
2022-05-25,rate_hike_shock_2022,Monetary,monetary_policy,Will aggressive Fed tightening trigger an equity selloff by mid-2022?,0.430091,1.9771955418260414,0.430091,0.5,0.9194312560951247,1.0,0.2984268699640984,0.3469345672940126,0.6379649699799053,0.6938691345880252,5.0,10.0,21,0.7,0.12,0.9194312560951247,rate_hike_shock_2022,substitute,,weighted_average,max,2022-04-01,2022-07-15,0.5,1,1,,Will aggressive Fed tightening trigger an equity selloff by mid-2022?,0.430091,,Will aggressive Fed tightening trigger an equity selloff by mid-2022?,0.430091,1.9771955418260414,0.33588657041541087,0.6641134295845892,1,1.0,1.0,1.0,True,True,True
2022-05-26,rate_hike_shock_2022,Monetary,monetary_policy,Will aggressive Fed tightening trigger an equity selloff by mid-2022?,0.437559,2.01958932704295,0.437559,0.5,0.9231163463866358,1.0,0.30890939353456803,0.3529917034440705,0.6517048231761704,0.705983406888141,5.0,10.0,20,0.6666666666666666,0.12,0.9231163463866358,rate_hike_shock_2022,substitute,,weighted_average,max,2022-04-01,2022-07-15,0.5,1,1,,Will aggressive Fed tightening trigger an equity selloff by mid-2022?,0.437559,,Will aggressive Fed tightening trigger an equity selloff by mid-2022?,0.437559,2.01958932704295,0.3311708618930935,0.6688291381069065,1,1.0,1.0,1.0,True,True,True
2022-05-27,rate_hike_shock_2022,Monetary,monetary_policy,Will aggressive Fed tightening trigger an equity selloff by mid-2022?,0.444792,2.061202170739804,0.444792,0.5,0.9268162065593822,1.0,0.31926578069860384,0.3588933486872559,0.6652563439794323,0.7177866973745118,5.0,10.0,19,0.6333333333333333,0.12,0.9268162065593822,rate_hike_shock_2022,substitute,,weighted_average,max,2022-04-01,2022-07-15,0.5,1,1,,Will aggressive Fed tightening trigger an equity selloff by mid-2022?,0.444792,,Will aggressive Fed tightening trigger an equity selloff by mid-2022?,0.444792,2.061202170739804,0.32666904837530836,0.6733309516246917,1,1.0,1.0,1.0,True,True,True
2022-05-31,rate_hike_shock_2022,Monetary,monetary_policy,Will aggressive Fed tightening trigger an equity selloff by mid-2022?,0.47112,2.218420535311056,0.47112,0.5,0.9417645335842487,1.0,0.3587997637893724,0.38079445129624345,0.7172374176329532,0.7615889025924869,5.0,10.0,15,0.5,0.12,0.9417645335842487,rate_hike_shock_2022,substitute,,weighted_average,max,2022-04-01,2022-07-15,0.5,1,1,,Will aggressive Fed tightening trigger an equity selloff by mid-2022?,0.47112,,Will aggressive Fed tightening trigger an equity selloff by mid-2022?,0.47112,2.218420535311056,0.3107114154376197,0.6892885845623803,1,1.0,1.0,1.0,True,True,True
2022-06-01,rate_hike_shock_2022,Monetary,monetary_policy,Will aggressive Fed tightening trigger an equity selloff by mid-2022?,0.476983,2.2550304682720443,0.476983,0.5,0.9455391358903963,1.0,0.3680421046734352,0.3858021194397234,0.7295820052794391,0.7716042388794468,5.0,10.0,14,0.4666666666666667,0.12,0.9455391358903963,rate_hike_shock_2022,substitute,,weighted_average,max,2022-04-01,2022-07-15,0.5,1,1,,Will aggressive Fed tightening trigger an equity selloff by mid-2022?,0.476983,,Will aggressive Fed tightening trigger an equity selloff by mid-2022?,0.476983,2.2550304682720443,0.3072167863703153,0.6927832136296848,1,1.0,1.0,1.0,True,True,True
2022-06-02,rate_hike_shock_2022,Monetary,monetary_policy,Will aggressive Fed tightening trigger an equity selloff by mid-2022?,0.482533,2.2904125305215,0.482533,0.5,0.9493288668428895,1.0,0.3769616986697401,0.39060716953010477,0.7416293232614456,0.7812143390602095,5.0,10.0,13,0.43333333333333335,0.12,0.9493288668428895,rate_hike_shock_2022,substitute,,weighted_average,max,2022-04-01,2022-07-15,0.5,1,1,,Will aggressive Fed tightening trigger an equity selloff by mid-2022?,0.482533,,Will aggressive Fed tightening trigger an equity selloff by mid-2022?,0.482533,2.2904125305215,0.3039132603356301,0.69608673966437,1,1.0,1.0,1.0,True,True,True
2022-06-03,rate_hike_shock_2022,Monetary,monetary_policy,Will aggressive Fed tightening trigger an equity selloff by mid-2022?,0.487754,2.3244740859110062,0.487754,0.5,0.9531337870775047,1.0,0.3855201610484152,0.3951993843704154,0.7533557717513449,0.7903987687408308,5.0,10.0,12,0.4,0.12,0.9531337870775047,rate_hike_shock_2022,substitute,,weighted_average,max,2022-04-01,2022-07-15,0.5,1,1,,Will aggressive Fed tightening trigger an equity selloff by mid-2022?,0.487754,,Will aggressive Fed tightening trigger an equity selloff by mid-2022?,0.487754,2.3244740859110062,0.30079945704433725,0.6992005429556627,1,1.0,1.0,1.0,True,True,True
2022-06-06,rate_hike_shock_2022,Monetary,monetary_policy,Will aggressive Fed tightening trigger an equity selloff by mid-2022?,0.50132,2.417967359644796,0.50132,0.5,0.9646402934831231,1.0,0.40869576015584197,0.40761964429490344,0.7864126666042438,0.8152392885898069,5.0,10.0,9,0.3,0.12,0.9646402934831231,rate_hike_shock_2022,substitute,,weighted_average,max,2022-04-01,2022-07-15,0.5,1,1,,Will aggressive Fed tightening trigger an equity selloff by mid-2022?,0.50132,,Will aggressive Fed tightening trigger an equity selloff by mid-2022?,0.50132,2.417967359644796,0.29257154758315845,0.7074284524168415,1,1.0,1.0,1.0,True,True,True
2022-06-07,rate_hike_shock_2022,Monetary,monetary_policy,Will aggressive Fed tightening trigger an equity selloff by mid-2022?,0.505098,2.445953687975193,0.505098,0.5,0.9685065820791976,1.0,0.41547094840197213,0.4112775623759865,0.7966500524452613,0.822555124751973,5.0,10.0,8,0.26666666666666666,0.12,0.9685065820791976,rate_hike_shock_2022,substitute,,weighted_average,max,2022-04-01,2022-07-15,0.5,1,1,,Will aggressive Fed tightening trigger an equity selloff by mid-2022?,0.505098,,Will aggressive Fed tightening trigger an equity selloff by mid-2022?,0.505098,2.445953687975193,0.290195426447414,0.709804573552586,1,1.0,1.0,1.0,True,True,True
2022-06-08,rate_hike_shock_2022,Monetary,monetary_policy,Will aggressive Fed tightening trigger an equity selloff by mid-2022?,0.508482,2.472209907639158,0.508482,0.5,0.9723883668012469,1.0,0.4217138230016802,0.41467920496859295,0.8064584697316992,0.8293584099371859,5.0,10.0,7,0.23333333333333334,0.12,0.9723883668012469,rate_hike_shock_2022,substitute,,weighted_average,max,2022-04-01,2022-07-15,0.5,1,1,,Will aggressive Fed tightening trigger an equity selloff by mid-2022?,0.508482,,Will aggressive Fed tightening trigger an equity selloff by mid-2022?,0.508482,2.472209907639158,0.28800102142440026,0.7119989785755998,1,1.0,1.0,1.0,True,True,True
2022-06-09,rate_hike_shock_2022,Monetary,monetary_policy,Will aggressive Fed tightening trigger an equity selloff by mid-2022?,0.511457,2.4966408012782555,0.511457,0.5,0.9762857097579093,1.0,0.42738767636482305,0.4178138889142421,0.8158114581707063,0.8356277778284842,5.0,10.0,6,0.2,0.12,0.9762857097579093,rate_hike_shock_2022,substitute,,weighted_average,max,2022-04-01,2022-07-15,0.5,1,1,,Will aggressive Fed tightening trigger an equity selloff by mid-2022?,0.511457,,Will aggressive Fed tightening trigger an equity selloff by mid-2022?,0.511457,2.4966408012782555,0.2859887694596578,0.7140112305403422,1,1.0,1.0,1.0,True,True,True
2022-06-10,rate_hike_shock_2022,Monetary,monetary_policy,Will aggressive Fed tightening trigger an equity selloff by mid-2022?,0.514012,2.51916940231876,0.514012,0.5,0.9801986733067553,1.0,0.43246232283135355,0.4206733722474899,0.8246869627449368,0.8413467444949798,5.0,10.0,5,0.16666666666666666,0.12,0.9801986733067553,rate_hike_shock_2022,substitute,,weighted_average,max,2022-04-01,2022-07-15,0.5,1,1,,Will aggressive Fed tightening trigger an equity selloff by mid-2022?,0.514012,,Will aggressive Fed tightening trigger an equity selloff by mid-2022?,0.514012,2.51916940231876,0.2841579604951969,0.7158420395048031,1,1.0,1.0,1.0,True,True,True
2022-06-13,rate_hike_shock_2022,Monetary,monetary_policy,Will aggressive Fed tightening trigger an equity selloff by mid-2022?,0.519015,2.574397221395785,0.519015,0.5,0.9920319148370607,1.0,0.4437495700511321,0.42749204748526737,0.848171508888851,0.8549840949705347,5.0,10.0,2,0.06666666666666667,0.12,0.9920319148370607,rate_hike_shock_2022,substitute,,weighted_average,max,2022-04-01,2022-07-15,0.5,1,1,,Will aggressive Fed tightening trigger an equity selloff by mid-2022?,0.519015,,Will aggressive Fed tightening trigger an equity selloff by mid-2022?,0.519015,2.574397221395785,0.2797674511422949,0.720232548857705,1,1.0,1.0,1.0,True,True,True
2022-06-14,rate_hike_shock_2022,Monetary,monetary_policy,Will aggressive Fed tightening trigger an equity selloff by mid-2022?,0.519752,2.5883857223875912,0.519752,0.5,0.9960079893439915,1.0,0.4460960622649013,0.42914318969903076,0.8548600910255976,0.8582863793980615,5.0,10.0,1,0.03333333333333333,0.12,0.9960079893439915,rate_hike_shock_2022,substitute,,weighted_average,max,2022-04-01,2022-07-15,0.5,1,1,,Will aggressive Fed tightening trigger an equity selloff by mid-2022?,0.519752,,Will aggressive Fed tightening trigger an equity selloff by mid-2022?,0.519752,2.5883857223875912,0.2786768417233122,0.7213231582766878,1,1.0,1.0,1.0,True,True,True
2022-06-15,rate_hike_shock_2022,Monetary,monetary_policy,Will aggressive Fed tightening trigger an equity selloff by mid-2022?,0.52,2.589620772294378,0.52,0.5,0.9960079893439915,1.0,0.44648515731749583,0.42931265126682294,0.855197661176413,0.8586253025336459,5.0,10.0,1,0.03333333333333333,0.12,0.9960079893439915,rate_hike_shock_2022,substitute,,weighted_average,max,2022-04-01,2022-07-15,0.5,1,1,,Will aggressive Fed tightening trigger an equity selloff by mid-2022?,0.52,,Will aggressive Fed tightening trigger an equity selloff by mid-2022?,0.52,2.589620772294378,0.2785809597822307,0.7214190402177694,1,1.0,1.0,1.0,True,True,True
2022-06-16,rate_hike_shock_2022,Monetary,monetary_policy,Will aggressive Fed tightening trigger an equity selloff by mid-2022?,0.518436,2.5818319898177076,0.518436,0.5,0.9960079893439915,1.0,0.4440336772568207,0.4282434835320278,0.8530678619648034,0.8564869670640556,5.0,10.0,1,0.03333333333333333,0.12,0.9960079893439915,rate_hike_shock_2022,substitute,,weighted_average,max,2022-04-01,2022-07-15,0.5,1,1,,Will aggressive Fed tightening trigger an equity selloff by mid-2022?,0.518436,,Will aggressive Fed tightening trigger an equity selloff by mid-2022?,0.518436,2.5818319898177076,0.27918674098694773,0.7208132590130523,1,1.0,1.0,1.0,True,True,True
2022-06-17,rate_hike_shock_2022,Monetary,monetary_policy,Will aggressive Fed tightening trigger an equity selloff by mid-2022?,0.513884,2.5591628479802386,0.513884,0.5,0.9960079893439915,1.0,0.43693024388496643,0.425125362810446,0.8468565156639345,0.850250725620892,5.0,10.0,1,0.03333333333333333,0.12,0.9960079893439915,rate_hike_shock_2022,substitute,,weighted_average,max,2022-04-01,2022-07-15,0.5,1,1,,Will aggressive Fed tightening trigger an equity selloff by mid-2022?,0.513884,,Will aggressive Fed tightening trigger an equity selloff by mid-2022?,0.513884,2.5591628479802386,0.2809649467338878,0.7190350532661123,1,1.0,1.0,1.0,True,True,True
2022-06-21,rate_hike_shock_2022,Monetary,monetary_policy,Will aggressive Fed tightening trigger an equity selloff by mid-2022?,0.47008,2.3410171781541176,0.47008,0.5,0.9960079893439915,1.0,0.37101574837302015,0.3946304335145296,0.7861101292375086,0.7892608670290592,5.0,10.0,1,0.03333333333333333,0.12,0.9960079893439915,rate_hike_shock_2022,substitute,,weighted_average,max,2022-04-01,2022-07-15,0.5,1,1,,Will aggressive Fed tightening trigger an equity selloff by mid-2022?,0.47008,,Will aggressive Fed tightening trigger an equity selloff by mid-2022?,0.47008,2.3410171781541176,0.2993100444196133,0.7006899555803867,1,1.0,1.0,1.0,True,True,True
2022-06-22,rate_hike_shock_2022,Monetary,monetary_policy,Will aggressive Fed tightening trigger an equity selloff by mid-2022?,0.453796,2.2599222076617296,0.453796,0.5,0.9960079893439915,1.0,0.34766501837165575,0.38306311467229304,0.7630678452731948,0.7661262293445861,5.0,10.0,1,0.03333333333333333,0.12,0.9960079893439915,rate_hike_shock_2022,substitute,,weighted_average,max,2022-04-01,2022-07-15,0.5,1,1,,Will aggressive Fed tightening trigger an equity selloff by mid-2022?,0.453796,,Will aggressive Fed tightening trigger an equity selloff by mid-2022?,0.453796,2.2599222076617296,0.30675578627297306,0.6932442137270269,1,1.0,1.0,1.0,True,True,True
2022-06-23,rate_hike_shock_2022,Monetary,monetary_policy,Will aggressive Fed tightening trigger an equity selloff by mid-2022?,0.435804,2.1703213289403442,0.435804,0.5,0.9960079893439915,1.0,0.32261097228446545,0.3701331014452201,0.7373110523202185,0.7402662028904402,5.0,10.0,1,0.03333333333333333,0.12,0.9960079893439915,rate_hike_shock_2022,substitute,,weighted_average,max,2022-04-01,2022-07-15,0.5,1,1,,Will aggressive Fed tightening trigger an equity selloff by mid-2022?,0.435804,,Will aggressive Fed tightening trigger an equity selloff by mid-2022?,0.435804,2.1703213289403442,0.3154254399613942,0.6845745600386057,1,1.0,1.0,1.0,True,True,True
2022-06-24,rate_hike_shock_2022,Monetary,monetary_policy,Will aggressive Fed tightening trigger an equity selloff by mid-2022?,0.41632,2.0732902306184524,0.41632,0.5,0.9960079893439915,1.0,0.2963787705125552,0.3559506755771464,0.709059433374458,0.7119013511542928,5.0,10.0,1,0.03333333333333333,0.12,0.9960079893439915,rate_hike_shock_2022,substitute,,weighted_average,max,2022-04-01,2022-07-15,0.5,1,1,,Will aggressive Fed tightening trigger an equity selloff by mid-2022?,0.41632,,Will aggressive Fed tightening trigger an equity selloff by mid-2022?,0.41632,2.0732902306184524,0.32538417297437133,0.6746158270256286,1,1.0,1.0,1.0,True,True,True
2022-06-27,rate_hike_shock_2022,Monetary,monetary_policy,Will aggressive Fed tightening trigger an equity selloff by mid-2022?,0.35104,1.748193222896574,0.35104,0.5,0.9960079893439915,1.0,0.21555159985449246,0.30701857317469866,0.6115859035179855,0.6140371463493973,5.0,10.0,1,0.03333333333333333,0.12,0.9960079893439915,rate_hike_shock_2022,substitute,,weighted_average,max,2022-04-01,2022-07-15,0.5,1,1,,Will aggressive Fed tightening trigger an equity selloff by mid-2022?,0.35104,,Will aggressive Fed tightening trigger an equity selloff by mid-2022?,0.35104,1.748193222896574,0.3638754333823762,0.6361245666176238,1,1.0,1.0,1.0,True,True,True
2022-06-28,rate_hike_shock_2022,Monetary,monetary_policy,Will aggressive Fed tightening trigger an equity selloff by mid-2022?,0.327716,1.6320387711792776,0.327716,0.5,0.9960079893439915,1.0,0.18941129513867383,0.2889869508029419,0.5756666236317782,0.5779739016058838,5.0,10.0,1,0.03333333333333333,0.12,0.9960079893439915,rate_hike_shock_2022,substitute,,weighted_average,max,2022-04-01,2022-07-15,0.5,1,1,,Will aggressive Fed tightening trigger an equity selloff by mid-2022?,0.327716,,Will aggressive Fed tightening trigger an equity selloff by mid-2022?,0.327716,1.6320387711792776,0.3799336130417079,0.6200663869582921,1,1.0,1.0,1.0,True,True,True
2022-06-29,rate_hike_shock_2022,Monetary,monetary_policy,Will aggressive Fed tightening trigger an equity selloff by mid-2022?,0.303964,1.5137528623647853,0.303964,0.5,0.9960079893439915,1.0,0.16433249218455687,0.27031571532246723,0.5384732242128267,0.5406314306449345,5.0,10.0,1,0.03333333333333333,0.12,0.9960079893439915,rate_hike_shock_2022,substitute,,weighted_average,max,2022-04-01,2022-07-15,0.5,1,1,,Will aggressive Fed tightening trigger an equity selloff by mid-2022?,0.303964,,Will aggressive Fed tightening trigger an equity selloff by mid-2022?,0.303964,1.5137528623647853,0.39781158083267626,0.6021884191673237,1,1.0,1.0,1.0,True,True,True
2022-06-30,rate_hike_shock_2022,Monetary,monetary_policy,Will aggressive Fed tightening trigger an equity selloff by mid-2022?,0.28,1.3944111850815881,0.28,0.5,0.9960079893439915,1.0,0.14064625653873203,0.25115402953345,0.500302839942506,0.5023080590669,5.0,10.0,1,0.03333333333333333,0.12,0.9960079893439915,rate_hike_shock_2022,substitute,,weighted_average,max,2022-04-01,2022-07-15,0.5,1,1,,Will aggressive Fed tightening trigger an equity selloff by mid-2022?,0.28,,Will aggressive Fed tightening trigger an equity selloff by mid-2022?,0.28,1.3944111850815881,0.4176392117738648,0.5823607882261352,1,1.0,1.0,1.0,True,True,True
2022-07-01,rate_hike_shock_2022,Monetary,monetary_policy,Will aggressive Fed tightening trigger an equity selloff by mid-2022?,0.256036,1.275069507798391,0.256036,0.5,0.9960079893439915,1.0,0.11862590051712378,0.23165863495196726,0.4614677024253653,0.4633172699039345,5.0,10.0,1,0.03333333333333333,0.12,0.9960079893439915,rate_hike_shock_2022,substitute,,weighted_average,max,2022-04-01,2022-07-15,0.5,1,1,,Will aggressive Fed tightening trigger an equity selloff by mid-2022?,0.256036,,Will aggressive Fed tightening trigger an equity selloff by mid-2022?,0.256036,1.275069507798391,0.4395470101340818,0.5604529898659182,1,1.0,1.0,1.0,True,True,True
2022-07-05,rate_hike_shock_2022,Monetary,monetary_policy,Will aggressive Fed tightening trigger an equity selloff by mid-2022?,0.164444,0.8189376889984168,0.164444,0.5,0.9960079893439915,1.0,0.05061898875418615,0.1539095033998995,0.30659019004453225,0.307819006799799,5.0,10.0,1,0.03333333333333333,0.12,0.9960079893439915,rate_hike_shock_2022,substitute,,weighted_average,max,2022-04-01,2022-07-15,0.5,1,1,,Will aggressive Fed tightening trigger an equity selloff by mid-2022?,0.164444,,Will aggressive Fed tightening trigger an equity selloff by mid-2022?,0.164444,0.8189376889984168,0.549771444095285,0.450228555904715,1,1.0,1.0,1.0,True,True,True
2022-07-06,rate_hike_shock_2022,Monetary,monetary_policy,Will aggressive Fed tightening trigger an equity selloff by mid-2022?,0.14368,0.7155321395447235,0.14368,0.5,0.9960079893439915,1.0,0.038946897597293445,0.1355334688101804,0.2699848355168888,0.2710669376203608,5.0,10.0,1,0.03333333333333333,0.12,0.9960079893439915,rate_hike_shock_2022,substitute,,weighted_average,max,2022-04-01,2022-07-15,0.5,1,1,,Will aggressive Fed tightening trigger an equity selloff by mid-2022?,0.14368,,Will aggressive Fed tightening trigger an equity selloff by mid-2022?,0.14368,0.7155321395447235,0.5829095106696078,0.41709048933039217,1,1.0,1.0,1.0,True,True,True
2022-07-07,rate_hike_shock_2022,Monetary,monetary_policy,Will aggressive Fed tightening trigger an equity selloff by mid-2022?,0.124196,0.6185010412228318,0.124196,0.5,0.9960079893439915,1.0,0.0293165553629062,0.11802536057081628,0.23510840414747666,0.23605072114163256,5.0,10.0,1,0.03333333333333333,0.12,0.9960079893439915,rate_hike_shock_2022,substitute,,weighted_average,max,2022-04-01,2022-07-15,0.5,1,1,,Will aggressive Fed tightening trigger an equity selloff by mid-2022?,0.124196,,Will aggressive Fed tightening trigger an equity selloff by mid-2022?,0.124196,0.6185010412228318,0.617855642060302,0.38214435793969803,1,1.0,1.0,1.0,True,True,True
2022-07-08,rate_hike_shock_2022,Monetary,monetary_policy,Will aggressive Fed tightening trigger an equity selloff by mid-2022?,0.106204,0.5289001625014464,0.106204,0.5,0.9960079893439915,1.0,0.02158598649469147,0.10162511061114207,0.20243884417332872,0.20325022122228414,5.0,10.0,1,0.03333333333333333,0.12,0.9960079893439915,rate_hike_shock_2022,substitute,,weighted_average,max,2022-04-01,2022-07-15,0.5,1,1,,Will aggressive Fed tightening trigger an equity selloff by mid-2022?,0.106204,,Will aggressive Fed tightening trigger an equity selloff by mid-2022?,0.106204,0.5289001625014464,0.654064944544117,0.345935055455883,1,1.0,1.0,1.0,True,True,True
2022-07-11,rate_hike_shock_2022,Monetary,monetary_policy,Will aggressive Fed tightening trigger an equity selloff by mid-2022?,0.063324,0.3153560495860946,0.063324,0.5,0.9960079893439915,1.0,0.007802663572813182,0.06160905480396991,0.1227262216013717,0.12321810960793982,5.0,10.0,1,0.03333333333333333,0.12,0.9960079893439915,rate_hike_shock_2022,substitute,,weighted_average,max,2022-04-01,2022-07-15,0.5,1,1,,Will aggressive Fed tightening trigger an equity selloff by mid-2022?,0.063324,,Will aggressive Fed tightening trigger an equity selloff by mid-2022?,0.063324,0.3153560495860946,0.7602504282507172,0.2397495717492828,1,1.0,1.0,1.0,True,True,True
2022-07-12,rate_hike_shock_2022,Monetary,monetary_policy,Will aggressive Fed tightening trigger an equity selloff by mid-2022?,0.05344,0.2661333347527145,0.05344,0.5,0.9960079893439915,1.0,0.005578527378722727,0.05219430556439677,0.10397189068080148,0.10438861112879354,5.0,10.0,1,0.03333333333333333,0.12,0.9960079893439915,rate_hike_shock_2022,substitute,,weighted_average,max,2022-04-01,2022-07-15,0.5,1,1,,Will aggressive Fed tightening trigger an equity selloff by mid-2022?,0.05344,,Will aggressive Fed tightening trigger an equity selloff by mid-2022?,0.05344,0.2661333347527145,0.7898062333184741,0.2101937666815259,1,1.0,1.0,1.0,True,True,True
2022-07-13,rate_hike_shock_2022,Monetary,monetary_policy,Will aggressive Fed tightening trigger an equity selloff by mid-2022?,0.046116,0.22965952218293753,0.046116,0.5,0.9960079893439915,1.0,0.0041661927464527035,0.04517079480497771,0.08998094502155173,0.09034158960995542,5.0,10.0,1,0.03333333333333333,0.12,0.9960079893439915,rate_hike_shock_2022,substitute,,weighted_average,max,2022-04-01,2022-07-15,0.5,1,1,,Will aggressive Fed tightening trigger an equity selloff by mid-2022?,0.046116,,Will aggressive Fed tightening trigger an equity selloff by mid-2022?,0.046116,0.22965952218293753,0.813233242178097,0.186766757821903,1,1.0,1.0,1.0,True,True,True
2022-07-14,rate_hike_shock_2022,Monetary,monetary_policy,Will aggressive Fed tightening trigger an equity selloff by mid-2022?,0.041564,0.2069903803454683,0.041564,0.5,0.9960079893439915,1.0,0.00339038585104463,0.040785124759944065,0.08124462021459147,0.08157024951988813,5.0,10.0,1,0.03333333333333333,0.12,0.9960079893439915,rate_hike_shock_2022,substitute,,weighted_average,max,2022-04-01,2022-07-15,0.5,1,1,,Will aggressive Fed tightening trigger an equity selloff by mid-2022?,0.041564,,Will aggressive Fed tightening trigger an equity selloff by mid-2022?,0.041564,0.2069903803454683,0.8285070173581476,0.17149298264185242,1,1.0,1.0,1.0,True,True,True
2022-07-15,rate_hike_shock_2022,Monetary,monetary_policy,Will aggressive Fed tightening trigger an equity selloff by mid-2022?,0.04,0.19920159786879832,0.04,0.5,0.9960079893439915,1.0,0.0031419711405613884,0.03927463925701735,0.07823570895718489,0.0785492785140347,5.0,10.0,1,0.03333333333333333,0.12,0.9960079893439915,rate_hike_shock_2022,substitute,,weighted_average,max,2022-04-01,2022-07-15,0.5,1,1,,Will aggressive Fed tightening trigger an equity selloff by mid-2022?,0.04,,Will aggressive Fed tightening trigger an equity selloff by mid-2022?,0.04,0.19920159786879832,0.833888148395719,0.166111851604281,1,1.0,1.0,1.0,True,True,True
2023-02-15,svb_contagion_2023,Sovereign,systemic_credit,Will a major US bank failure trigger a March 2023 equity drawdown?,0.04,0.28523716605018606,0.04,0.8,0.8913661439068313,1.0,0.004177208781568843,0.08354417563137685,0.09308556209801931,0.10443021953922106,8.0,10.0,23,0.7666666666666667,0.15,0.8913661439068313,svb_contagion_2023,substitute,,weighted_average,max,2023-02-15,2023-03-24,0.5,1,1,,Will a major US bank failure trigger a March 2023 equity drawdown?,0.04,,Will a major US bank failure trigger a March 2023 equity drawdown?,0.04,0.28523716605018606,0.7780665128703195,0.22193348712968053,1,1.0,1.0,1.0,True,True,True
2023-02-16,svb_contagion_2023,Sovereign,systemic_credit,Will a major US bank failure trigger a March 2023 equity drawdown?,0.042503,0.30460510602006674,0.042503,0.8,0.8958341352965282,1.0,0.0047279170465505645,0.08898980394890836,0.09965013008847237,0.11123725493613545,8.0,10.0,22,0.7333333333333333,0.15,0.8958341352965282,svb_contagion_2023,substitute,,weighted_average,max,2023-02-15,2023-03-24,0.5,1,1,,Will a major US bank failure trigger a March 2023 equity drawdown?,0.042503,,Will a major US bank failure trigger a March 2023 equity drawdown?,0.042503,0.30460510602006674,0.7665154730619447,0.23348452693805533,1,1.0,1.0,1.0,True,True,True
2023-02-17,svb_contagion_2023,Sovereign,systemic_credit,Will a major US bank failure trigger a March 2023 equity drawdown?,0.049684,0.3578537886414082,0.049684,0.8,0.9003245225862656,1.0,0.006465291830491771,0.10410259770536624,0.1171576519738424,0.13012824713170779,8.0,10.0,21,0.7,0.15,0.9003245225862656,svb_contagion_2023,substitute,,weighted_average,max,2023-02-15,2023-03-24,0.5,1,1,,Will a major US bank failure trigger a March 2023 equity drawdown?,0.049684,,Will a major US bank failure trigger a March 2023 equity drawdown?,0.049684,0.3578537886414082,0.7364563168472973,0.2635436831527027,1,1.0,1.0,1.0,True,True,True
2023-02-21,svb_contagion_2023,Sovereign,systemic_credit,Will a major US bank failure trigger a March 2023 equity drawdown?,0.115335,0.8474929145715366,0.115335,0.8,0.9185122844014574,1.0,0.03449218870760469,0.2392487186550809,0.27469110888999987,0.29906089831885113,8.0,10.0,17,0.5666666666666667,0.15,0.9185122844014574,svb_contagion_2023,substitute,,weighted_average,max,2023-02-15,2023-03-24,0.5,1,1,,Will a major US bank failure trigger a March 2023 equity drawdown?,0.115335,,Will a major US bank failure trigger a March 2023 equity drawdown?,0.115335,0.8474929145715366,0.5412740650385206,0.4587259349614794,1,1.0,1.0,1.0,True,True,True
2023-02-22,svb_contagion_2023,Sovereign,systemic_credit,Will a major US bank failure trigger a March 2023 equity drawdown?,0.138519,1.0229532254810434,0.138519,0.8,0.9231163463866358,1.0,0.049516601763858616,0.28597724074738406,0.32998783203557064,0.35747155093423005,8.0,10.0,16,0.5333333333333333,0.15,0.9231163463866358,svb_contagion_2023,substitute,,weighted_average,max,2023-02-15,2023-03-24,0.5,1,1,,Will a major US bank failure trigger a March 2023 equity drawdown?,0.138519,,Will a major US bank failure trigger a March 2023 equity drawdown?,0.138519,1.0229532254810434,0.4943268027179459,0.5056731972820541,1,1.0,1.0,1.0,True,True,True
2023-02-23,svb_contagion_2023,Sovereign,systemic_credit,Will a major US bank failure trigger a March 2023 equity drawdown?,0.163425,1.2129318340259498,0.163425,0.8,0.9277434863285529,1.0,0.06856168566897028,0.33562397757488893,0.3892161988134794,0.4195299719686112,8.0,10.0,15,0.5,0.15,0.9277434863285529,svb_contagion_2023,substitute,,weighted_average,max,2023-02-15,2023-03-24,0.5,1,1,,Will a major US bank failure trigger a March 2023 equity drawdown?,0.163425,,Will a major US bank failure trigger a March 2023 equity drawdown?,0.163425,1.2129318340259498,0.4518892017476728,0.5481107982523272,1,1.0,1.0,1.0,True,True,True
2023-02-24,svb_contagion_2023,Sovereign,systemic_credit,Will a major US bank failure trigger a March 2023 equity drawdown?,0.189563,1.4139789574626505,0.189563,0.8,0.9323938199059483,1.0,0.09173239360947162,0.3871320610434383,0.45119942650544276,0.48391507630429786,8.0,10.0,14,0.4666666666666667,0.15,0.9323938199059483,svb_contagion_2023,substitute,,weighted_average,max,2023-02-15,2023-03-24,0.5,1,1,,Will a major US bank failure trigger a March 2023 equity drawdown?,0.189563,,Will a major US bank failure trigger a March 2023 equity drawdown?,0.189563,1.4139789574626505,0.41425381812404305,0.585746181875957,1,1.0,1.0,1.0,True,True,True
2023-02-27,svb_contagion_2023,Sovereign,systemic_credit,Will a major US bank failure trigger a March 2023 equity drawdown?,0.270437,2.0477168316567704,0.270437,0.8,0.9464851479534839,1.0,0.18355740375283305,0.5429949415289568,0.6424208094637849,0.6787436769111959,8.0,10.0,11,0.36666666666666664,0.15,0.9464851479534839,svb_contagion_2023,substitute,,weighted_average,max,2023-02-15,2023-03-24,0.5,1,1,,Will a major US bank failure trigger a March 2023 equity drawdown?,0.270437,,Will a major US bank failure trigger a March 2023 equity drawdown?,0.270437,2.0477168316567704,0.32811447232005136,0.6718855276799487,1,1.0,1.0,1.0,True,True,True
2023-02-28,svb_contagion_2023,Sovereign,systemic_credit,Will a major US bank failure trigger a March 2023 equity drawdown?,0.296575,2.256886932570394,0.296575,0.8,0.951229424500714,1.0,0.21961259608602152,0.5923967862052338,0.7043815675225963,0.7404959827565423,8.0,10.0,10,0.3333333333333333,0.15,0.951229424500714,svb_contagion_2023,substitute,,weighted_average,max,2023-02-15,2023-03-24,0.5,1,1,,Will a major US bank failure trigger a March 2023 equity drawdown?,0.296575,,Will a major US bank failure trigger a March 2023 equity drawdown?,0.296575,2.256886932570394,0.3070416691471638,0.6929583308528362,1,1.0,1.0,1.0,True,True,True
2023-03-01,svb_contagion_2023,Sovereign,systemic_credit,Will a major US bank failure trigger a March 2023 equity drawdown?,0.321481,2.4586802116574944,0.321481,0.8,0.9559974818331,1.0,0.25683980498640235,0.6391414857771436,0.7637720636725193,0.7989268572214294,8.0,10.0,9,0.3,0.15,0.9559974818331,svb_contagion_2023,substitute,,weighted_average,max,2023-02-15,2023-03-24,0.5,1,1,,Will a major US bank failure trigger a March 2023 equity drawdown?,0.321481,,Will a major US bank failure trigger a March 2023 equity drawdown?,0.321481,2.4586802116574944,0.2891276263788414,0.7108723736211586,1,1.0,1.0,1.0,True,True,True
2023-03-02,svb_contagion_2023,Sovereign,systemic_credit,Will a major US bank failure trigger a March 2023 equity drawdown?,0.344665,2.6492039363634836,0.344665,0.8,0.9607894391523232,1.0,0.294027136001377,0.6824647376469952,0.8196311406563674,0.853080922058744,8.0,10.0,8,0.26666666666666666,0.15,0.9607894391523232,svb_contagion_2023,substitute,,weighted_average,max,2023-02-15,2023-03-24,0.5,1,1,,Will a major US bank failure trigger a March 2023 equity drawdown?,0.344665,,Will a major US bank failure trigger a March 2023 equity drawdown?,0.344665,2.6492039363634836,0.27403236909705936,0.7259676309029406,1,1.0,1.0,1.0,True,True,True
2023-03-03,svb_contagion_2023,Sovereign,systemic_credit,Will a major US bank failure trigger a March 2023 equity drawdown?,0.365632,2.8244499164566923,0.365632,0.8,0.9656054162575665,1.0,0.32980867771060945,0.721618846732473,0.8709988335980184,0.9020235584155912,8.0,10.0,7,0.23333333333333334,0.15,0.9656054162575665,svb_contagion_2023,substitute,,weighted_average,max,2023-02-15,2023-03-24,0.5,1,1,,Will a major US bank failure trigger a March 2023 equity drawdown?,0.365632,,Will a major US bank failure trigger a March 2023 equity drawdown?,0.365632,2.8244499164566923,0.26147551199375835,0.7385244880062416,1,1.0,1.0,1.0,True,True,True
2023-03-06,svb_contagion_2023,Sovereign,systemic_credit,Will a major US bank failure trigger a March 2023 equity drawdown?,0.410316,3.2175295906922767,0.410316,0.8,0.9801986733067553,1.0,0.413790252268669,0.8067738080282884,0.9884982703599589,1.0084672600353604,8.0,10.0,4,0.13333333333333333,0.15,0.9801986733067553,svb_contagion_2023,substitute,,weighted_average,max,2023-02-15,2023-03-24,0.5,1,1,,Will a major US bank failure trigger a March 2023 equity drawdown?,0.410316,,Will a major US bank failure trigger a March 2023 equity drawdown?,0.410316,3.2175295906922767,0.23710562747607358,0.7628943725239264,1,1.0,1.0,1.0,True,True,True
2023-03-07,svb_contagion_2023,Sovereign,systemic_credit,Will a major US bank failure trigger a March 2023 equity drawdown?,0.417497,3.290250235587679,0.417497,0.8,0.9851119396030626,1.0,0.4289220533985659,0.8218924752006667,1.0120701129876135,1.0273655940008333,8.0,10.0,3,0.1,0.15,0.9851119396030626,svb_contagion_2023,substitute,,weighted_average,max,2023-02-15,2023-03-24,0.5,1,1,,Will a major US bank failure trigger a March 2023 equity drawdown?,0.417497,,Will a major US bank failure trigger a March 2023 equity drawdown?,0.417497,3.290250235587679,0.23308663716279004,0.76691336283721,1,1.0,1.0,1.0,True,True,True
2023-03-08,svb_contagion_2023,Sovereign,systemic_credit,Will a major US bank failure trigger a March 2023 equity drawdown?,0.42,3.3265674413972053,0.42,0.8,0.9900498337491681,1.0,0.4352450577862274,0.8290382053070998,1.0259864216700036,1.0362977566338747,8.0,10.0,2,0.06666666666666667,0.15,0.9900498337491681,svb_contagion_2023,substitute,,weighted_average,max,2023-02-15,2023-03-24,0.5,1,1,,Will a major US bank failure trigger a March 2023 equity drawdown?,0.42,,Will a major US bank failure trigger a March 2023 equity drawdown?,0.42,3.3265674413972053,0.2311301080001341,0.7688698919998659,1,1.0,1.0,1.0,True,True,True
2023-03-09,svb_contagion_2023,Sovereign,systemic_credit,Will a major US bank failure trigger a March 2023 equity drawdown?,0.41562,3.3083766928165015,0.41562,0.8,0.9950124791926823,1.0,0.428273098830093,0.8243551298399366,1.0253045518465511,1.0304439122999207,8.0,10.0,1,0.03333333333333333,0.15,0.9950124791926823,svb_contagion_2023,substitute,,weighted_average,max,2023-02-15,2023-03-24,0.5,1,1,,Will a major US bank failure trigger a March 2023 equity drawdown?,0.41562,,Will a major US bank failure trigger a March 2023 equity drawdown?,0.41562,3.3083766928165015,0.2321059812776661,0.7678940187223339,1,1.0,1.0,1.0,True,True,True
2023-03-10,svb_contagion_2023,Sovereign,systemic_credit,Will a major US bank failure trigger a March 2023 equity drawdown?,0.403242,3.209846577076925,0.403242,0.8,0.9950124791926823,1.0,0.404703553721084,0.8028996061344484,0.9986189095533321,1.0036245076680606,8.0,10.0,1,0.03333333333333333,0.15,0.9950124791926823,svb_contagion_2023,substitute,,weighted_average,max,2023-02-15,2023-03-24,0.5,1,1,,Will a major US bank failure trigger a March 2023 equity drawdown?,0.403242,,Will a major US bank failure trigger a March 2023 equity drawdown?,0.403242,3.209846577076925,0.23753834770252893,0.7624616522974711,1,1.0,1.0,1.0,True,True,True
2023-03-13,svb_contagion_2023,Sovereign,systemic_credit,Will a major US bank failure trigger a March 2023 equity drawdown?,0.329546,2.623219059744254,0.329546,0.8,0.9950124791926823,1.0,0.27666992121262535,0.6716389729206251,0.8353614494602224,0.8395487161507813,8.0,10.0,1,0.03333333333333333,0.15,0.9950124791926823,svb_contagion_2023,substitute,,weighted_average,max,2023-02-15,2023-03-24,0.5,1,1,,Will a major US bank failure trigger a March 2023 equity drawdown?,0.329546,,Will a major US bank failure trigger a March 2023 equity drawdown?,0.329546,2.623219059744254,0.2759976649246776,0.7240023350753224,1,1.0,1.0,1.0,True,True,True
2023-03-14,svb_contagion_2023,Sovereign,systemic_credit,Will a major US bank failure trigger a March 2023 equity drawdown?,0.296602,2.3609815308280635,0.296602,0.8,0.9950124791926823,1.0,0.2265068457660763,0.6109381481340688,0.7598638517603324,0.7636726851675859,8.0,10.0,1,0.03333333333333333,0.15,0.9950124791926823,svb_contagion_2023,substitute,,weighted_average,max,2023-02-15,2023-03-24,0.5,1,1,,Will a major US bank failure trigger a March 2023 equity drawdown?,0.296602,,Will a major US bank failure trigger a March 2023 equity drawdown?,0.296602,2.3609815308280635,0.2975321318572151,0.702467868142785,1,1.0,1.0,1.0,True,True,True
2023-03-15,svb_contagion_2023,Sovereign,systemic_credit,Will a major US bank failure trigger a March 2023 equity drawdown?,0.261372,2.080547213692398,0.261372,0.8,0.9950124791926823,1.0,0.17792159004839886,0.5445773534989177,0.6773265782714346,0.680721691873647,8.0,10.0,1,0.03333333333333333,0.15,0.9950124791926823,svb_contagion_2023,substitute,,weighted_average,max,2023-02-15,2023-03-24,0.5,1,1,,Will a major US bank failure trigger a March 2023 equity drawdown?,0.261372,,Will a major US bank failure trigger a March 2023 equity drawdown?,0.261372,2.080547213692398,0.3246176509015041,0.6753823490984959,1,1.0,1.0,1.0,True,True,True
2023-03-16,svb_contagion_2023,Sovereign,systemic_credit,Will a major US bank failure trigger a March 2023 equity drawdown?,0.225,1.7910224625468283,0.225,0.8,0.9950124791926823,1.0,0.1334365526134389,0.4744410759588939,0.5900934890258783,0.5930513449486172,8.0,10.0,1,0.03333333333333333,0.15,0.9950124791926823,svb_contagion_2023,substitute,,weighted_average,max,2023-02-15,2023-03-24,0.5,1,1,,Will a major US bank failure trigger a March 2023 equity drawdown?,0.225,,Will a major US bank failure trigger a March 2023 equity drawdown?,0.225,1.7910224625468283,0.3582916344884923,0.6417083655115077,1,1.0,1.0,1.0,True,True,True
2023-03-17,svb_contagion_2023,Sovereign,systemic_credit,Will a major US bank failure trigger a March 2023 equity drawdown?,0.188628,1.5014977114012584,0.188628,0.8,0.9950124791926823,1.0,0.09492581706185721,0.4025948090924241,0.5007335738814469,0.5032435113655301,8.0,10.0,1,0.03333333333333333,0.15,0.9950124791926823,svb_contagion_2023,substitute,,weighted_average,max,2023-02-15,2023-03-24,0.5,1,1,,Will a major US bank failure trigger a March 2023 equity drawdown?,0.188628,,Will a major US bank failure trigger a March 2023 equity drawdown?,0.188628,1.5014977114012584,0.39976050965076926,0.6002394903492307,1,1.0,1.0,1.0,True,True,True
2023-03-20,svb_contagion_2023,Sovereign,systemic_credit,Will a major US bank failure trigger a March 2023 equity drawdown?,0.090937,0.7238675985627596,0.090937,0.8,0.9950124791926823,1.0,0.022809251612026134,0.2006598116236615,0.24957377079749507,0.25082476452957686,8.0,10.0,1,0.03333333333333333,0.15,0.9950124791926823,svb_contagion_2023,substitute,,weighted_average,max,2023-02-15,2023-03-24,0.5,1,1,,Will a major US bank failure trigger a March 2023 equity drawdown?,0.090937,,Will a major US bank failure trigger a March 2023 equity drawdown?,0.090937,0.7238675985627596,0.5800909541044394,0.41990904589556055,1,1.0,1.0,1.0,True,True,True
2023-03-21,svb_contagion_2023,Sovereign,systemic_credit,Will a major US bank failure trigger a March 2023 equity drawdown?,0.065991,0.5252949481152345,0.065991,0.8,0.9950124791926823,1.0,0.012116286880872346,0.1468841130562937,0.18268940685770133,0.18360514132036715,8.0,10.0,1,0.03333333333333333,0.15,0.9950124791926823,svb_contagion_2023,substitute,,weighted_average,max,2023-02-15,2023-03-24,0.5,1,1,,Will a major US bank failure trigger a March 2023 equity drawdown?,0.065991,,Will a major US bank failure trigger a March 2023 equity drawdown?,0.065991,0.5252949481152345,0.6556109041308193,0.34438909586918065,1,1.0,1.0,1.0,True,True,True
2023-03-22,svb_contagion_2023,Sovereign,systemic_credit,Will a major US bank failure trigger a March 2023 equity drawdown?,0.046758,0.3721983480167315,0.046758,0.8,0.9950124791926823,1.0,0.00612408724912591,0.10477928481330955,0.13032086993765912,0.13097410601663692,8.0,10.0,1,0.03333333333333333,0.15,0.9950124791926823,svb_contagion_2023,substitute,,weighted_average,max,2023-02-15,2023-03-24,0.5,1,1,,Will a major US bank failure trigger a March 2023 equity drawdown?,0.046758,,Will a major US bank failure trigger a March 2023 equity drawdown?,0.046758,0.3721983480167315,0.7287576183467369,0.2712423816532631,1,1.0,1.0,1.0,True,True,True
2023-03-23,svb_contagion_2023,Sovereign,systemic_credit,Will a major US bank failure trigger a March 2023 equity drawdown?,0.03438,0.27366823227715537,0.03438,0.8,0.9950124791926823,1.0,0.0033253477185933617,0.07737865546465066,0.09624090976309804,0.09672331933081331,8.0,10.0,1,0.03333333333333333,0.15,0.9950124791926823,svb_contagion_2023,substitute,,weighted_average,max,2023-02-15,2023-03-24,0.5,1,1,,Will a major US bank failure trigger a March 2023 equity drawdown?,0.03438,,Will a major US bank failure trigger a March 2023 equity drawdown?,0.03438,0.27366823227715537,0.7851338163723597,0.21486618362764032,1,1.0,1.0,1.0,True,True,True
2023-03-24,svb_contagion_2023,Sovereign,systemic_credit,Will a major US bank failure trigger a March 2023 equity drawdown?,0.03,0.23880299500624375,0.03,0.8,0.9950124791926823,1.0,0.0025359498065773605,0.06762532817539628,0.08411005680502474,0.08453166021924534,8.0,10.0,1,0.03333333333333333,0.15,0.9950124791926823,svb_contagion_2023,substitute,,weighted_average,max,2023-02-15,2023-03-24,0.5,1,1,,Will a major US bank failure trigger a March 2023 equity drawdown?,0.03,,Will a major US bank failure trigger a March 2023 equity drawdown?,0.03,0.23880299500624375,0.8072308543255983,0.19276914567440173,1,1.0,1.0,1.0,True,True,True
2023-04-06,china_taiwan_2024,Kinetic,geopolitical,Will China inspecting ships in the Taiwan strait escalate to an armed conflict before 2024?,0.13,0.2564121754609655,0.13,1.0,0.9048374180359595,0.21798406104613025,0.014796371181398383,0.11381823985691064,0.10298700227752455,0.0248105621451319,10.0,10.0,487,16.233333333333334,0.1,0.19724013496997347,china_taiwan_2024_conflict,orthogonal,max,max,max,2023-04-06,2024-08-05,0.73,1,1,bB0Zbz10f5aqWn3JIAju,Will China inspecting ships in the Taiwan strait escalate to an armed conflict before 2024?,0.13,bB0Zbz10f5aqWn3JIAju,Will China inspecting ships in the Taiwan strait escalate to an armed conflict before 2024?,0.13,0.2564121754609655,0.7959171516569471,0.2040828483430529,1,1.0,1.0,1.0,True,True,True
2023-04-10,china_taiwan_2024,Kinetic,geopolitical,Will China inspecting ships in the Taiwan strait escalate to an armed conflict before 2024?,0.15,0.2998314211127167,0.15,1.0,0.9048374180359595,0.22090997795937814,0.019762612162514213,0.13175074775009474,0.11921300641850274,0.02910505478160502,10.0,10.0,483,16.1,0.1,0.19988761407514444,china_taiwan_2024_conflict,orthogonal,max,max,max,2023-04-06,2024-08-05,0.73,1,1,bB0Zbz10f5aqWn3JIAju,Will China inspecting ships in the Taiwan strait escalate to an armed conflict before 2024?,0.15,bB0Zbz10f5aqWn3JIAju,Will China inspecting ships in the Taiwan strait escalate to an armed conflict before 2024?,0.15,0.2998314211127167,0.7693305329886188,0.23066946701138125,1,1.0,1.0,1.0,True,True,True
2023-04-11,china_taiwan_2024,Kinetic,geopolitical,Will China inspecting ships in the Taiwan strait escalate to an armed conflict before 2024?,0.15,0.3008325267655643,0.15,1.0,0.9048374180359595,0.22164757319501038,0.0198221728623979,0.13214781908265266,0.11957229141783053,0.02929024340268325,10.0,10.0,482,16.066666666666666,0.1,0.20055501784370955,china_taiwan_2024_conflict,orthogonal,max,max,max,2023-04-06,2024-08-05,0.73,1,1,bB0Zbz10f5aqWn3JIAju,Will China inspecting ships in the Taiwan strait escalate to an armed conflict before 2024?,0.15,bB0Zbz10f5aqWn3JIAju,Will China inspecting ships in the Taiwan strait escalate to an armed conflict before 2024?,0.15,0.3008325267655643,0.768738465116978,0.23126153488302204,1,1.0,1.0,1.0,True,True,True
2023-04-12,china_taiwan_2024,Kinetic,geopolitical,Will China inspecting ships in the Taiwan strait escalate to an armed conflict before 2024?,0.167544,0.3371398276017385,0.167544,1.0,0.9048374180359595,0.22238763118373617,0.024615006592891286,0.14691667020538657,0.13293570053508258,0.03267245026837811,10.0,10.0,481,16.033333333333335,0.1,0.20122465000342507,china_taiwan_2024_conflict,orthogonal,max,max,max,2023-04-06,2024-08-05,0.73,1,1,bB0Zbz10f5aqWn3JIAju,Will China inspecting ships in the Taiwan strait escalate to an armed conflict before 2024?,0.167544,bB0Zbz10f5aqWn3JIAju,Will China inspecting ships in the Taiwan strait escalate to an armed conflict before 2024?,0.167544,0.3371398276017385,0.7478649422877304,0.25213505771226963,1,1.0,1.0,1.0,True,True,True
2023-04-13,china_taiwan_2024,Kinetic,geopolitical,Will China inspecting ships in the Taiwan strait escalate to an armed conflict before 2024?,0.167544,0.33826550210896544,0.167544,1.0,0.9048374180359595,0.22313016014842982,0.024689204717569094,0.14735952775133154,0.13333641461351317,0.0328803550265516,10.0,10.0,480,16.0,0.1,0.20189651799465538,china_taiwan_2024_conflict,orthogonal,max,max,max,2023-04-06,2024-08-05,0.73,1,1,bB0Zbz10f5aqWn3JIAju,Will China inspecting ships in the Taiwan strait escalate to an armed conflict before 2024?,0.167544,bB0Zbz10f5aqWn3JIAju,Will China inspecting ships in the Taiwan strait escalate to an armed conflict before 2024?,0.167544,0.33826550210896544,0.7472358798938666,0.25276412010613336,1,1.0,1.0,1.0,True,True,True
2023-04-14,china_taiwan_2024,Kinetic,geopolitical,Will China inspecting ships in the Taiwan strait escalate to an armed conflict before 2024?,0.154933,0.3138487530664217,0.154933,1.0,0.9048374180359595,0.22387516833942062,0.021292940178173056,0.1374332142162939,0.12435471470385429,0.03076788396810045,10.0,10.0,479,15.966666666666667,0.1,0.20257062928260713,china_taiwan_2024_conflict,orthogonal,max,max,max,2023-04-06,2024-08-05,0.73,1,1,bB0Zbz10f5aqWn3JIAju,Will China inspecting ships in the Taiwan strait escalate to an armed conflict before 2024?,0.154933,bB0Zbz10f5aqWn3JIAju,Will China inspecting ships in the Taiwan strait escalate to an armed conflict before 2024?,0.154933,0.3138487530664217,0.7611226160287301,0.2388773839712699,1,1.0,1.0,1.0,True,True,True
2023-04-17,china_taiwan_2024,Kinetic,geopolitical,Will China inspecting ships in the Taiwan strait escalate to an armed conflict before 2024?,0.154933,0.31700298547389705,0.154933,1.0,0.9048374180359595,0.22612515118722804,0.02148576873313495,0.13867780739503496,0.12548086918221155,0.031358540163515566,10.0,10.0,476,15.866666666666667,0.1,0.2046064979532424,china_taiwan_2024_conflict,orthogonal,max,max,max,2023-04-06,2024-08-05,0.73,1,1,bB0Zbz10f5aqWn3JIAju,Will China inspecting ships in the Taiwan strait escalate to an armed conflict before 2024?,0.154933,bB0Zbz10f5aqWn3JIAju,Will China inspecting ships in the Taiwan strait escalate to an armed conflict before 2024?,0.154933,0.31700298547389705,0.7592997214354605,0.24070027856453946,1,1.0,1.0,1.0,True,True,True
2023-04-18,china_taiwan_2024,Kinetic,geopolitical,Will China inspecting ships in the Taiwan strait escalate to an armed conflict before 2024?,0.154933,0.31806142517828073,0.154933,1.0,0.9048374180359595,0.22688015933902364,0.02155038958497835,0.13909489640669417,0.12585826692661242,0.03155787225999576,10.0,10.0,475,15.833333333333334,0.1,0.20528965757990925,china_taiwan_2024_conflict,orthogonal,max,max,max,2023-04-06,2024-08-05,0.73,1,1,bB0Zbz10f5aqWn3JIAju,Will China inspecting ships in the Taiwan strait escalate to an armed conflict before 2024?,0.154933,bB0Zbz10f5aqWn3JIAju,Will China inspecting ships in the Taiwan strait escalate to an armed conflict before 2024?,0.154933,0.31806142517828073,0.7586899828016287,0.2413100171983713,1,1.0,1.0,1.0,True,True,True
2023-04-19,china_taiwan_2024,Kinetic,geopolitical,Will China inspecting ships in the Taiwan strait escalate to an armed conflict before 2024?,0.154933,0.319123398901772,0.154933,1.0,0.9048374180359595,0.22763768838381268,0.021615183326177644,0.13951310131590847,0.12623667437687583,0.031758439882810054,10.0,10.0,474,15.8,0.1,0.2059750982048834,china_taiwan_2024_conflict,orthogonal,max,max,max,2023-04-06,2024-08-05,0.73,1,1,bB0Zbz10f5aqWn3JIAju,Will China inspecting ships in the Taiwan strait escalate to an armed conflict before 2024?,0.154933,bB0Zbz10f5aqWn3JIAju,Will China inspecting ships in the Taiwan strait escalate to an armed conflict before 2024?,0.154933,0.319123398901772,0.7580791917060556,0.24192080829394436,1,1.0,1.0,1.0,True,True,True
2023-04-20,china_taiwan_2024,Kinetic,geopolitical,Will China inspecting ships in the Taiwan strait escalate to an armed conflict before 2024?,0.154933,0.3201889184440898,0.154933,1.0,0.9048374180359595,0.22839774673859245,0.02168015029008408,0.13993242427426103,0.12661609347983477,0.031960250399909934,10.0,10.0,473,15.766666666666667,0.1,0.206662827444179,china_taiwan_2024_conflict,orthogonal,max,max,max,2023-04-06,2024-08-05,0.73,1,1,bB0Zbz10f5aqWn3JIAju,Will China inspecting ships in the Taiwan strait escalate to an armed conflict before 2024?,0.154933,bB0Zbz10f5aqWn3JIAju,Will China inspecting ships in the Taiwan strait escalate to an armed conflict before 2024?,0.154933,0.3201889184440898,0.7574673488234935,0.24253265117650646,1,1.0,1.0,1.0,True,True,True
2023-04-21,china_taiwan_2024,Kinetic,geopolitical,Will China inspecting ships in the Taiwan strait escalate to an armed conflict before 2024?,0.154933,0.3212579956443511,0.154933,1.0,0.9048374180359595,0.2291603428484635,0.021745290809903835,0.14035286743239878,0.12699652618147503,0.032163311220573455,10.0,10.0,472,15.733333333333333,0.1,0.207352852939239,china_taiwan_2024_conflict,orthogonal,max,max,max,2023-04-06,2024-08-05,0.73,1,1,bB0Zbz10f5aqWn3JIAju,Will China inspecting ships in the Taiwan strait escalate to an armed conflict before 2024?,0.154933,bB0Zbz10f5aqWn3JIAju,Will China inspecting ships in the Taiwan strait escalate to an armed conflict before 2024?,0.154933,0.3212579956443511,0.7568544548427274,0.2431455451572726,1,1.0,1.0,1.0,True,True,True
2023-04-24,us_debt_ceiling_2023,Sovereign,fiscal_debt,"Will the US debt ceiling be raised by the end of June 2023? (M$10,000 subsidy)",0.61037,4.058248973878576,0.61037,0.8,0.8607079764250578,0.9656054162575665,0.7652998843774009,1.0030635639070085,1.079181012895135,1.2107045126990315,8.0,10.0,37,1.2333333333333334,0.15,0.8311042838521256,us_debt_ceiling_2023_deadline,orthogonal,max,max,max,2023-04-24,2023-05-31,0.76,1,2,3szs86zpyB4QQY4zzP2S,"Will the US debt ceiling be raised by the end of June 2023? (M$10,000 subsidy)",0.61037,3szs86zpyB4QQY4zzP2S,"Will the US debt ceiling be raised by the end of June 2023? (M$10,000 subsidy)",0.61037,4.382735666056278,0.18577913946360686,0.8142208605363932,1,0.9259625227478787,0.9259625227478787,0.9259625227478787,True,True,True
2023-04-24,china_taiwan_2024,Kinetic,geopolitical,Will China inspecting ships in the Taiwan strait escalate to an armed conflict before 2024?,0.154933,0.32448669217770176,0.154933,1.0,0.9048374180359595,0.23146344258315582,0.021941757034606404,0.14162093959715752,0.1281439253249186,0.032780070221019246,10.0,10.0,469,15.633333333333333,0.1,0.20943678375665728,china_taiwan_2024_conflict,orthogonal,max,max,max,2023-04-06,2024-08-05,0.73,1,1,bB0Zbz10f5aqWn3JIAju,Will China inspecting ships in the Taiwan strait escalate to an armed conflict before 2024?,0.154933,bB0Zbz10f5aqWn3JIAju,Will China inspecting ships in the Taiwan strait escalate to an armed conflict before 2024?,0.154933,4.382735666056278,0.18577913946360686,0.8142208605363932,2,0.07403747725212116,0.07403747725212116,0.07403747725212116,False,False,False
2023-04-25,us_debt_ceiling_2023,Sovereign,fiscal_debt,"Will the US debt ceiling be raised by the end of June 2023? (M$10,000 subsidy)",0.69,4.610691566990221,0.69,0.8,0.8607079764250578,0.9704455335485082,0.9579133188723258,1.1106241378229866,1.194903817793059,1.3472502925018501,8.0,10.0,36,1.2,0.15,0.835270211411272,us_debt_ceiling_2023_deadline,orthogonal,max,max,max,2023-04-24,2023-05-31,0.76,1,2,3szs86zpyB4QQY4zzP2S,"Will the US debt ceiling be raised by the end of June 2023? (M$10,000 subsidy)",0.69,3szs86zpyB4QQY4zzP2S,"Will the US debt ceiling be raised by the end of June 2023? (M$10,000 subsidy)",0.69,4.936261686183702,0.16845618553633523,0.8315438144636648,1,0.9340452066986781,0.9340452066986781,0.9340452066986781,True,True,True
2023-04-25,china_taiwan_2024,Kinetic,geopolitical,Will China inspecting ships in the Taiwan strait escalate to an armed conflict before 2024?,0.154933,0.3255701191934808,0.154933,1.0,0.9048374180359595,0.23223627472975883,0.02200759510703555,0.14204588504085994,0.12852843186300442,0.032988207182580886,10.0,10.0,468,15.6,0.1,0.21013607120076472,china_taiwan_2024_conflict,orthogonal,max,max,max,2023-04-06,2024-08-05,0.73,1,1,bB0Zbz10f5aqWn3JIAju,Will China inspecting ships in the Taiwan strait escalate to an armed conflict before 2024?,0.154933,bB0Zbz10f5aqWn3JIAju,Will China inspecting ships in the Taiwan strait escalate to an armed conflict before 2024?,0.154933,4.936261686183702,0.16845618553633523,0.8315438144636648,2,0.0659547933013219,0.0659547933013219,0.0659547933013219,False,False,False
2023-04-26,us_debt_ceiling_2023,Sovereign,fiscal_debt,"Will the US debt ceiling be raised by the end of June 2023? (M$10,000 subsidy)",0.69,4.633802754646024,0.69,0.8,0.8607079764250578,0.9753099120283326,0.9613068864739399,1.1145587089552926,1.1991369637397937,1.358800195476998,8.0,10.0,35,1.1666666666666667,0.15,0.8394570207692074,us_debt_ceiling_2023_deadline,orthogonal,max,max,max,2023-04-24,2023-05-31,0.76,1,2,3szs86zpyB4QQY4zzP2S,"Will the US debt ceiling be raised by the end of June 2023? (M$10,000 subsidy)",0.69,3szs86zpyB4QQY4zzP2S,"Will the US debt ceiling be raised by the end of June 2023? (M$10,000 subsidy)",0.69,4.9604599183044025,0.16777228833114513,0.8322277116688549,1,0.9341478070505129,0.9341478070505129,0.9341478070505129,True,True,True
2023-04-26,china_taiwan_2024,Kinetic,geopolitical,Will China inspecting ships in the Taiwan strait escalate to an armed conflict before 2024?,0.154933,0.32665716365837805,0.154933,1.0,0.9048374180359595,0.2330116872818036,0.022073608399028086,0.14247196142221535,0.12891396171579617,0.03319763212133842,10.0,10.0,467,15.566666666666666,0.1,0.2108376934922696,china_taiwan_2024_conflict,orthogonal,max,max,max,2023-04-06,2024-08-05,0.73,1,1,bB0Zbz10f5aqWn3JIAju,Will China inspecting ships in the Taiwan strait escalate to an armed conflict before 2024?,0.154933,bB0Zbz10f5aqWn3JIAju,Will China inspecting ships in the Taiwan strait escalate to an armed conflict before 2024?,0.154933,4.9604599183044025,0.16777228833114513,0.8322277116688549,2,0.065852192949487,0.065852192949487,0.065852192949487,False,False,False
2023-04-27,us_debt_ceiling_2023,Sovereign,fiscal_debt,"Will the US debt ceiling be raised by the end of June 2023? (M$10,000 subsidy)",0.69,4.6570297876120375,0.69,0.8,0.8607079764250578,0.9801986733067554,0.9647074779808157,1.1185014237458735,1.2033788713260711,1.3704420145592775,8.0,10.0,34,1.1333333333333333,0.15,0.8436648165963837,us_debt_ceiling_2023_deadline,orthogonal,max,max,max,2023-04-24,2023-05-31,0.76,1,2,3szs86zpyB4QQY4zzP2S,"Will the US debt ceiling be raised by the end of June 2023? (M$10,000 subsidy)",0.69,3szs86zpyB4QQY4zzP2S,"Will the US debt ceiling be raised by the end of June 2023? (M$10,000 subsidy)",0.69,4.984777625262714,0.1670905859189886,0.8329094140810114,1,0.9342502590306818,0.9342502590306818,0.9342502590306818,True,True,True
2023-04-27,china_taiwan_2024,Kinetic,geopolitical,Will China inspecting ships in the Taiwan strait escalate to an armed conflict before 2024?,0.154933,0.32774783765067667,0.154933,1.0,0.9048374180359595,0.23378968885499327,0.022139797242796463,0.14289917088545673,0.12930051682347604,0.03340835269894744,10.0,10.0,466,15.533333333333333,0.1,0.21154165842698244,china_taiwan_2024_conflict,orthogonal,max,max,max,2023-04-06,2024-08-05,0.73,1,1,bB0Zbz10f5aqWn3JIAju,Will China inspecting ships in the Taiwan strait escalate to an armed conflict before 2024?,0.154933,bB0Zbz10f5aqWn3JIAju,Will China inspecting ships in the Taiwan strait escalate to an armed conflict before 2024?,0.154933,4.984777625262714,0.1670905859189886,0.8329094140810114,2,0.06574974096931822,0.06574974096931822,0.06574974096931822,False,False,False
2023-04-28,us_debt_ceiling_2023,Sovereign,fiscal_debt,"Will the US debt ceiling be raised by the end of June 2023? (M$10,000 subsidy)",0.69,4.680373246565295,0.69,0.8,0.8607079764250578,0.9851119396030626,0.9681150725832016,1.1224522580674803,1.207629514593747,1.3821764013208662,8.0,10.0,33,1.1,0.15,0.8478937040879159,us_debt_ceiling_2023_deadline,orthogonal,max,max,max,2023-04-24,2023-05-31,0.76,1,2,3szs86zpyB4QQY4zzP2S,"Will the US debt ceiling be raised by the end of June 2023? (M$10,000 subsidy)",0.69,3szs86zpyB4QQY4zzP2S,"Will the US debt ceiling be raised by the end of June 2023? (M$10,000 subsidy)",0.69,5.009215399854282,0.16641107589923454,0.8335889241007655,1,0.9343525628188092,0.9343525628188092,0.9343525628188092,True,True,True
2023-04-28,china_taiwan_2024,Kinetic,geopolitical,Will China inspecting ships in the Taiwan strait escalate to an armed conflict before 2024?,0.154933,0.32884215328898775,0.154933,1.0,0.9048374180359595,0.23457028809379762,0.022206161970366633,0.14332751557361334,0.12968809912513707,0.033620376619870745,10.0,10.0,465,15.5,0.1,0.212247973826743,china_taiwan_2024_conflict,orthogonal,max,max,max,2023-04-06,2024-08-05,0.73,1,1,bB0Zbz10f5aqWn3JIAju,Will China inspecting ships in the Taiwan strait escalate to an armed conflict before 2024?,0.154933,bB0Zbz10f5aqWn3JIAju,Will China inspecting ships in the Taiwan strait escalate to an armed conflict before 2024?,0.154933,5.009215399854282,0.16641107589923454,0.8335889241007655,2,0.06564743718119084,0.06564743718119084,0.06564743718119084,False,False,False
2023-05-01,us_debt_ceiling_2023,Sovereign,fiscal_debt,"Will the US debt ceiling be raised by the end of June 2023? (M$10,000 subsidy)",0.55,3.7871150962702544,0.55,0.8,0.8607079764250578,1.0,0.6487395671741677,0.9436211886169713,1.0152278547079014,1.179526485771214,8.0,10.0,30,1.0,0.15,0.8607079764250578,us_debt_ceiling_2023_deadline,orthogonal,max,max,max,2023-04-24,2023-05-31,0.76,1,2,3szs86zpyB4QQY4zzP2S,"Will the US debt ceiling be raised by the end of June 2023? (M$10,000 subsidy)",0.55,3szs86zpyB4QQY4zzP2S,"Will the US debt ceiling be raised by the end of June 2023? (M$10,000 subsidy)",0.55,4.119262168144114,0.19534065010828114,0.8046593498917188,1,0.9193673385388081,0.9193673385388081,0.9193673385388081,True,True,True
2023-05-01,china_taiwan_2024,Kinetic,geopolitical,Will China inspecting ships in the Taiwan strait escalate to an armed conflict before 2024?,0.154933,0.3321470718738596,0.154933,1.0,0.9048374180359595,0.2369277586821217,0.022406314773223007,0.14461938239899189,0.13085702856785889,0.03426434613378583,10.0,10.0,462,15.4,0.1,0.2143811014269779,china_taiwan_2024_conflict,orthogonal,max,max,max,2023-04-06,2024-08-05,0.73,1,1,bB0Zbz10f5aqWn3JIAju,Will China inspecting ships in the Taiwan strait escalate to an armed conflict before 2024?,0.154933,bB0Zbz10f5aqWn3JIAju,Will China inspecting ships in the Taiwan strait escalate to an armed conflict before 2024?,0.154933,4.119262168144114,0.19534065010828114,0.8046593498917188,2,0.08063266146119188,0.08063266146119188,0.08063266146119188,False,False,False
2023-05-02,us_debt_ceiling_2023,Sovereign,fiscal_debt,"Will the US debt ceiling be raised by the end of June 2023? (M$10,000 subsidy)",0.738377,5.109700525761839,0.738377,0.8,0.8650222931107413,1.0,1.1085638269795823,1.2010816447203339,1.2987029981615048,1.5013520559004174,8.0,10.0,29,0.9666666666666667,0.15,0.8650222931107413,us_debt_ceiling_2023_deadline,orthogonal,max,max,max,2023-04-24,2023-05-31,0.76,1,2,3szs86zpyB4QQY4zzP2S,"Will the US debt ceiling be raised by the end of June 2023? (M$10,000 subsidy)",0.738377,3szs86zpyB4QQY4zzP2S,"Will the US debt ceiling be raised by the end of June 2023? (M$10,000 subsidy)",0.738377,5.442956601855455,0.15520824705105388,0.8447917529489462,1,0.9387729683569381,0.9387729683569381,0.9387729683569381,True,True,True
2023-05-02,china_taiwan_2024,Kinetic,geopolitical,Will China inspecting ships in the Taiwan strait escalate to an armed conflict before 2024?,0.154933,0.33325607609361657,0.154933,1.0,0.9048374180359595,0.2377188356067914,0.02247338635231801,0.1450522893916597,0.13124873901335415,0.034481661336284684,10.0,10.0,461,15.366666666666667,0.1,0.21509689742896385,china_taiwan_2024_conflict,orthogonal,max,max,max,2023-04-06,2024-08-05,0.73,1,1,bB0Zbz10f5aqWn3JIAju,Will China inspecting ships in the Taiwan strait escalate to an armed conflict before 2024?,0.154933,bB0Zbz10f5aqWn3JIAju,Will China inspecting ships in the Taiwan strait escalate to an armed conflict before 2024?,0.154933,5.442956601855455,0.15520824705105388,0.8447917529489462,2,0.06122703164306189,0.06122703164306189,0.06122703164306189,False,False,False
2023-05-03,us_debt_ceiling_2023,Sovereign,fiscal_debt,"Will the US debt ceiling be raised by the end of June 2023? (M$10,000 subsidy)",0.75,5.216149412392835,0.75,0.8,0.8693582353988059,1.0,1.1441071072327553,1.2203809143816056,1.326185247801467,1.525476142977007,8.0,10.0,28,0.9333333333333333,0.15,0.8693582353988059,us_debt_ceiling_2023_deadline,orthogonal,max,max,max,2023-04-24,2023-05-31,0.76,1,2,3szs86zpyB4QQY4zzP2S,"Will the US debt ceiling be raised by the end of June 2023? (M$10,000 subsidy)",0.75,3szs86zpyB4QQY4zzP2S,"Will the US debt ceiling be raised by the end of June 2023? (M$10,000 subsidy)",0.75,5.550518195554927,0.15265967823409504,0.847340321765905,1,0.9397589970194372,0.9397589970194372,0.9397589970194372,True,True,True
2023-05-03,china_taiwan_2024,Kinetic,geopolitical,Will China inspecting ships in the Taiwan strait escalate to an armed conflict before 2024?,0.154933,0.3343687831620919,0.154933,1.0,0.9048374180359595,0.23851255385430237,0.022540635472334668,0.14548634230496196,0.13164148633071754,0.03470031905407771,10.0,10.0,460,15.333333333333334,0.1,0.2158150833986897,china_taiwan_2024_conflict,orthogonal,max,max,max,2023-04-06,2024-08-05,0.73,1,1,bB0Zbz10f5aqWn3JIAju,Will China inspecting ships in the Taiwan strait escalate to an armed conflict before 2024?,0.154933,bB0Zbz10f5aqWn3JIAju,Will China inspecting ships in the Taiwan strait escalate to an armed conflict before 2024?,0.154933,5.550518195554927,0.15265967823409504,0.847340321765905,2,0.0602410029805627,0.0602410029805627,0.0602410029805627,False,False,False
2023-05-04,us_debt_ceiling_2023,Sovereign,fiscal_debt,"Will the US debt ceiling be raised by the end of June 2023? (M$10,000 subsidy)",0.75,5.242295470128207,0.75,0.8,0.8737159116880344,1.0,1.1483784589643866,1.224937022895346,1.3378087096492923,1.5311712786191822,8.0,10.0,27,0.9,0.15,0.8737159116880344,us_debt_ceiling_2023_deadline,orthogonal,max,max,max,2023-04-24,2023-05-31,0.76,1,2,3szs86zpyB4QQY4zzP2S,"Will the US debt ceiling be raised by the end of June 2023? (M$10,000 subsidy)",0.75,3szs86zpyB4QQY4zzP2S,"Will the US debt ceiling be raised by the end of June 2023? (M$10,000 subsidy)",0.75,5.577780675570916,0.15202696005263286,0.8479730399473672,1,0.9398532812679353,0.9398532812679353,0.9398532812679353,True,True,True
2023-05-04,china_taiwan_2024,Kinetic,geopolitical,Will China inspecting ships in the Taiwan strait escalate to an armed conflict before 2024?,0.154933,0.3354852054427091,0.154933,1.0,0.9048374180359595,0.2393089222437545,0.022608062464052003,0.1459215432738797,0.13203527245175986,0.03492032725301754,10.0,10.0,459,15.3,0.1,0.216535667316007,china_taiwan_2024_conflict,orthogonal,max,max,max,2023-04-06,2024-08-05,0.73,1,1,bB0Zbz10f5aqWn3JIAju,Will China inspecting ships in the Taiwan strait escalate to an armed conflict before 2024?,0.154933,bB0Zbz10f5aqWn3JIAju,Will China inspecting ships in the Taiwan strait escalate to an armed conflict before 2024?,0.154933,5.577780675570916,0.15202696005263286,0.8479730399473672,2,0.060146718732064584,0.060146718732064584,0.060146718732064584,False,False,False
2023-05-05,us_debt_ceiling_2023,Sovereign,fiscal_debt,"Will the US debt ceiling be raised by the end of June 2023? (M$10,000 subsidy)",0.75,5.268572585523367,0.75,0.8,0.8780954309205613,1.0,1.1526602799623438,1.2295042986265001,1.3495276336513986,1.5368803732831249,8.0,10.0,26,0.8666666666666667,0.15,0.8780954309205613,us_debt_ceiling_2023_deadline,orthogonal,max,max,max,2023-04-24,2023-05-31,0.76,1,2,3szs86zpyB4QQY4zzP2S,"Will the US debt ceiling be raised by the end of June 2023? (M$10,000 subsidy)",0.75,3szs86zpyB4QQY4zzP2S,"Will the US debt ceiling be raised by the end of June 2023? (M$10,000 subsidy)",0.75,5.605177940863539,0.1513963755334142,0.8486036244665858,1,0.9399474273802779,0.9399474273802779,0.9399474273802779,True,True,True
2023-05-05,china_taiwan_2024,Kinetic,geopolitical,Will China inspecting ships in the Taiwan strait escalate to an armed conflict before 2024?,0.154933,0.3366053553401716,0.154933,1.0,0.9048374180359595,0.24010794962369356,0.022675667658019556,0.14635789443191288,0.1324300993069516,0.035141693943287595,10.0,10.0,458,15.266666666666667,0.1,0.2172586571874111,china_taiwan_2024_conflict,orthogonal,max,max,max,2023-04-06,2024-08-05,0.73,1,1,bB0Zbz10f5aqWn3JIAju,Will China inspecting ships in the Taiwan strait escalate to an armed conflict before 2024?,0.154933,bB0Zbz10f5aqWn3JIAju,Will China inspecting ships in the Taiwan strait escalate to an armed conflict before 2024?,0.154933,5.605177940863539,0.1513963755334142,0.8486036244665858,2,0.060052572619722015,0.060052572619722015,0.060052572619722015,False,False,False
2023-05-08,us_debt_ceiling_2023,Sovereign,fiscal_debt,"Will the US debt ceiling be raised by the end of June 2023? (M$10,000 subsidy)",0.752831,5.36838452386819,0.752831,0.8,0.8913661439068313,1.0,1.1734189770867367,1.2469401255652188,1.3893502642597115,1.5586751569565236,8.0,10.0,23,0.7666666666666667,0.15,0.8913661439068313,us_debt_ceiling_2023_deadline,orthogonal,max,max,max,2023-04-24,2023-05-31,0.76,1,2,3szs86zpyB4QQY4zzP2S,"Will the US debt ceiling be raised by the end of June 2023? (M$10,000 subsidy)",0.752831,3szs86zpyB4QQY4zzP2S,"Will the US debt ceiling be raised by the end of June 2023? (M$10,000 subsidy)",0.752831,5.708372819270957,0.1490674455551021,0.8509325544448979,1,0.9404404186329604,0.9404404186329604,0.9404404186329604,True,True,True
2023-05-08,china_taiwan_2024,Kinetic,geopolitical,Will China inspecting ships in the Taiwan strait escalate to an armed conflict before 2024?,0.154933,0.33998829540276615,0.154933,1.0,0.9048374180359595,0.2425210746356487,0.022879555755345105,0.147673870352637,0.13362084356125706,0.03581402573352698,10.0,10.0,455,15.166666666666666,0.1,0.2194421429926266,china_taiwan_2024_conflict,orthogonal,max,max,max,2023-04-06,2024-08-05,0.73,1,1,bB0Zbz10f5aqWn3JIAju,Will China inspecting ships in the Taiwan strait escalate to an armed conflict before 2024?,0.154933,bB0Zbz10f5aqWn3JIAju,Will China inspecting ships in the Taiwan strait escalate to an armed conflict before 2024?,0.154933,5.708372819270957,0.1490674455551021,0.8509325544448979,2,0.05955958136703966,0.05955958136703966,0.05955958136703966,False,False,False
2023-05-09,us_debt_ceiling_2023,Sovereign,fiscal_debt,"Will the US debt ceiling be raised by the end of June 2023? (M$10,000 subsidy)",0.755206,5.4123145118460005,0.755206,0.8,0.8958341352965282,1.0,1.1844001324203557,1.2546511891275818,1.4049492038885851,1.5683139864094773,8.0,10.0,22,0.7333333333333333,0.15,0.8958341352965282,us_debt_ceiling_2023_deadline,orthogonal,max,max,max,2023-04-24,2023-05-31,0.76,1,2,3szs86zpyB4QQY4zzP2S,"Will the US debt ceiling be raised by the end of June 2023? (M$10,000 subsidy)",0.755206,3szs86zpyB4QQY4zzP2S,"Will the US debt ceiling be raised by the end of June 2023? (M$10,000 subsidy)",0.755206,5.753437992491082,0.1480727299357551,0.8519272700642448,1,0.9407096276886466,0.9407096276886466,0.9407096276886466,True,True,True
2023-05-09,china_taiwan_2024,Kinetic,geopolitical,Will China inspecting ships in the Taiwan strait escalate to an armed conflict before 2024?,0.154933,0.34112348064508197,0.154933,1.0,0.9048374180359595,0.2433308270553631,0.022947877058999557,0.14811484357108917,0.13401985262966437,0.03604090738532886,10.0,10.0,454,15.133333333333333,0.1,0.22017483728132936,china_taiwan_2024_conflict,orthogonal,max,max,max,2023-04-06,2024-08-05,0.73,1,1,bB0Zbz10f5aqWn3JIAju,Will China inspecting ships in the Taiwan strait escalate to an armed conflict before 2024?,0.154933,bB0Zbz10f5aqWn3JIAju,Will China inspecting ships in the Taiwan strait escalate to an armed conflict before 2024?,0.154933,5.753437992491082,0.1480727299357551,0.8519272700642448,2,0.0592903723113534,0.0592903723113534,0.0592903723113534,False,False,False
2023-05-10,us_debt_ceiling_2023,Sovereign,fiscal_debt,"Will the US debt ceiling be raised by the end of June 2023? (M$10,000 subsidy)",0.756479,5.4486127561722855,0.756479,0.8,0.9003245225862656,1.0,1.1923619905630882,1.2609597787254774,1.419091263476873,1.5761997234068468,8.0,10.0,21,0.7,0.15,0.9003245225862656,us_debt_ceiling_2023_deadline,orthogonal,max,max,max,2023-04-24,2023-05-31,0.76,1,2,3szs86zpyB4QQY4zzP2S,"Will the US debt ceiling be raised by the end of June 2023? (M$10,000 subsidy)",0.756479,3szs86zpyB4QQY4zzP2S,"Will the US debt ceiling be raised by the end of June 2023? (M$10,000 subsidy)",0.756479,5.790875212324089,0.14725642405933168,0.8527435759406683,1,0.9408962473542163,0.9408962473542163,0.9408962473542163,True,True,True
2023-05-10,china_taiwan_2024,Kinetic,geopolitical,Will China inspecting ships in the Taiwan strait escalate to an armed conflict before 2024?,0.154933,0.34226245615180334,0.154933,1.0,0.9048374180359595,0.24414328315343706,0.023016378213989414,0.14855697762251693,0.13441991206318404,0.03626918825211296,10.0,10.0,453,15.1,0.1,0.22090997795937817,china_taiwan_2024_conflict,orthogonal,max,max,max,2023-04-06,2024-08-05,0.73,1,1,bB0Zbz10f5aqWn3JIAju,Will China inspecting ships in the Taiwan strait escalate to an armed conflict before 2024?,0.154933,bB0Zbz10f5aqWn3JIAju,Will China inspecting ships in the Taiwan strait escalate to an armed conflict before 2024?,0.154933,5.790875212324089,0.14725642405933168,0.8527435759406683,2,0.05910375264578374,0.05910375264578374,0.05910375264578374,False,False,False
2023-05-11,us_debt_ceiling_2023,Sovereign,fiscal_debt,"Will the US debt ceiling be raised by the end of June 2023? (M$10,000 subsidy)",0.76,5.501411501658635,0.76,0.8,0.9048374180359596,1.0,1.2067154203242818,1.2702267582360862,1.436685875303159,1.5877834477951076,8.0,10.0,20,0.6666666666666666,0.15,0.9048374180359596,us_debt_ceiling_2023_deadline,orthogonal,max,max,max,2023-04-24,2023-05-31,0.76,1,2,3szs86zpyB4QQY4zzP2S,"Will the US debt ceiling be raised by the end of June 2023? (M$10,000 subsidy)",0.76,3szs86zpyB4QQY4zzP2S,"Will the US debt ceiling be raised by the end of June 2023? (M$10,000 subsidy)",0.76,5.84481673623686,0.14609594946581134,0.8539040505341886,1,0.9412461929816941,0.9412461929816941,0.9412461929816941,True,True,True
2023-05-11,china_taiwan_2024,Kinetic,geopolitical,Will China inspecting ships in the Taiwan strait escalate to an armed conflict before 2024?,0.154933,0.3434052345782254,0.154933,1.0,0.9048374180359595,0.24495845195716895,0.023085059549354636,0.14900027463067675,0.13482102378347044,0.036498876614723605,10.0,10.0,452,15.066666666666666,0.1,0.22164757319501038,china_taiwan_2024_conflict,orthogonal,max,max,max,2023-04-06,2024-08-05,0.73,1,1,bB0Zbz10f5aqWn3JIAju,Will China inspecting ships in the Taiwan strait escalate to an armed conflict before 2024?,0.154933,bB0Zbz10f5aqWn3JIAju,Will China inspecting ships in the Taiwan strait escalate to an armed conflict before 2024?,0.154933,5.84481673623686,0.14609594946581134,0.8539040505341886,2,0.05875380701830597,0.05875380701830597,0.05875380701830597,False,False,False
2023-05-12,us_debt_ceiling_2023,Sovereign,fiscal_debt,"Will the US debt ceiling be raised by the end of June 2023? (M$10,000 subsidy)",0.761626,5.540816564698411,0.761626,0.8,0.9093729344682314,1.0,1.2157969612144275,1.2770540514262145,1.4516479877750006,1.5963175642827683,8.0,10.0,19,0.6333333333333333,0.15,0.9093729344682314,us_debt_ceiling_2023_deadline,orthogonal,max,max,max,2023-04-24,2023-05-31,0.76,1,2,3szs86zpyB4QQY4zzP2S,"Will the US debt ceiling be raised by the end of June 2023? (M$10,000 subsidy)",0.761626,3szs86zpyB4QQY4zzP2S,"Will the US debt ceiling be raised by the end of June 2023? (M$10,000 subsidy)",0.761626,5.885368393320309,0.14523551143176716,0.8547644885682328,1,0.9414562002587717,0.9414562002587717,0.9414562002587717,True,True,True
2023-05-12,china_taiwan_2024,Kinetic,geopolitical,Will China inspecting ships in the Taiwan strait escalate to an armed conflict before 2024?,0.154933,0.34455182862189804,0.154933,1.0,0.9048374180359595,0.2457763425239983,0.02315392139386117,0.14944473671755645,0.13522318971057753,0.036729980799902896,10.0,10.0,451,15.033333333333333,0.1,0.22238763118373622,china_taiwan_2024_conflict,orthogonal,max,max,max,2023-04-06,2024-08-05,0.73,1,1,bB0Zbz10f5aqWn3JIAju,Will China inspecting ships in the Taiwan strait escalate to an armed conflict before 2024?,0.154933,bB0Zbz10f5aqWn3JIAju,Will China inspecting ships in the Taiwan strait escalate to an armed conflict before 2024?,0.154933,5.885368393320309,0.14523551143176716,0.8547644885682328,2,0.058543799741228184,0.058543799741228184,0.058543799741228184,False,False,False
2023-05-15,us_debt_ceiling_2023,Sovereign,fiscal_debt,"Will the US debt ceiling be raised by the end of June 2023? (M$10,000 subsidy)",0.784805,5.7957305938077095,0.784805,0.8,0.9231163463866358,1.0,1.296642056515463,1.3217469883759283,1.5251578134464074,1.6521837354699105,8.0,10.0,16,0.5333333333333333,0.15,0.9231163463866358,us_debt_ceiling_2023_deadline,orthogonal,max,max,max,2023-04-24,2023-05-31,0.76,1,2,3szs86zpyB4QQY4zzP2S,"Will the US debt ceiling be raised by the end of June 2023? (M$10,000 subsidy)",0.784805,3szs86zpyB4QQY4zzP2S,"Will the US debt ceiling be raised by the end of June 2023? (M$10,000 subsidy)",0.784805,6.143745225876414,0.1399825957367226,0.8600174042632774,1,0.9433546445573743,0.9433546445573743,0.9433546445573743,True,True,True
2023-05-15,china_taiwan_2024,Kinetic,geopolitical,Will China inspecting ships in the Taiwan strait escalate to an armed conflict before 2024?,0.154933,0.3480146320687037,0.154933,1.0,0.9048374180359595,0.24824643583170017,0.023361593265640922,0.15078513464298068,0.13643603190855916,0.037431872251522974,10.0,10.0,448,14.933333333333334,0.1,0.22462266403458508,china_taiwan_2024_conflict,orthogonal,max,max,max,2023-04-06,2024-08-05,0.73,1,1,bB0Zbz10f5aqWn3JIAju,Will China inspecting ships in the Taiwan strait escalate to an armed conflict before 2024?,0.154933,bB0Zbz10f5aqWn3JIAju,Will China inspecting ships in the Taiwan strait escalate to an armed conflict before 2024?,0.154933,6.143745225876414,0.1399825957367226,0.8600174042632774,2,0.056645355442625625,0.056645355442625625,0.056645355442625625,False,False,False
2023-05-16,us_debt_ceiling_2023,Sovereign,fiscal_debt,"Will the US debt ceiling be raised by the end of June 2023? (M$10,000 subsidy)",0.75573,5.608988679384618,0.75573,0.8,0.9277434863285529,1.0,1.2168546800506739,1.2881369590204692,1.493825841537888,1.6101711987755865,8.0,10.0,15,0.5,0.15,0.9277434863285529,us_debt_ceiling_2023_deadline,orthogonal,max,max,max,2023-04-24,2023-05-31,0.76,1,2,3szs86zpyB4QQY4zzP2S,"Will the US debt ceiling be raised by the end of June 2023? (M$10,000 subsidy)",0.75573,3szs86zpyB4QQY4zzP2S,"Will the US debt ceiling be raised by the end of June 2023? (M$10,000 subsidy)",0.75573,5.958165295791536,0.14371604546457437,0.8562839545354256,1,0.9413952787356279,0.9413952787356279,0.9413952787356279,True,True,True
2023-05-16,china_taiwan_2024,Kinetic,geopolitical,Will China inspecting ships in the Taiwan strait escalate to an armed conflict before 2024?,0.154933,0.3491766164069185,0.154933,1.0,0.9048374180359595,0.24907530463166816,0.023431180428663476,0.1512342782277725,0.1368424338301496,0.037668723920332894,10.0,10.0,447,14.9,0.1,0.2253726555394387,china_taiwan_2024_conflict,orthogonal,max,max,max,2023-04-06,2024-08-05,0.73,1,1,bB0Zbz10f5aqWn3JIAju,Will China inspecting ships in the Taiwan strait escalate to an armed conflict before 2024?,0.154933,bB0Zbz10f5aqWn3JIAju,Will China inspecting ships in the Taiwan strait escalate to an armed conflict before 2024?,0.154933,5.958165295791536,0.14371604546457437,0.8562839545354256,2,0.05860472126437216,0.05860472126437216,0.05860472126437216,False,False,False
2023-05-17,us_debt_ceiling_2023,Sovereign,fiscal_debt,"Will the US debt ceiling be raised by the end of June 2023? (M$10,000 subsidy)",0.796563,5.941683346925935,0.796563,0.8,0.9323938199059483,1.0,1.341168326339426,1.346955182542424,1.5698658598660555,1.6836939781780298,8.0,10.0,14,0.4666666666666667,0.15,0.9323938199059483,us_debt_ceiling_2023_deadline,orthogonal,max,max,max,2023-04-24,2023-05-31,0.76,1,2,3szs86zpyB4QQY4zzP2S,"Will the US debt ceiling be raised by the end of June 2023? (M$10,000 subsidy)",0.796563,3szs86zpyB4QQY4zzP2S,"Will the US debt ceiling be raised by the end of June 2023? (M$10,000 subsidy)",0.796563,6.292025827414843,0.13713610232158466,0.8628638976784153,1,0.9443196054659473,0.9443196054659473,0.9443196054659473,True,True,True
2023-05-17,china_taiwan_2024,Kinetic,geopolitical,Will China inspecting ships in the Taiwan strait escalate to an armed conflict before 2024?,0.154933,0.350342480488908,0.154933,1.0,0.9048374180359595,0.24990694093758345,0.02350094974031814,0.15168459747321839,0.13724989953349076,0.0379070337418807,10.0,10.0,446,14.866666666666667,0.1,0.22612515118722804,china_taiwan_2024_conflict,orthogonal,max,max,max,2023-04-06,2024-08-05,0.73,1,1,bB0Zbz10f5aqWn3JIAju,Will China inspecting ships in the Taiwan strait escalate to an armed conflict before 2024?,0.154933,bB0Zbz10f5aqWn3JIAju,Will China inspecting ships in the Taiwan strait escalate to an armed conflict before 2024?,0.154933,6.292025827414843,0.13713610232158466,0.8628638976784153,2,0.05568039453405272,0.05568039453405272,0.05568039453405272,False,False,False
2023-05-18,us_debt_ceiling_2023,Sovereign,fiscal_debt,"Will the US debt ceiling be raised by the end of June 2023? (M$10,000 subsidy)",0.845007,6.334628528209197,0.845007,0.8,0.9370674633774034,1.0,1.4943311490207016,1.4147396639513772,1.6571331352978964,1.7684245799392213,8.0,10.0,13,0.43333333333333335,0.15,0.9370674633774034,us_debt_ceiling_2023_deadline,orthogonal,max,max,max,2023-04-24,2023-05-31,0.76,1,2,3szs86zpyB4QQY4zzP2S,"Will the US debt ceiling be raised by the end of June 2023? (M$10,000 subsidy)",0.845007,3szs86zpyB4QQY4zzP2S,"Will the US debt ceiling be raised by the end of June 2023? (M$10,000 subsidy)",0.845007,6.686140765477926,0.13010430468453954,0.8698956953154604,1,0.9474267369476175,0.9474267369476175,0.9474267369476175,True,True,True
2023-05-18,china_taiwan_2024,Kinetic,geopolitical,Will China inspecting ships in the Taiwan strait escalate to an armed conflict before 2024?,0.154933,0.35151223726872943,0.154933,1.0,0.9048374180359595,0.250741353989858,0.023570901527589148,0.15213609448980625,0.13765843092823105,0.038146810323102985,10.0,10.0,445,14.833333333333334,0.1,0.2268801593390236,china_taiwan_2024_conflict,orthogonal,max,max,max,2023-04-06,2024-08-05,0.73,1,1,bB0Zbz10f5aqWn3JIAju,Will China inspecting ships in the Taiwan strait escalate to an armed conflict before 2024?,0.154933,bB0Zbz10f5aqWn3JIAju,Will China inspecting ships in the Taiwan strait escalate to an armed conflict before 2024?,0.154933,6.686140765477926,0.13010430468453954,0.8698956953154604,2,0.052573263052382545,0.052573263052382545,0.052573263052382545,False,False,False
2023-05-19,us_debt_ceiling_2023,Sovereign,fiscal_debt,"Will the US debt ceiling be raised by the end of June 2023? (M$10,000 subsidy)",0.862576,6.498747874567735,0.862576,0.8,0.9417645335842487,1.0,1.5552536988170544,1.4424270546057898,1.6980333028876538,1.803033818257237,8.0,10.0,12,0.4,0.15,0.9417645335842487,us_debt_ceiling_2023_deadline,orthogonal,max,max,max,2023-04-24,2023-05-31,0.76,1,2,3szs86zpyB4QQY4zzP2S,"Will the US debt ceiling be raised by the end of June 2023? (M$10,000 subsidy)",0.862576,3szs86zpyB4QQY4zzP2S,"Will the US debt ceiling be raised by the end of June 2023? (M$10,000 subsidy)",0.862576,6.8514337743114275,0.12736527222223182,0.8726347277777682,1,0.9485237818300102,0.9485237818300102,0.9485237818300102,True,True,True
2023-05-19,china_taiwan_2024,Kinetic,geopolitical,Will China inspecting ships in the Taiwan strait escalate to an armed conflict before 2024?,0.154933,0.35268589974369247,0.154933,1.0,0.9048374180359595,0.25157855305975646,0.023641036117140562,0.15258877138595758,0.13806802992214917,0.038388062318445174,10.0,10.0,444,14.8,0.1,0.22763768838381268,china_taiwan_2024_conflict,orthogonal,max,max,max,2023-04-06,2024-08-05,0.73,1,1,bB0Zbz10f5aqWn3JIAju,Will China inspecting ships in the Taiwan strait escalate to an armed conflict before 2024?,0.154933,bB0Zbz10f5aqWn3JIAju,Will China inspecting ships in the Taiwan strait escalate to an armed conflict before 2024?,0.154933,6.8514337743114275,0.12736527222223182,0.8726347277777682,2,0.051476218169989915,0.051476218169989915,0.051476218169989915,False,False,False
2023-05-22,us_debt_ceiling_2023,Sovereign,fiscal_debt,"Will the US debt ceiling be raised by the end of June 2023? (M$10,000 subsidy)",0.845794,6.468615473196361,0.845794,0.8,0.9559974818331,1.0,1.5189985825476402,1.436755127180037,1.7169178544936379,1.795943908975046,8.0,10.0,9,0.3,0.15,0.9559974818331,us_debt_ceiling_2023_deadline,orthogonal,max,max,max,2023-04-24,2023-05-31,0.76,1,2,3szs86zpyB4QQY4zzP2S,"Will the US debt ceiling be raised by the end of June 2023? (M$10,000 subsidy)",0.845794,3szs86zpyB4QQY4zzP2S,"Will the US debt ceiling be raised by the end of June 2023? (M$10,000 subsidy)",0.845794,6.824845925160708,0.12779804350965054,0.8722019564903495,1,0.9478038836523686,0.9478038836523686,0.9478038836523686,True,True,True
2023-05-22,china_taiwan_2024,Kinetic,geopolitical,Will China inspecting ships in the Taiwan strait escalate to an armed conflict before 2024?,0.154933,0.3562304519643468,0.154933,1.0,0.9048374180359595,0.25410695955280027,0.023852539961173886,0.15395390240409654,0.1393032515478828,0.03912075805119351,10.0,10.0,441,14.7,0.1,0.2299254851867238,china_taiwan_2024_conflict,orthogonal,max,max,max,2023-04-06,2024-08-05,0.73,1,1,bB0Zbz10f5aqWn3JIAju,Will China inspecting ships in the Taiwan strait escalate to an armed conflict before 2024?,0.154933,bB0Zbz10f5aqWn3JIAju,Will China inspecting ships in the Taiwan strait escalate to an armed conflict before 2024?,0.154933,6.824845925160708,0.12779804350965054,0.8722019564903495,2,0.05219611634763146,0.05219611634763146,0.05219611634763146,False,False,False
2023-05-23,us_debt_ceiling_2023,Sovereign,fiscal_debt,"Will the US debt ceiling be raised by the end of June 2023? (M$10,000 subsidy)",0.874938,6.7250495225044435,0.874938,0.8,0.9607894391523232,1.0,1.618383522306298,1.4797697869392326,1.7771839795848725,1.8497122336740408,8.0,10.0,8,0.26666666666666666,0.15,0.9607894391523232,us_debt_ceiling_2023_deadline,orthogonal,max,max,max,2023-04-24,2023-05-31,0.76,1,2,3szs86zpyB4QQY4zzP2S,"Will the US debt ceiling be raised by the end of June 2023? (M$10,000 subsidy)",0.874938,3szs86zpyB4QQY4zzP2S,"Will the US debt ceiling be raised by the end of June 2023? (M$10,000 subsidy)",0.874938,7.082469390567525,0.12372456382786044,0.8762754361721395,1,0.9495345693213874,0.9495345693213874,0.9495345693213874,True,True,True
2023-05-23,china_taiwan_2024,Kinetic,geopolitical,Will China inspecting ships in the Taiwan strait escalate to an armed conflict before 2024?,0.154933,0.3574198680630815,0.154933,1.0,0.9048374180359595,0.25495539602650996,0.023923409019848137,0.1544113198598629,0.13971713997752302,0.039367999205847444,10.0,10.0,440,14.666666666666666,0.1,0.2306931822549628,china_taiwan_2024_conflict,orthogonal,max,max,max,2023-04-06,2024-08-05,0.73,1,1,bB0Zbz10f5aqWn3JIAju,Will China inspecting ships in the Taiwan strait escalate to an armed conflict before 2024?,0.154933,bB0Zbz10f5aqWn3JIAju,Will China inspecting ships in the Taiwan strait escalate to an armed conflict before 2024?,0.154933,7.082469390567525,0.12372456382786044,0.8762754361721395,2,0.050465430678612665,0.050465430678612665,0.050465430678612665,False,False,False
2023-05-24,us_debt_ceiling_2023,Sovereign,fiscal_debt,"Will the US debt ceiling be raised by the end of June 2023? (M$10,000 subsidy)",0.876703,6.772393321994058,0.876703,0.8,0.9656054162575665,1.0,1.6301138904301655,1.4874947528913813,1.795416237558285,1.8593684411142264,8.0,10.0,7,0.23333333333333334,0.15,0.9656054162575665,us_debt_ceiling_2023_deadline,orthogonal,max,max,max,2023-04-24,2023-05-31,0.76,1,2,3szs86zpyB4QQY4zzP2S,"Will the US debt ceiling be raised by the end of June 2023? (M$10,000 subsidy)",0.876703,3szs86zpyB4QQY4zzP2S,"Will the US debt ceiling be raised by the end of June 2023? (M$10,000 subsidy)",0.876703,7.131006577491419,0.12298600308210798,0.8770139969178921,1,0.9497107103183299,0.9497107103183299,0.9497107103183299,True,True,True
2023-05-24,china_taiwan_2024,Kinetic,geopolitical,Will China inspecting ships in the Taiwan strait escalate to an armed conflict before 2024?,0.154933,0.3586132554973608,0.154933,1.0,0.9048374180359595,0.2558066653405763,0.0239944625090841,0.15486992770477628,0.1401321055158055,0.039616759767694944,10.0,10.0,439,14.633333333333333,0.1,0.23146344258315582,china_taiwan_2024_conflict,orthogonal,max,max,max,2023-04-06,2024-08-05,0.73,1,1,bB0Zbz10f5aqWn3JIAju,Will China inspecting ships in the Taiwan strait escalate to an armed conflict before 2024?,0.154933,bB0Zbz10f5aqWn3JIAju,Will China inspecting ships in the Taiwan strait escalate to an armed conflict before 2024?,0.154933,7.131006577491419,0.12298600308210798,0.8770139969178921,2,0.05028928968167009,0.05028928968167009,0.05028928968167009,False,False,False
2023-05-25,us_debt_ceiling_2023,Sovereign,fiscal_debt,"Will the US debt ceiling be raised by the end of June 2023? (M$10,000 subsidy)",0.9,6.9872078415492584,0.9,0.8,0.9704455335485082,1.0,1.7132762221687996,1.5229121974833775,1.847379175042859,1.9036402468542217,8.0,10.0,6,0.2,0.15,0.9704455335485082,us_debt_ceiling_2023_deadline,orthogonal,max,max,max,2023-04-24,2023-05-31,0.76,1,2,3szs86zpyB4QQY4zzP2S,"Will the US debt ceiling be raised by the end of June 2023? (M$10,000 subsidy)",0.9,3szs86zpyB4QQY4zzP2S,"Will the US debt ceiling be raised by the end of June 2023? (M$10,000 subsidy)",0.9,8.44936345170657,0.10582723430109976,0.8941727656989003,1,0.8269507971204634,0.8269507971204634,0.8269507971204634,True,True,True
2023-05-25,oct_selloff_2023,Monetary,monetary_policy,Will the Real-time Sahm Rule Recession Indicator read above 0.5 percentage points by the end of 2023?,0.409836,1.102344982630255,0.409836,0.5,0.8869204367171575,0.6065306597126334,0.18798447300465973,0.2293410937602599,0.4068146060700805,0.2782048097952547,5.0,10.0,155,5.166666666666667,0.12,0.5379444375946745,oct_selloff_2023_rates,orthogonal,max,max,max,2023-05-25,2023-10-27,0.36,1,1,rK52OtlkjovFyTcxPrxJ,Will the Real-time Sahm Rule Recession Indicator read above 0.5 percentage points by the end of 2023?,0.409836,rK52OtlkjovFyTcxPrxJ,Will the Real-time Sahm Rule Recession Indicator read above 0.5 percentage points by the end of 2023?,0.409836,8.44936345170657,0.10582723430109976,0.8941727656989003,2,0.13046485559898685,0.13046485559898685,0.13046485559898685,False,False,False
2023-05-25,china_taiwan_2024,Kinetic,geopolitical,Will China inspecting ships in the Taiwan strait escalate to an armed conflict before 2024?,0.154933,0.35981062752705717,0.154933,1.0,0.9048374180359595,0.2566607769535559,0.024065700753482498,0.1553297280339405,0.14054815005845853,0.039867048681175694,10.0,10.0,438,14.6,0.1,0.2322362747297588,china_taiwan_2024_conflict,orthogonal,max,max,max,2023-04-06,2024-08-05,0.73,1,1,bB0Zbz10f5aqWn3JIAju,Will China inspecting ships in the Taiwan strait escalate to an armed conflict before 2024?,0.154933,bB0Zbz10f5aqWn3JIAju,Will China inspecting ships in the Taiwan strait escalate to an armed conflict before 2024?,0.154933,8.44936345170657,0.10582723430109976,0.8941727656989003,3,0.04258434728054975,0.04258434728054975,0.04258434728054975,False,False,False
2023-05-26,us_debt_ceiling_2023,Sovereign,fiscal_debt,"Will the US debt ceiling be raised by the end of June 2023? (M$10,000 subsidy)",0.922999,7.201680587937913,0.922999,0.8,0.9753099120283326,1.0,1.7973468791011535,1.5578321355504423,1.8992114038482644,1.9472901694380529,8.0,10.0,5,0.16666666666666666,0.15,0.9753099120283326,us_debt_ceiling_2023_deadline,orthogonal,max,max,max,2023-04-24,2023-05-31,0.76,1,2,3szs86zpyB4QQY4zzP2S,"Will the US debt ceiling be raised by the end of June 2023? (M$10,000 subsidy)",0.922999,3szs86zpyB4QQY4zzP2S,"Will the US debt ceiling be raised by the end of June 2023? (M$10,000 subsidy)",0.922999,8.679380125625322,0.1033124008997835,0.8966875991002166,1,0.8297459592391173,0.8297459592391173,0.8297459592391173,True,True,True
2023-05-26,oct_selloff_2023,Monetary,monetary_policy,Will the Real-time Sahm Rule Recession Indicator read above 0.5 percentage points by the end of 2023?,0.413511,1.1166875402310916,0.413511,0.5,0.8869204367171575,0.6089616410728969,0.19165099530875934,0.23173627220165766,0.4110632714886006,0.28223700123207396,5.0,10.0,154,5.133333333333334,0.12,0.5401005246443705,oct_selloff_2023_rates,orthogonal,max,max,max,2023-05-25,2023-10-27,0.36,1,1,rK52OtlkjovFyTcxPrxJ,Will the Real-time Sahm Rule Recession Indicator read above 0.5 percentage points by the end of 2023?,0.413511,rK52OtlkjovFyTcxPrxJ,Will the Real-time Sahm Rule Recession Indicator read above 0.5 percentage points by the end of 2023?,0.413511,8.679380125625322,0.1033124008997835,0.8966875991002166,2,0.1286598264009825,0.1286598264009825,0.1286598264009825,False,False,False
2023-05-26,china_taiwan_2024,Kinetic,geopolitical,Will China inspecting ships in the Taiwan strait escalate to an armed conflict before 2024?,0.154933,0.36101199745631674,0.154933,1.0,0.9048374180359595,0.2575177403555866,0.024137124077276157,0.1557907229400848,0.14096527549906188,0.04011887493989389,10.0,10.0,437,14.566666666666666,0.1,0.2330116872818036,china_taiwan_2024_conflict,orthogonal,max,max,max,2023-04-06,2024-08-05,0.73,1,1,bB0Zbz10f5aqWn3JIAju,Will China inspecting ships in the Taiwan strait escalate to an armed conflict before 2024?,0.154933,bB0Zbz10f5aqWn3JIAju,Will China inspecting ships in the Taiwan strait escalate to an armed conflict before 2024?,0.154933,8.679380125625322,0.1033124008997835,0.8966875991002166,3,0.04159421435990015,0.04159421435990015,0.04159421435990015,False,False,False
2023-05-30,us_debt_ceiling_2023,Sovereign,fiscal_debt,"Will the US debt ceiling be raised by the end of June 2023? (M$10,000 subsidy)",0.962586,7.6622806583693395,0.962586,0.8,0.9950124791926823,1.0,1.9628505096163846,1.631314404835628,2.0289727378727913,2.039143006044535,8.0,10.0,1,0.03333333333333333,0.15,0.9950124791926823,us_debt_ceiling_2023_deadline,orthogonal,max,max,max,2023-04-24,2023-05-31,0.76,1,2,3szs86zpyB4QQY4zzP2S,"Will the US debt ceiling be raised by the end of June 2023? (M$10,000 subsidy)",0.962586,3szs86zpyB4QQY4zzP2S,"Will the US debt ceiling be raised by the end of June 2023? (M$10,000 subsidy)",0.962586,9.248887544924852,0.09757156526663131,0.9024284347333686,1,0.8284543001686584,0.8284543001686584,0.8284543001686584,True,True,True
2023-05-30,oct_selloff_2023,Monetary,monetary_policy,Will the Real-time Sahm Rule Recession Indicator read above 0.5 percentage points by the end of 2023?,0.44487,1.2207491627457474,0.44487,0.5,0.8869204367171575,0.6187833918061408,0.22161122987180282,0.24907414511183362,0.4418178991150803,0.3082458886470306,5.0,10.0,150,5.0,0.12,0.5488116360940264,oct_selloff_2023_rates,orthogonal,max,max,max,2023-05-25,2023-10-27,0.36,1,1,rK52OtlkjovFyTcxPrxJ,Will the Real-time Sahm Rule Recession Indicator read above 0.5 percentage points by the end of 2023?,0.44487,rK52OtlkjovFyTcxPrxJ,Will the Real-time Sahm Rule Recession Indicator read above 0.5 percentage points by the end of 2023?,0.44487,9.248887544924852,0.09757156526663131,0.9024284347333686,2,0.13198875614133831,0.13198875614133831,0.13198875614133831,False,False,False
2023-05-30,china_taiwan_2024,Kinetic,geopolitical,Will China inspecting ships in the Taiwan strait escalate to an armed conflict before 2024?,0.154933,0.3658577238097647,0.154933,1.0,0.9048374180359595,0.26097430276823175,0.024424674637793062,0.1576466901034193,0.14264462403509298,0.04114173503345935,10.0,10.0,433,14.433333333333334,0.1,0.23613931429054158,china_taiwan_2024_conflict,orthogonal,max,max,max,2023-04-06,2024-08-05,0.73,1,1,bB0Zbz10f5aqWn3JIAju,Will China inspecting ships in the Taiwan strait escalate to an armed conflict before 2024?,0.154933,bB0Zbz10f5aqWn3JIAju,Will China inspecting ships in the Taiwan strait escalate to an armed conflict before 2024?,0.154933,9.248887544924852,0.09757156526663131,0.9024284347333686,3,0.039556943690003246,0.039556943690003246,0.039556943690003246,False,False,False
2023-05-31,us_debt_ceiling_2023,Sovereign,fiscal_debt,"Will the US debt ceiling be raised by the end of June 2023? (M$10,000 subsidy)",0.98195,7.816420031546035,0.98195,0.8,0.9950124791926823,1.0,2.03214453208368,1.6555991910656795,2.059177319564576,2.0694989888320996,8.0,10.0,1,0.03333333333333333,0.15,0.9950124791926823,us_debt_ceiling_2023_deadline,orthogonal,max,max,max,2023-04-24,2023-05-31,0.76,1,2,3szs86zpyB4QQY4zzP2S,"Will the US debt ceiling be raised by the end of June 2023? (M$10,000 subsidy)",0.98195,3szs86zpyB4QQY4zzP2S,"Will the US debt ceiling be raised by the end of June 2023? (M$10,000 subsidy)",0.98195,9.409141254329395,0.09606940434054323,0.9039305956594568,1,0.8307261864040455,0.8307261864040455,0.8307261864040455,True,True,True
2023-05-31,oct_selloff_2023,Monetary,monetary_policy,Will the Real-time Sahm Rule Recession Indicator read above 0.5 percentage points by the end of 2023?,0.44487,1.2256419384243888,0.44487,0.5,0.8869204367171575,0.6212634822474618,0.22227449830250634,0.2498196083153577,0.44314023221513255,0.3104075995913922,5.0,10.0,149,4.966666666666667,0.12,0.5510112789913408,oct_selloff_2023_rates,orthogonal,max,max,max,2023-05-25,2023-10-27,0.36,1,1,rK52OtlkjovFyTcxPrxJ,Will the Real-time Sahm Rule Recession Indicator read above 0.5 percentage points by the end of 2023?,0.44487,rK52OtlkjovFyTcxPrxJ,Will the Real-time Sahm Rule Recession Indicator read above 0.5 percentage points by the end of 2023?,0.44487,9.409141254329395,0.09606940434054323,0.9039305956594568,2,0.13026076506827214,0.13026076506827214,0.13026076506827214,False,False,False
2023-05-31,china_taiwan_2024,Kinetic,geopolitical,Will China inspecting ships in the Taiwan strait escalate to an armed conflict before 2024?,0.154933,0.36707928435897164,0.154933,1.0,0.9048374180359595,0.261845668580326,0.024497028208690395,0.15811368919914026,0.14306718229109025,0.04140138466005075,10.0,10.0,432,14.4,0.1,0.23692775868212174,china_taiwan_2024_conflict,orthogonal,max,max,max,2023-04-06,2024-08-05,0.73,1,1,bB0Zbz10f5aqWn3JIAju,Will China inspecting ships in the Taiwan strait escalate to an armed conflict before 2024?,0.154933,bB0Zbz10f5aqWn3JIAju,Will China inspecting ships in the Taiwan strait escalate to an armed conflict before 2024?,0.154933,9.409141254329395,0.09606940434054323,0.9039305956594568,3,0.039013048527682455,0.039013048527682455,0.039013048527682455,False,False,False
2023-06-01,us_debt_ceiling_2023,Sovereign,fiscal_debt,"Will the US debt ceiling be raised by the end of June 2023? (M$10,000 subsidy)",0.984181,7.834179014274666,0.984181,0.8,0.9950124791926823,1.0,2.0401840178066064,1.6583811455873314,2.062637418896564,2.072976431984164,8.0,10.0,1,0.03333333333333333,0.15,0.9950124791926823,us_debt_ceiling_2023_deadline,orthogonal,max,max,max,2023-04-24,2023-05-31,0.76,1,2,3szs86zpyB4QQY4zzP2S,"Will the US debt ceiling be raised by the end of June 2023? (M$10,000 subsidy)",0.984181,3szs86zpyB4QQY4zzP2S,"Will the US debt ceiling be raised by the end of June 2023? (M$10,000 subsidy)",0.984181,9.433038262245526,0.0958493561380621,0.9041506438619379,1,0.8305043185958355,0.8305043185958355,0.8305043185958355,True,True,True
2023-06-01,oct_selloff_2023,Monetary,monetary_policy,Will the Real-time Sahm Rule Recession Indicator read above 0.5 percentage points by the end of 2023?,0.44487,1.2305543244001915,0.44487,0.5,0.8869204367171575,0.623753512917752,0.22293907725712106,0.25056654444795223,0.4444651780569737,0.31258352463814454,5.0,10.0,148,4.933333333333334,0.12,0.5532197380808738,oct_selloff_2023_rates,orthogonal,max,max,max,2023-05-25,2023-10-27,0.36,1,1,rK52OtlkjovFyTcxPrxJ,Will the Real-time Sahm Rule Recession Indicator read above 0.5 percentage points by the end of 2023?,0.44487,rK52OtlkjovFyTcxPrxJ,Will the Real-time Sahm Rule Recession Indicator read above 0.5 percentage points by the end of 2023?,0.44487,9.433038262245526,0.0958493561380621,0.9041506438619379,2,0.13045153535794723,0.13045153535794723,0.13045153535794723,False,False,False
2023-06-01,china_taiwan_2024,Kinetic,geopolitical,Will China inspecting ships in the Taiwan strait escalate to an armed conflict before 2024?,0.154933,0.3683049235706701,0.154933,1.0,0.9048374180359595,0.2627199437914316,0.024569568796262476,0.1585818953758236,0.1434908327591089,0.041662626639475064,10.0,10.0,431,14.366666666666667,0.1,0.23771883560679138,china_taiwan_2024_conflict,orthogonal,max,max,max,2023-04-06,2024-08-05,0.73,1,1,bB0Zbz10f5aqWn3JIAju,Will China inspecting ships in the Taiwan strait escalate to an armed conflict before 2024?,0.154933,bB0Zbz10f5aqWn3JIAju,Will China inspecting ships in the Taiwan strait escalate to an armed conflict before 2024?,0.154933,9.433038262245526,0.0958493561380621,0.9041506438619379,3,0.03904414604621729,0.03904414604621729,0.03904414604621729,False,False,False
2023-06-02,us_debt_ceiling_2023,Sovereign,fiscal_debt,"Will the US debt ceiling be raised by the end of June 2023? (M$10,000 subsidy)",0.993386,7.907451733242415,0.993386,0.8,0.9950124791926823,1.0,2.073475609976674,1.669824708604046,2.076870528906638,2.0872808857550575,8.0,10.0,1,0.03333333333333333,0.15,0.9950124791926823,us_debt_ceiling_2023_deadline,orthogonal,max,max,max,2023-04-24,2023-05-31,0.76,1,1,3szs86zpyB4QQY4zzP2S,"Will the US debt ceiling be raised by the end of June 2023? (M$10,000 subsidy)",0.993386,3szs86zpyB4QQY4zzP2S,"Will the US debt ceiling be raised by the end of June 2023? (M$10,000 subsidy)",0.993386,9.512472787576938,0.09512509760612603,0.904874902393874,1,0.8312719426193111,0.8312719426193111,0.8312719426193111,True,True,True
2023-06-02,oct_selloff_2023,Monetary,monetary_policy,Will the Real-time Sahm Rule Recession Indicator read above 0.5 percentage points by the end of 2023?,0.44487,1.2354863992714367,0.44487,0.5,0.8869204367171575,0.6262535236575559,0.22360496529122134,0.25131495188619296,0.4457927337609074,0.31477374833311494,5.0,10.0,147,4.9,0.12,0.5554370486980182,oct_selloff_2023_rates,orthogonal,max,max,max,2023-05-25,2023-10-27,0.36,1,1,rK52OtlkjovFyTcxPrxJ,Will the Real-time Sahm Rule Recession Indicator read above 0.5 percentage points by the end of 2023?,0.44487,rK52OtlkjovFyTcxPrxJ,Will the Real-time Sahm Rule Recession Indicator read above 0.5 percentage points by the end of 2023?,0.44487,9.512472787576938,0.09512509760612603,0.904874902393874,2,0.12988067633527975,0.12988067633527975,0.12988067633527975,False,False,False
2023-06-02,china_taiwan_2024,Kinetic,geopolitical,Will China inspecting ships in the Taiwan strait escalate to an armed conflict before 2024?,0.154933,0.36953465506308625,0.154933,1.0,0.9048374180359595,0.2635971381157267,0.024642296721970425,0.15905131070830894,0.14391557731654142,0.04192547031626547,10.0,10.0,430,14.333333333333334,0.1,0.23851255385430237,china_taiwan_2024_conflict,orthogonal,max,max,max,2023-04-06,2024-08-05,0.73,1,1,bB0Zbz10f5aqWn3JIAju,Will China inspecting ships in the Taiwan strait escalate to an armed conflict before 2024?,0.154933,bB0Zbz10f5aqWn3JIAju,Will China inspecting ships in the Taiwan strait escalate to an armed conflict before 2024?,0.154933,9.512472787576938,0.09512509760612603,0.904874902393874,3,0.03884738104540911,0.03884738104540911,0.03884738104540911,False,False,False
2023-06-05,oct_selloff_2023,Monetary,monetary_policy,Will the Real-time Sahm Rule Recession Indicator read above 0.5 percentage points by the end of 2023?,0.44487,1.250401547973552,0.44487,0.5,0.8869204367171575,0.6338138370985491,0.22561046902556295,0.25356898535028544,0.4497910304496033,0.3214310631481004,5.0,10.0,144,4.8,0.12,0.5621424451968224,oct_selloff_2023_rates,orthogonal,max,max,max,2023-05-25,2023-10-27,0.36,1,1,rK52OtlkjovFyTcxPrxJ,Will the Real-time Sahm Rule Recession Indicator read above 0.5 percentage points by the end of 2023?,0.44487,rK52OtlkjovFyTcxPrxJ,Will the Real-time Sahm Rule Recession Indicator read above 0.5 percentage points by the end of 2023?,0.44487,1.6236500880634128,0.38114838733625755,0.6188516126637424,1,0.7701176239672132,0.7701176239672132,0.7701176239672132,True,True,True
2023-06-05,china_taiwan_2024,Kinetic,geopolitical,Will China inspecting ships in the Taiwan strait escalate to an armed conflict before 2024?,0.154933,0.37324854008986086,0.154933,1.0,0.9048374180359595,0.2662463333966984,0.024861607736111197,0.16046683234760317,0.1451963942618144,0.042723705744332055,10.0,10.0,427,14.233333333333333,0.1,0.24090964487220984,china_taiwan_2024_conflict,orthogonal,max,max,max,2023-04-06,2024-08-05,0.73,1,1,bB0Zbz10f5aqWn3JIAju,Will China inspecting ships in the Taiwan strait escalate to an armed conflict before 2024?,0.154933,bB0Zbz10f5aqWn3JIAju,Will China inspecting ships in the Taiwan strait escalate to an armed conflict before 2024?,0.154933,1.6236500880634128,0.38114838733625755,0.6188516126637424,2,0.2298823760327868,0.2298823760327868,0.2298823760327868,False,False,False
2023-06-06,oct_selloff_2023,Monetary,monetary_policy,Will the Real-time Sahm Rule Recession Indicator read above 0.5 percentage points by the end of 2023?,0.396266,1.1182537719154284,0.396266,0.5,0.8869204367171575,0.6363541697250871,0.1831446630827259,0.23108803566635278,0.4099134030266233,0.29410767013972644,5.0,10.0,143,4.766666666666667,0.12,0.5643955181193584,oct_selloff_2023_rates,orthogonal,max,max,max,2023-05-25,2023-10-27,0.36,1,1,rK52OtlkjovFyTcxPrxJ,Will the Real-time Sahm Rule Recession Indicator read above 0.5 percentage points by the end of 2023?,0.396266,rK52OtlkjovFyTcxPrxJ,Will the Real-time Sahm Rule Recession Indicator read above 0.5 percentage points by the end of 2023?,0.396266,1.4927485497145137,0.40116360718152927,0.5988363928184708,1,0.7491240049298946,0.7491240049298946,0.7491240049298946,True,True,True
2023-06-06,china_taiwan_2024,Kinetic,geopolitical,Will China inspecting ships in the Taiwan strait escalate to an armed conflict before 2024?,0.154933,0.37449477779908535,0.154933,1.0,0.9048374180359595,0.26713530196585034,0.024935088220377297,0.16094110499620676,0.145625533900622,0.042993050681879315,10.0,10.0,426,14.2,0.1,0.2417140168970364,china_taiwan_2024_conflict,orthogonal,max,max,max,2023-04-06,2024-08-05,0.73,1,1,bB0Zbz10f5aqWn3JIAju,Will China inspecting ships in the Taiwan strait escalate to an armed conflict before 2024?,0.154933,bB0Zbz10f5aqWn3JIAju,Will China inspecting ships in the Taiwan strait escalate to an armed conflict before 2024?,0.154933,1.4927485497145137,0.40116360718152927,0.5988363928184708,2,0.25087599507010544,0.25087599507010544,0.25087599507010544,False,False,False
2023-06-07,oct_selloff_2023,Monetary,monetary_policy,Will the Real-time Sahm Rule Recession Indicator read above 0.5 percentage points by the end of 2023?,0.396266,1.1227357449732434,0.396266,0.5,0.8869204367171575,0.6389046840319162,0.18368508059266306,0.23176992297177032,0.411122962600049,0.29615777880876093,5.0,10.0,142,4.733333333333333,0.12,0.5666576213822246,oct_selloff_2023_rates,orthogonal,max,max,max,2023-05-25,2023-10-27,0.36,1,1,rK52OtlkjovFyTcxPrxJ,Will the Real-time Sahm Rule Recession Indicator read above 0.5 percentage points by the end of 2023?,0.396266,rK52OtlkjovFyTcxPrxJ,Will the Real-time Sahm Rule Recession Indicator read above 0.5 percentage points by the end of 2023?,0.396266,1.4984809215384929,0.4002432003299944,0.5997567996700056,1,0.7492492756067449,0.7492492756067449,0.7492492756067449,True,True,True
2023-06-07,china_taiwan_2024,Kinetic,geopolitical,Will China inspecting ships in the Taiwan strait escalate to an armed conflict before 2024?,0.154933,0.3757451765652496,0.154933,1.0,0.9048374180359595,0.26802723870777256,0.025008757643574152,0.16141659713278741,0.14605577697778202,0.04326404481110597,10.0,10.0,425,14.166666666666666,0.1,0.2425210746356487,china_taiwan_2024_conflict,orthogonal,max,max,max,2023-04-06,2024-08-05,0.73,1,1,bB0Zbz10f5aqWn3JIAju,Will China inspecting ships in the Taiwan strait escalate to an armed conflict before 2024?,0.154933,bB0Zbz10f5aqWn3JIAju,Will China inspecting ships in the Taiwan strait escalate to an armed conflict before 2024?,0.154933,1.4984809215384929,0.4002432003299944,0.5997567996700056,2,0.25075072439325513,0.25075072439325513,0.25075072439325513,False,False,False
2023-06-08,oct_selloff_2023,Monetary,monetary_policy,Will the Real-time Sahm Rule Recession Indicator read above 0.5 percentage points by the end of 2023?,0.396266,1.1272356818269293,0.396266,0.5,0.8869204367171575,0.6414654208273198,0.18422652031669504,0.23245310008516382,0.4123348100875812,0.2982212513374894,5.0,10.0,141,4.7,0.12,0.5689287911791218,oct_selloff_2023_rates,orthogonal,max,max,max,2023-05-25,2023-10-27,0.36,1,1,rK52OtlkjovFyTcxPrxJ,Will the Real-time Sahm Rule Recession Indicator read above 0.5 percentage points by the end of 2023?,0.396266,rK52OtlkjovFyTcxPrxJ,Will the Real-time Sahm Rule Recession Indicator read above 0.5 percentage points by the end of 2023?,0.396266,1.5042354321086149,0.39932347700950005,0.6006765229905,1,0.7493745046590128,0.7493745046590128,0.7493745046590128,True,True,True
2023-06-08,china_taiwan_2024,Kinetic,geopolitical,Will China inspecting ships in the Taiwan strait escalate to an armed conflict before 2024?,0.154933,0.3769997502816856,0.154933,1.0,0.9048374180359595,0.26892215353288224,0.025082616324507673,0.161893310815047,0.14648712535518021,0.0435366977869507,10.0,10.0,424,14.133333333333333,0.1,0.24333082705536305,china_taiwan_2024_conflict,orthogonal,max,max,max,2023-04-06,2024-08-05,0.73,1,1,bB0Zbz10f5aqWn3JIAju,Will China inspecting ships in the Taiwan strait escalate to an armed conflict before 2024?,0.154933,bB0Zbz10f5aqWn3JIAju,Will China inspecting ships in the Taiwan strait escalate to an armed conflict before 2024?,0.154933,1.5042354321086149,0.39932347700950005,0.6006765229905,2,0.2506254953409872,0.2506254953409872,0.2506254953409872,False,False,False
2023-06-09,oct_selloff_2023,Monetary,monetary_policy,Will the Real-time Sahm Rule Recession Indicator read above 0.5 percentage points by the end of 2023?,0.396266,1.1317536544755724,0.396266,0.5,0.8869204367171575,0.6440364210831414,0.18476898081408716,0.23313756518864492,0.41354894226457545,0.3002981662082649,5.0,10.0,140,4.666666666666667,0.12,0.5712090638488149,oct_selloff_2023_rates,orthogonal,max,max,max,2023-05-25,2023-10-27,0.36,1,1,rK52OtlkjovFyTcxPrxJ,Will the Real-time Sahm Rule Recession Indicator read above 0.5 percentage points by the end of 2023?,0.396266,rK52OtlkjovFyTcxPrxJ,Will the Real-time Sahm Rule Recession Indicator read above 0.5 percentage points by the end of 2023?,0.396266,1.510012167363687,0.3984044432144402,0.6015955567855598,1,0.7494996920796262,0.7494996920796262,0.7494996920796262,True,True,True
2023-06-09,china_taiwan_2024,Kinetic,geopolitical,Will China inspecting ships in the Taiwan strait escalate to an armed conflict before 2024?,0.154933,0.3782585128881146,0.154933,1.0,0.9048374180359595,0.2698200563846868,0.02515666458151571,0.16237124809766615,0.14691958089196844,0.04381101931696425,10.0,10.0,423,14.1,0.1,0.24414328315343703,china_taiwan_2024_conflict,orthogonal,max,max,max,2023-04-06,2024-08-05,0.73,1,1,bB0Zbz10f5aqWn3JIAju,Will China inspecting ships in the Taiwan strait escalate to an armed conflict before 2024?,0.154933,bB0Zbz10f5aqWn3JIAju,Will China inspecting ships in the Taiwan strait escalate to an armed conflict before 2024?,0.154933,1.510012167363687,0.3984044432144402,0.6015955567855598,2,0.25050030792037375,0.25050030792037375,0.25050030792037375,False,False,False
2023-06-12,oct_selloff_2023,Monetary,monetary_policy,Will the Real-time Sahm Rule Recession Indicator read above 0.5 percentage points by the end of 2023?,0.396266,1.1454165115176407,0.396266,0.5,0.8869204367171575,0.651811414798732,0.18640247221182715,0.2351986698478133,0.41720501395343423,0.30661035550456606,5.0,10.0,137,4.566666666666666,0.12,0.5781048646705196,oct_selloff_2023_rates,orthogonal,max,max,max,2023-05-25,2023-10-27,0.36,1,1,rK52OtlkjovFyTcxPrxJ,Will the Real-time Sahm Rule Recession Indicator read above 0.5 percentage points by the end of 2023?,0.396266,rK52OtlkjovFyTcxPrxJ,Will the Real-time Sahm Rule Recession Indicator read above 0.5 percentage points by the end of 2023?,0.396266,1.5274765856612897,0.39565153864258634,0.6043484613574137,1,0.7498750044811692,0.7498750044811692,0.7498750044811692,True,True,True
2023-06-12,china_taiwan_2024,Kinetic,geopolitical,Will China inspecting ships in the Taiwan strait escalate to an armed conflict before 2024?,0.154933,0.3820600741436491,0.154933,1.0,0.9048374180359595,0.2725317930340126,0.025379949985187448,0.16381242204815918,0.14822360900827325,0.04464409310202924,10.0,10.0,420,14.0,0.1,0.24659696394160646,china_taiwan_2024_conflict,orthogonal,max,max,max,2023-04-06,2024-08-05,0.73,1,1,bB0Zbz10f5aqWn3JIAju,Will China inspecting ships in the Taiwan strait escalate to an armed conflict before 2024?,0.154933,bB0Zbz10f5aqWn3JIAju,Will China inspecting ships in the Taiwan strait escalate to an armed conflict before 2024?,0.154933,1.5274765856612897,0.39565153864258634,0.6043484613574137,2,0.25012499551883083,0.25012499551883083,0.25012499551883083,False,False,False
2023-06-13,oct_selloff_2023,Monetary,monetary_policy,Will the Real-time Sahm Rule Recession Indicator read above 0.5 percentage points by the end of 2023?,0.396266,1.150007353125807,0.396266,0.5,0.8869204367171575,0.6544238819088586,0.18694900095869957,0.23588826818185205,0.41842825166460434,0.30874183232065106,5.0,10.0,136,4.533333333333333,0.12,0.5804219151407424,oct_selloff_2023_rates,orthogonal,max,max,max,2023-05-25,2023-10-27,0.36,1,1,rK52OtlkjovFyTcxPrxJ,Will the Real-time Sahm Rule Recession Indicator read above 0.5 percentage points by the end of 2023?,0.396266,rK52OtlkjovFyTcxPrxJ,Will the Real-time Sahm Rule Recession Indicator read above 0.5 percentage points by the end of 2023?,0.396266,1.5333430857662647,0.39473532251456905,0.6052646774854309,1,0.7500000253049098,0.7500000253049098,0.7500000253049098,True,True,True
2023-06-13,china_taiwan_2024,Kinetic,geopolitical,Will China inspecting ships in the Taiwan strait escalate to an armed conflict before 2024?,0.154933,0.3833357326404575,0.154933,1.0,0.9048374180359595,0.27344174809334065,0.025454759720249416,0.1642952742169158,0.14866051171794406,0.04492518698534822,10.0,10.0,419,13.966666666666667,0.1,0.2474203253280176,china_taiwan_2024_conflict,orthogonal,max,max,max,2023-04-06,2024-08-05,0.73,1,1,bB0Zbz10f5aqWn3JIAju,Will China inspecting ships in the Taiwan strait escalate to an armed conflict before 2024?,0.154933,bB0Zbz10f5aqWn3JIAju,Will China inspecting ships in the Taiwan strait escalate to an armed conflict before 2024?,0.154933,1.5333430857662647,0.39473532251456905,0.6052646774854309,2,0.24999997469509008,0.24999997469509008,0.24999997469509008,False,False,False
2023-06-14,oct_selloff_2023,Monetary,monetary_policy,Will the Real-time Sahm Rule Recession Indicator read above 0.5 percentage points by the end of 2023?,0.333218,0.9709110357977804,0.333218,0.5,0.8869204367171575,0.6570468198150567,0.13609584387142634,0.20421442399784276,0.3622438922322189,0.2683568756962924,5.0,10.0,135,4.5,0.12,0.5827482523739896,oct_selloff_2023_rates,orthogonal,max,max,max,2023-05-25,2023-10-27,0.36,1,1,rK52OtlkjovFyTcxPrxJ,Will the Real-time Sahm Rule Recession Indicator read above 0.5 percentage points by the end of 2023?,0.333218,rK52OtlkjovFyTcxPrxJ,Will the Real-time Sahm Rule Recession Indicator read above 0.5 percentage points by the end of 2023?,0.333218,1.3555266862249085,0.42453350490486397,0.575466495095136,1,0.71626110032679,0.71626110032679,0.71626110032679,True,True,True
2023-06-14,china_taiwan_2024,Kinetic,geopolitical,Will China inspecting ships in the Taiwan strait escalate to an armed conflict before 2024?,0.154933,0.38461565042712803,0.154933,1.0,0.9048374180359595,0.27435474139712746,0.025529760615792933,0.16477936021243333,0.1490985308402355,0.04520799875866626,10.0,10.0,418,13.933333333333334,0.1,0.2482464358317002,china_taiwan_2024_conflict,orthogonal,max,max,max,2023-04-06,2024-08-05,0.73,1,1,bB0Zbz10f5aqWn3JIAju,Will China inspecting ships in the Taiwan strait escalate to an armed conflict before 2024?,0.154933,bB0Zbz10f5aqWn3JIAju,Will China inspecting ships in the Taiwan strait escalate to an armed conflict before 2024?,0.154933,1.3555266862249085,0.42453350490486397,0.575466495095136,2,0.2837388996732099,0.2837388996732099,0.2837388996732099,False,False,False
2023-06-15,oct_selloff_2023,Monetary,monetary_policy,Will the Real-time Sahm Rule Recession Indicator read above 0.5 percentage points by the end of 2023?,0.333218,0.974802457596007,0.333218,0.5,0.8869204367171575,0.659680270484389,0.13649011344111484,0.20480603304910722,0.3632933125484455,0.2702129985573395,5.0,10.0,134,4.466666666666667,0.12,0.5850839135917069,oct_selloff_2023_rates,orthogonal,max,max,max,2023-05-25,2023-10-27,0.36,1,1,rK52OtlkjovFyTcxPrxJ,Will the Real-time Sahm Rule Recession Indicator read above 0.5 percentage points by the end of 2023?,0.333218,rK52OtlkjovFyTcxPrxJ,Will the Real-time Sahm Rule Recession Indicator read above 0.5 percentage points by the end of 2023?,0.333218,1.3607022993209894,0.423602755962762,0.576397244037238,1,0.71639656821514,0.71639656821514,0.71639656821514,True,True,True
2023-06-15,china_taiwan_2024,Kinetic,geopolitical,Will China inspecting ships in the Taiwan strait escalate to an armed conflict before 2024?,0.154933,0.38589984172498243,0.154933,1.0,0.9048374180359595,0.27527078308975234,0.025604952987190503,0.16526468207025297,0.14953766821698145,0.04549253845055749,10.0,10.0,417,13.9,0.1,0.24907530463166816,china_taiwan_2024_conflict,orthogonal,max,max,max,2023-04-06,2024-08-05,0.73,1,1,bB0Zbz10f5aqWn3JIAju,Will China inspecting ships in the Taiwan strait escalate to an armed conflict before 2024?,0.154933,bB0Zbz10f5aqWn3JIAju,Will China inspecting ships in the Taiwan strait escalate to an armed conflict before 2024?,0.154933,1.3607022993209894,0.423602755962762,0.576397244037238,2,0.28360343178486,0.28360343178486,0.28360343178486,False,False,False
2023-06-16,oct_selloff_2023,Monetary,monetary_policy,Will the Real-time Sahm Rule Recession Indicator read above 0.5 percentage points by the end of 2023?,0.333218,0.9787094762543508,0.333218,0.5,0.8869204367171575,0.6623242760521222,0.13688508639006114,0.20539869753443865,0.3643446050367593,0.2720810872930918,5.0,10.0,133,4.433333333333334,0.12,0.5874289361645234,oct_selloff_2023_rates,orthogonal,max,max,max,2023-05-25,2023-10-27,0.36,1,1,rK52OtlkjovFyTcxPrxJ,Will the Real-time Sahm Rule Recession Indicator read above 0.5 percentage points by the end of 2023?,0.333218,rK52OtlkjovFyTcxPrxJ,Will the Real-time Sahm Rule Recession Indicator read above 0.5 percentage points by the end of 2023?,0.333218,1.3658977970571768,0.4226725267861741,0.5773274732138258,1,0.7165319970227477,0.7165319970227477,0.7165319970227477,True,True,True
2023-06-16,china_taiwan_2024,Kinetic,geopolitical,Will China inspecting ships in the Taiwan strait escalate to an armed conflict before 2024?,0.154933,0.38718832080282606,0.154933,1.0,0.9048374180359595,0.2761898833494657,0.025680337149294047,0.16575124182255585,0.1499779256869754,0.045778816144000783,10.0,10.0,416,13.866666666666667,0.1,0.2499069409375834,china_taiwan_2024_conflict,orthogonal,max,max,max,2023-04-06,2024-08-05,0.73,1,1,bB0Zbz10f5aqWn3JIAju,Will China inspecting ships in the Taiwan strait escalate to an armed conflict before 2024?,0.154933,bB0Zbz10f5aqWn3JIAju,Will China inspecting ships in the Taiwan strait escalate to an armed conflict before 2024?,0.154933,1.3658977970571768,0.4226725267861741,0.5773274732138258,2,0.2834680029772522,0.2834680029772522,0.2834680029772522,False,False,False
2023-06-20,oct_selloff_2023,Monetary,monetary_policy,Will the Real-time Sahm Rule Recession Indicator read above 0.5 percentage points by the end of 2023?,0.224271,0.6693406038923546,0.224271,0.5,0.8869204367171575,0.6730066959373865,0.06571832995988401,0.14651544328041524,0.2598950818801476,0.19721174877190764,5.0,10.0,129,4.3,0.12,0.596903392674358,oct_selloff_2023_rates,orthogonal,max,max,max,2023-05-25,2023-10-27,0.36,1,1,rK52OtlkjovFyTcxPrxJ,Will the Real-time Sahm Rule Recession Indicator read above 0.5 percentage points by the end of 2023?,0.224271,rK52OtlkjovFyTcxPrxJ,Will the Real-time Sahm Rule Recession Indicator read above 0.5 percentage points by the end of 2023?,0.224271,0.9143785544641141,0.5223627258402541,0.4776372741597459,1,0.7320169536178943,0.7320169536178943,0.7320169536178943,True,True,True
2023-06-20,china_taiwan_2024,Kinetic,geopolitical,Will China inspecting ships in the Taiwan strait escalate to an armed conflict before 2024?,0.096753,0.24503795057175942,0.096753,1.0,0.9048374180359595,0.2798970748160435,0.010391534867470499,0.10740271482507517,0.0971819951723735,0.030061705706840247,10.0,10.0,412,13.733333333333333,0.1,0.2532613464923666,china_taiwan_2024_conflict,orthogonal,max,max,max,2023-04-06,2024-08-05,0.73,1,1,bB0Zbz10f5aqWn3JIAju,Will China inspecting ships in the Taiwan strait escalate to an armed conflict before 2024?,0.096753,bB0Zbz10f5aqWn3JIAju,Will China inspecting ships in the Taiwan strait escalate to an armed conflict before 2024?,0.096753,0.9143785544641141,0.5223627258402541,0.4776372741597459,2,0.2679830463821057,0.2679830463821057,0.2679830463821057,False,False,False
2023-06-21,oct_selloff_2023,Monetary,monetary_policy,Will the Real-time Sahm Rule Recession Indicator read above 0.5 percentage points by the end of 2023?,0.224271,0.6720233281795337,0.224271,0.5,0.8869204367171575,0.6757041139606261,0.0659039035645872,0.1469291695417312,0.260628966432883,0.1985612886403322,5.0,10.0,128,4.266666666666667,0.12,0.5992957878455385,oct_selloff_2023_rates,orthogonal,max,max,max,2023-05-25,2023-10-27,0.36,1,1,rK52OtlkjovFyTcxPrxJ,Will the Real-time Sahm Rule Recession Indicator read above 0.5 percentage points by the end of 2023?,0.224271,rK52OtlkjovFyTcxPrxJ,Will the Real-time Sahm Rule Recession Indicator read above 0.5 percentage points by the end of 2023?,0.224271,0.9178794347556546,0.5214092095040395,0.47859079049596054,1,0.7321477121430775,0.7321477121430775,0.7321477121430775,True,True,True
2023-06-21,china_taiwan_2024,Kinetic,geopolitical,Will China inspecting ships in the Taiwan strait escalate to an armed conflict before 2024?,0.096753,0.24585610657612086,0.096753,1.0,0.9048374180359595,0.2808316217783798,0.010421962049356293,0.10771719790969059,0.09746655123467289,0.030250395382401107,10.0,10.0,411,13.7,0.1,0.25410695955280027,china_taiwan_2024_conflict,orthogonal,max,max,max,2023-04-06,2024-08-05,0.73,1,1,bB0Zbz10f5aqWn3JIAju,Will China inspecting ships in the Taiwan strait escalate to an armed conflict before 2024?,0.096753,bB0Zbz10f5aqWn3JIAju,Will China inspecting ships in the Taiwan strait escalate to an armed conflict before 2024?,0.096753,0.9178794347556546,0.5214092095040395,0.47859079049596054,2,0.26785228785692244,0.26785228785692244,0.26785228785692244,False,False,False
2023-06-22,oct_selloff_2023,Monetary,monetary_policy,Will the Real-time Sahm Rule Recession Indicator read above 0.5 percentage points by the end of 2023?,0.224271,0.6747168048543,0.224271,0.5,0.8869204367171575,0.678412343264104,0.0660897810636551,0.14734357331900938,0.2613640527911246,0.19991939768051092,5.0,10.0,127,4.233333333333333,0.12,0.6016977717621093,oct_selloff_2023_rates,orthogonal,max,max,max,2023-05-25,2023-10-27,0.36,1,1,rK52OtlkjovFyTcxPrxJ,Will the Real-time Sahm Rule Recession Indicator read above 0.5 percentage points by the end of 2023?,0.224271,rK52OtlkjovFyTcxPrxJ,Will the Real-time Sahm Rule Recession Indicator read above 0.5 percentage points by the end of 2023?,0.224271,0.9213937991718292,0.5204555153821283,0.4795444846178717,1,0.7322784302008019,0.7322784302008019,0.7322784302008019,True,True,True
2023-06-22,china_taiwan_2024,Kinetic,geopolitical,Will China inspecting ships in the Taiwan strait escalate to an armed conflict before 2024?,0.096753,0.24667699431752918,0.096753,1.0,0.9048374180359595,0.28176928909495835,0.010452465792694961,0.10803247230261553,0.09775182330233995,0.030440232919878754,10.0,10.0,410,13.666666666666666,0.1,0.25495539602650996,china_taiwan_2024_conflict,orthogonal,max,max,max,2023-04-06,2024-08-05,0.73,1,1,bB0Zbz10f5aqWn3JIAju,Will China inspecting ships in the Taiwan strait escalate to an armed conflict before 2024?,0.096753,bB0Zbz10f5aqWn3JIAju,Will China inspecting ships in the Taiwan strait escalate to an armed conflict before 2024?,0.096753,0.9213937991718292,0.5204555153821283,0.4795444846178717,2,0.2677215697991981,0.2677215697991981,0.2677215697991981,False,False,False
2023-06-23,oct_selloff_2023,Monetary,monetary_policy,Will the Real-time Sahm Rule Recession Indicator read above 0.5 percentage points by the end of 2023?,0.224271,0.677421077012338,0.224271,0.5,0.8869204367171575,0.6811314271795471,0.06627596171351544,0.14775865295449575,0.26210033801428056,0.2012861243300462,5.0,10.0,126,4.2,0.12,0.6041093828558647,oct_selloff_2023_rates,orthogonal,max,max,max,2023-05-25,2023-10-27,0.36,1,1,rK52OtlkjovFyTcxPrxJ,Will the Real-time Sahm Rule Recession Indicator read above 0.5 percentage points by the end of 2023?,0.224271,rK52OtlkjovFyTcxPrxJ,Will the Real-time Sahm Rule Recession Indicator read above 0.5 percentage points by the end of 2023?,0.224271,0.9249216999293057,0.5195016503978971,0.4804983496021029,1,0.7324091077808156,0.7324091077808156,0.7324091077808156,True,True,True
2023-06-23,china_taiwan_2024,Kinetic,geopolitical,Will China inspecting ships in the Taiwan strait escalate to an armed conflict before 2024?,0.096753,0.24750062291696773,0.096753,1.0,0.9048374180359595,0.2827100871843146,0.010483046216713173,0.1083485392361288,0.09803781249038665,0.03063122497373911,10.0,10.0,409,13.633333333333333,0.1,0.2558066653405762,china_taiwan_2024_conflict,orthogonal,max,max,max,2023-04-06,2024-08-05,0.73,1,1,bB0Zbz10f5aqWn3JIAju,Will China inspecting ships in the Taiwan strait escalate to an armed conflict before 2024?,0.096753,bB0Zbz10f5aqWn3JIAju,Will China inspecting ships in the Taiwan strait escalate to an armed conflict before 2024?,0.096753,0.9249216999293057,0.5195016503978971,0.4804983496021029,2,0.2675908922191845,0.2675908922191845,0.2675908922191845,False,False,False
2023-06-26,oct_selloff_2023,Monetary,monetary_policy,Will the Real-time Sahm Rule Recession Indicator read above 0.5 percentage points by the end of 2023?,0.224271,0.6855990999380006,0.224271,0.5,0.8869204367171575,0.6893542425242225,0.06683631502283349,0.14900793018899788,0.2643163570350915,0.20543849769107772,5.0,10.0,123,4.1,0.12,0.6114023658324087,oct_selloff_2023_rates,orthogonal,max,max,max,2023-05-25,2023-10-27,0.36,1,1,rK52OtlkjovFyTcxPrxJ,Will the Real-time Sahm Rule Recession Indicator read above 0.5 percentage points by the end of 2023?,0.224271,rK52OtlkjovFyTcxPrxJ,Will the Real-time Sahm Rule Recession Indicator read above 0.5 percentage points by the end of 2023?,0.224271,0.9355871454687196,0.5166390995833159,0.4833609004166841,1,0.7328008975524375,0.7328008975524375,0.7328008975524375,True,True,True
2023-06-26,china_taiwan_2024,Kinetic,geopolitical,Will China inspecting ships in the Taiwan strait escalate to an armed conflict before 2024?,0.096753,0.24998804553071893,0.096753,1.0,0.9048374180359595,0.2855513707968967,0.010575248761283178,0.10930150756341588,0.09890009389111912,0.031211195314900773,10.0,10.0,406,13.533333333333333,0.1,0.2583775650684929,china_taiwan_2024_conflict,orthogonal,max,max,max,2023-04-06,2024-08-05,0.73,1,1,bB0Zbz10f5aqWn3JIAju,Will China inspecting ships in the Taiwan strait escalate to an armed conflict before 2024?,0.096753,bB0Zbz10f5aqWn3JIAju,Will China inspecting ships in the Taiwan strait escalate to an armed conflict before 2024?,0.096753,0.9355871454687196,0.5166390995833159,0.4833609004166841,2,0.26719910244756245,0.26719910244756245,0.26719910244756245,False,False,False
2023-06-27,oct_selloff_2023,Monetary,monetary_policy,Will the Real-time Sahm Rule Recession Indicator read above 0.5 percentage points by the end of 2023?,0.224271,0.688346988450928,0.224271,0.5,0.8869204367171575,0.6921171816887305,0.06702370069440429,0.14942569635486597,0.2650574077356461,0.20684018366601165,5.0,10.0,122,4.066666666666666,0.12,0.6138528730428171,oct_selloff_2023_rates,orthogonal,max,max,max,2023-05-25,2023-10-27,0.36,1,1,rK52OtlkjovFyTcxPrxJ,Will the Real-time Sahm Rule Recession Indicator read above 0.5 percentage points by the end of 2023?,0.224271,rK52OtlkjovFyTcxPrxJ,Will the Real-time Sahm Rule Recession Indicator read above 0.5 percentage points by the end of 2023?,0.224271,0.9391697178336473,0.5156846204865219,0.48431537951347814,1,0.7329314131195753,0.7329314131195753,0.7329314131195753,True,True,True
2023-06-27,china_taiwan_2024,Kinetic,geopolitical,Will China inspecting ships in the Taiwan strait escalate to an armed conflict before 2024?,0.096753,0.2508227293827194,0.096753,1.0,0.9048374180359595,0.2865047968601901,0.010606137095159172,0.10962075692907891,0.09918896266285528,0.031406872695626024,10.0,10.0,405,13.5,0.1,0.2592402606458915,china_taiwan_2024_conflict,orthogonal,max,max,max,2023-04-06,2024-08-05,0.73,1,1,bB0Zbz10f5aqWn3JIAju,Will China inspecting ships in the Taiwan strait escalate to an armed conflict before 2024?,0.096753,bB0Zbz10f5aqWn3JIAju,Will China inspecting ships in the Taiwan strait escalate to an armed conflict before 2024?,0.096753,0.9391697178336473,0.5156846204865219,0.48431537951347814,2,0.2670685868804247,0.2670685868804247,0.2670685868804247,False,False,False
2023-06-28,oct_selloff_2023,Monetary,monetary_policy,Will the Real-time Sahm Rule Recession Indicator read above 0.5 percentage points by the end of 2023?,0.224271,0.6911058905303554,0.224271,0.5,0.8869204367171575,0.6948911947429106,0.06721138568959263,0.14984412984646395,0.2657996421658565,0.20825073282844234,5.0,10.0,121,4.033333333333333,0.12,0.6163132019122896,oct_selloff_2023_rates,orthogonal,max,max,max,2023-05-25,2023-10-27,0.36,1,1,rK52OtlkjovFyTcxPrxJ,Will the Real-time Sahm Rule Recession Indicator read above 0.5 percentage points by the end of 2023?,0.224271,rK52OtlkjovFyTcxPrxJ,Will the Real-time Sahm Rule Recession Indicator read above 0.5 percentage points by the end of 2023?,0.224271,0.9427660906868711,0.5147300052197467,0.48526999478025334,1,0.7330618881581076,0.7330618881581076,0.7330618881581076,True,True,True
2023-06-28,china_taiwan_2024,Kinetic,geopolitical,Will China inspecting ships in the Taiwan strait escalate to an armed conflict before 2024?,0.096753,0.2516602001565157,0.096753,1.0,0.9048374180359595,0.28746140631306283,0.010637102701974814,0.10994080495669191,0.09947855409380814,0.03160373840404081,10.0,10.0,404,13.466666666666667,0.1,0.2601058366732976,china_taiwan_2024_conflict,orthogonal,max,max,max,2023-04-06,2024-08-05,0.73,1,1,bB0Zbz10f5aqWn3JIAju,Will China inspecting ships in the Taiwan strait escalate to an armed conflict before 2024?,0.096753,bB0Zbz10f5aqWn3JIAju,Will China inspecting ships in the Taiwan strait escalate to an armed conflict before 2024?,0.096753,0.9427660906868711,0.5147300052197467,0.48526999478025334,2,0.2669381118418924,0.2669381118418924,0.2669381118418924,False,False,False
2023-06-29,oct_selloff_2023,Monetary,monetary_policy,Will the Real-time Sahm Rule Recession Indicator read above 0.5 percentage points by the end of 2023?,0.224271,0.6938758503187749,0.224271,0.5,0.8869204367171575,0.697676326071031,0.06739936922109381,0.1502632289085388,0.26654305721218285,0.2096701949769594,5.0,10.0,120,4.0,0.12,0.6187833918061408,oct_selloff_2023_rates,orthogonal,max,max,max,2023-05-25,2023-10-27,0.36,1,1,rK52OtlkjovFyTcxPrxJ,Will the Real-time Sahm Rule Recession Indicator read above 0.5 percentage points by the end of 2023?,0.224271,rK52OtlkjovFyTcxPrxJ,Will the Real-time Sahm Rule Recession Indicator read above 0.5 percentage points by the end of 2023?,0.224271,0.9463763174761222,0.5137752607351419,0.4862247392648581,1,0.7331923226579282,0.7331923226579282,0.7331923226579282,True,True,True
2023-06-29,china_taiwan_2024,Kinetic,geopolitical,Will China inspecting ships in the Taiwan strait escalate to an armed conflict before 2024?,0.096753,0.25250046715734725,0.096753,1.0,0.9048374180359595,0.28842120978451874,0.010668145699385062,0.11026165286228914,0.09976886928429099,0.03180179931138208,10.0,10.0,403,13.433333333333334,0.1,0.26097430276823175,china_taiwan_2024_conflict,orthogonal,max,max,max,2023-04-06,2024-08-05,0.73,1,1,bB0Zbz10f5aqWn3JIAju,Will China inspecting ships in the Taiwan strait escalate to an armed conflict before 2024?,0.096753,bB0Zbz10f5aqWn3JIAju,Will China inspecting ships in the Taiwan strait escalate to an armed conflict before 2024?,0.096753,0.9463763174761222,0.5137752607351419,0.4862247392648581,2,0.2668076773420717,0.2668076773420717,0.2668076773420717,False,False,False
2023-06-30,oct_selloff_2023,Monetary,monetary_policy,Will the Real-time Sahm Rule Recession Indicator read above 0.5 percentage points by the end of 2023?,0.224271,0.6966569121356022,0.224271,0.5,0.8869204367171575,0.7004726202352524,0.06758765049431235,0.15068299176958314,0.26728764973225305,0.2110986201394537,5.0,10.0,119,3.966666666666667,0.12,0.6212634822474616,oct_selloff_2023_rates,orthogonal,max,max,max,2023-05-25,2023-10-27,0.36,1,1,rK52OtlkjovFyTcxPrxJ,Will the Real-time Sahm Rule Recession Indicator read above 0.5 percentage points by the end of 2023?,0.224271,rK52OtlkjovFyTcxPrxJ,Will the Real-time Sahm Rule Recession Indicator read above 0.5 percentage points by the end of 2023?,0.224271,0.950000451857125,0.5128203939889493,0.4871796060110507,1,0.7333227166089555,0.7333227166089555,0.7333227166089555,True,True,True
2023-06-30,china_taiwan_2024,Kinetic,geopolitical,Will China inspecting ships in the Taiwan strait escalate to an armed conflict before 2024?,0.096753,0.25334353972152274,0.096753,1.0,0.9048374180359595,0.28938421793905056,0.010699266204771662,0.11058330185908098,0.10005990933206195,0.03200106232560811,10.0,10.0,402,13.4,0.1,0.26184566858032593,china_taiwan_2024_conflict,orthogonal,max,max,max,2023-04-06,2024-08-05,0.73,1,1,bB0Zbz10f5aqWn3JIAju,Will China inspecting ships in the Taiwan strait escalate to an armed conflict before 2024?,0.096753,bB0Zbz10f5aqWn3JIAju,Will China inspecting ships in the Taiwan strait escalate to an armed conflict before 2024?,0.096753,0.950000451857125,0.5128203939889493,0.4871796060110507,2,0.26667728339104435,0.26667728339104435,0.26667728339104435,False,False,False
2023-07-03,oct_selloff_2023,Monetary,monetary_policy,Will the Real-time Sahm Rule Recession Indicator read above 0.5 percentage points by the end of 2023?,0.224271,0.7050671556194531,0.224271,0.5,0.8869204367171575,0.7089289280495108,0.06815427270896479,0.15194624518766311,0.26952846027874894,0.2154381774440763,5.0,10.0,116,3.8666666666666667,0.12,0.6287635544670984,oct_selloff_2023_rates,orthogonal,max,max,max,2023-05-25,2023-10-27,0.36,1,1,rK52OtlkjovFyTcxPrxJ,Will the Real-time Sahm Rule Recession Indicator read above 0.5 percentage points by the end of 2023?,0.224271,rK52OtlkjovFyTcxPrxJ,Will the Real-time Sahm Rule Recession Indicator read above 0.5 percentage points by the end of 2023?,0.224271,0.9609568402448717,0.5099551298003715,0.4900448701996285,1,0.7337136550688242,0.7337136550688242,0.7337136550688242,True,True,True
2023-07-03,china_taiwan_2024,Kinetic,geopolitical,Will China inspecting ships in the Taiwan strait escalate to an armed conflict before 2024?,0.096753,0.2558896846254186,0.096753,1.0,0.9048374180359595,0.29229257768085937,0.010793093938440586,0.1115530674856654,0.10093738955772064,0.032606133643592,10.0,10.0,399,13.3,0.1,0.2644772612998239,china_taiwan_2024_conflict,orthogonal,max,max,max,2023-04-06,2024-08-05,0.73,1,1,bB0Zbz10f5aqWn3JIAju,Will China inspecting ships in the Taiwan strait escalate to an armed conflict before 2024?,0.096753,bB0Zbz10f5aqWn3JIAju,Will China inspecting ships in the Taiwan strait escalate to an armed conflict before 2024?,0.096753,0.9609568402448717,0.5099551298003715,0.4900448701996285,2,0.2662863449311757,0.2662863449311757,0.2662863449311757,False,False,False
2023-07-05,oct_selloff_2023,Monetary,monetary_policy,Will the Real-time Sahm Rule Recession Indicator read above 0.5 percentage points by the end of 2023?,0.159108,0.5042242599653798,0.159108,0.5,0.8869204367171575,0.7146231058160574,0.0354880493721172,0.11152188881802676,0.19782208466801315,0.15939223710722264,5.0,10.0,114,3.8,0.12,0.633813837098549,oct_selloff_2023_rates,orthogonal,max,max,max,2023-05-25,2023-10-27,0.36,1,1,rK52OtlkjovFyTcxPrxJ,Will the Real-time Sahm Rule Recession Indicator read above 0.5 percentage points by the end of 2023?,0.159108,rK52OtlkjovFyTcxPrxJ,Will the Real-time Sahm Rule Recession Indicator read above 0.5 percentage points by the end of 2023?,0.159108,0.7618255749166873,0.5675930774516584,0.43240692254834157,1,0.6618631305735848,0.6618631305735848,0.6618631305735848,True,True,True
2023-07-05,china_taiwan_2024,Kinetic,geopolitical,Will China inspecting ships in the Taiwan strait escalate to an armed conflict before 2024?,0.096753,0.2576013149513075,0.096753,1.0,0.9048374180359595,0.29424770471430406,0.010856035440175937,0.11220360547141627,0.10152602066908174,0.03301565337063356,10.0,10.0,397,13.233333333333333,0.1,0.26624633339669834,china_taiwan_2024_conflict,orthogonal,max,max,max,2023-04-06,2024-08-05,0.73,1,1,bB0Zbz10f5aqWn3JIAju,Will China inspecting ships in the Taiwan strait escalate to an armed conflict before 2024?,0.096753,bB0Zbz10f5aqWn3JIAju,Will China inspecting ships in the Taiwan strait escalate to an armed conflict before 2024?,0.096753,0.7618255749166873,0.5675930774516584,0.43240692254834157,2,0.3381368694264151,0.3381368694264151,0.3381368694264151,False,False,False
2023-07-06,oct_selloff_2023,Monetary,monetary_policy,Will the Real-time Sahm Rule Recession Indicator read above 0.5 percentage points by the end of 2023?,0.159108,0.5062451961830957,0.159108,0.5,0.8869204367171575,0.7174873228544433,0.03558519985279213,0.11182718610249683,0.19836363346975466,0.1604691767580521,5.0,10.0,113,3.7666666666666666,0.12,0.636354169725087,oct_selloff_2023_rates,orthogonal,max,max,max,2023-05-25,2023-10-27,0.36,1,1,rK52OtlkjovFyTcxPrxJ,Will the Real-time Sahm Rule Recession Indicator read above 0.5 percentage points by the end of 2023?,0.159108,rK52OtlkjovFyTcxPrxJ,Will the Real-time Sahm Rule Recession Indicator read above 0.5 percentage points by the end of 2023?,0.159108,0.7647066148941148,0.5666664314396541,0.4333335685603459,1,0.6620123146877617,0.6620123146877617,0.6620123146877617,True,True,True
2023-07-06,china_taiwan_2024,Kinetic,geopolitical,Will China inspecting ships in the Taiwan strait escalate to an armed conflict before 2024?,0.096753,0.2584614187110192,0.096753,1.0,0.9048374180359595,0.2952301669240142,0.010887623442726604,0.1125300863304146,0.10182143276657596,0.03322227617130203,10.0,10.0,396,13.2,0.1,0.26713530196585034,china_taiwan_2024_conflict,orthogonal,max,max,max,2023-04-06,2024-08-05,0.73,1,1,bB0Zbz10f5aqWn3JIAju,Will China inspecting ships in the Taiwan strait escalate to an armed conflict before 2024?,0.096753,bB0Zbz10f5aqWn3JIAju,Will China inspecting ships in the Taiwan strait escalate to an armed conflict before 2024?,0.096753,0.7647066148941148,0.5666664314396541,0.4333335685603459,2,0.33798768531223844,0.33798768531223844,0.33798768531223844,False,False,False
2023-07-07,oct_selloff_2023,Monetary,monetary_policy,Will the Real-time Sahm Rule Recession Indicator read above 0.5 percentage points by the end of 2023?,0.159108,0.5082742323347507,0.159108,0.5,0.8869204367171575,0.7203630197053014,0.035682492681989315,0.11213293071998051,0.19890597576907976,0.16155283316370103,5.0,10.0,112,3.7333333333333334,0.12,0.6389046840319162,oct_selloff_2023_rates,orthogonal,max,max,max,2023-05-25,2023-10-27,0.36,1,1,rK52OtlkjovFyTcxPrxJ,Will the Real-time Sahm Rule Recession Indicator read above 0.5 percentage points by the end of 2023?,0.159108,rK52OtlkjovFyTcxPrxJ,Will the Real-time Sahm Rule Recession Indicator read above 0.5 percentage points by the end of 2023?,0.159108,0.7675986266016818,0.5657392945153856,0.4342607054846144,1,0.6621614665792017,0.6621614665792017,0.6621614665792017,True,True,True
2023-07-07,china_taiwan_2024,Kinetic,geopolitical,Will China inspecting ships in the Taiwan strait escalate to an armed conflict before 2024?,0.096753,0.2593243942669311,0.096753,1.0,0.9048374180359595,0.2962159094719497,0.010919289767001489,0.11285737669117742,0.10211757733155666,0.03343015047719554,10.0,10.0,395,13.166666666666666,0.1,0.2680272387077725,china_taiwan_2024_conflict,orthogonal,max,max,max,2023-04-06,2024-08-05,0.73,1,1,bB0Zbz10f5aqWn3JIAju,Will China inspecting ships in the Taiwan strait escalate to an armed conflict before 2024?,0.096753,bB0Zbz10f5aqWn3JIAju,Will China inspecting ships in the Taiwan strait escalate to an armed conflict before 2024?,0.096753,0.7675986266016818,0.5657392945153856,0.4342607054846144,2,0.3378385334207982,0.3378385334207982,0.3378385334207982,False,False,False
2023-07-10,oct_selloff_2023,Monetary,monetary_policy,Will the Real-time Sahm Rule Recession Indicator read above 0.5 percentage points by the end of 2023?,0.159108,0.5144102656906796,0.159108,0.5,0.8869204367171575,0.7290594501676237,0.03597522057294381,0.11305283383910242,0.2005377375213779,0.16484447375725544,5.0,10.0,109,3.6333333333333333,0.12,0.6466177259354395,oct_selloff_2023_rates,orthogonal,max,max,max,2023-05-25,2023-10-27,0.36,1,1,rK52OtlkjovFyTcxPrxJ,Will the Real-time Sahm Rule Recession Indicator read above 0.5 percentage points by the end of 2023?,0.159108,rK52OtlkjovFyTcxPrxJ,Will the Real-time Sahm Rule Recession Indicator read above 0.5 percentage points by the end of 2023?,0.159108,0.776340913448994,0.5629550006019799,0.4370449993980201,1,0.6626087286902683,0.6626087286902683,0.6626087286902683,True,True,True
2023-07-10,china_taiwan_2024,Kinetic,geopolitical,Will China inspecting ships in the Taiwan strait escalate to an armed conflict before 2024?,0.096753,0.2619306477583145,0.096753,1.0,0.9048374180359595,0.2991929288551316,0.011014759819434582,0.11384411666237305,0.10301041657936619,0.03406135469714068,10.0,10.0,392,13.066666666666666,0.1,0.2707209572398938,china_taiwan_2024_conflict,orthogonal,max,max,max,2023-04-06,2024-08-05,0.73,1,1,bB0Zbz10f5aqWn3JIAju,Will China inspecting ships in the Taiwan strait escalate to an armed conflict before 2024?,0.096753,bB0Zbz10f5aqWn3JIAju,Will China inspecting ships in the Taiwan strait escalate to an armed conflict before 2024?,0.096753,0.776340913448994,0.5629550006019799,0.4370449993980201,2,0.3373912713097317,0.3373912713097317,0.3373912713097317,False,False,False
2023-07-11,oct_selloff_2023,Monetary,monetary_policy,Will the Real-time Sahm Rule Recession Indicator read above 0.5 percentage points by the end of 2023?,0.159108,0.5164720275281022,0.159108,0.5,0.8869204367171575,0.7319815282283126,0.036073078090292,0.11336035300013826,0.20108322757858751,0.16595536885908438,5.0,10.0,108,3.6,0.12,0.6492093766851473,oct_selloff_2023_rates,orthogonal,max,max,max,2023-05-25,2023-10-27,0.36,1,1,rK52OtlkjovFyTcxPrxJ,Will the Real-time Sahm Rule Recession Indicator read above 0.5 percentage points by the end of 2023?,0.159108,rK52OtlkjovFyTcxPrxJ,Will the Real-time Sahm Rule Recession Indicator read above 0.5 percentage points by the end of 2023?,0.159108,0.7792772342340805,0.5620259624298889,0.4379740375701111,1,0.6627577514640489,0.6627577514640489,0.6627577514640489,True,True,True
2023-07-11,china_taiwan_2024,Kinetic,geopolitical,Will China inspecting ships in the Taiwan strait escalate to an armed conflict before 2024?,0.096753,0.2628052067059783,0.096753,1.0,0.9048374180359595,0.30019190264933016,0.011046740578341614,0.11417465689272284,0.1033095017479529,0.03427430748696093,10.0,10.0,391,13.033333333333333,0.1,0.271624866108522,china_taiwan_2024_conflict,orthogonal,max,max,max,2023-04-06,2024-08-05,0.73,1,1,bB0Zbz10f5aqWn3JIAju,Will China inspecting ships in the Taiwan strait escalate to an armed conflict before 2024?,0.096753,bB0Zbz10f5aqWn3JIAju,Will China inspecting ships in the Taiwan strait escalate to an armed conflict before 2024?,0.096753,0.7792772342340805,0.5620259624298889,0.4379740375701111,2,0.33724224853595103,0.33724224853595103,0.33724224853595103,False,False,False
2023-07-12,oct_selloff_2023,Monetary,monetary_policy,Will the Real-time Sahm Rule Recession Indicator read above 0.5 percentage points by the end of 2023?,0.159108,0.5185420529289833,0.159108,0.5,0.8869204367171575,0.7349153180090687,0.03617107558503886,0.11366831204288554,0.20162949791595633,0.16707316738510256,5.0,10.0,107,3.566666666666667,0.12,0.651811414798732,oct_selloff_2023_rates,orthogonal,max,max,max,2023-05-25,2023-10-27,0.36,1,1,rK52OtlkjovFyTcxPrxJ,Will the Real-time Sahm Rule Recession Indicator read above 0.5 percentage points by the end of 2023?,0.159108,rK52OtlkjovFyTcxPrxJ,Will the Real-time Sahm Rule Recession Indicator read above 0.5 percentage points by the end of 2023?,0.159108,0.7822247386431813,0.5610964646138321,0.4389035353861679,1,0.6629067419018574,0.6629067419018574,0.6629067419018574,True,True,True
2023-07-12,china_taiwan_2024,Kinetic,geopolitical,Will China inspecting ships in the Taiwan strait escalate to an armed conflict before 2024?,0.096753,0.2636826857141981,0.096753,1.0,0.9048374180359595,0.301194211912202,0.011078800231300883,0.11450601254018876,0.10360932473645759,0.03448854820625087,10.0,10.0,390,13.0,0.1,0.27253179303401254,china_taiwan_2024_conflict,orthogonal,max,max,max,2023-04-06,2024-08-05,0.73,1,1,bB0Zbz10f5aqWn3JIAju,Will China inspecting ships in the Taiwan strait escalate to an armed conflict before 2024?,0.096753,bB0Zbz10f5aqWn3JIAju,Will China inspecting ships in the Taiwan strait escalate to an armed conflict before 2024?,0.096753,0.7822247386431813,0.5610964646138321,0.4389035353861679,2,0.33709325809814267,0.33709325809814267,0.33709325809814267,False,False,False
2023-07-13,oct_selloff_2023,Monetary,monetary_policy,Will the Real-time Sahm Rule Recession Indicator read above 0.5 percentage points by the end of 2023?,0.159108,0.5206203750137733,0.159108,0.5,0.8869204367171575,0.7378608664505911,0.03626921257208031,0.11397670944289512,0.2021765458293542,0.16819790716944372,5.0,10.0,106,3.533333333333333,0.12,0.6544238819088585,oct_selloff_2023_rates,orthogonal,max,max,max,2023-05-25,2023-10-27,0.36,1,1,rK52OtlkjovFyTcxPrxJ,Will the Real-time Sahm Rule Recession Indicator read above 0.5 percentage points by the end of 2023?,0.159108,rK52OtlkjovFyTcxPrxJ,Will the Real-time Sahm Rule Recession Indicator read above 0.5 percentage points by the end of 2023?,0.159108,0.7851834695465232,0.5601665134475072,0.43983348655249277,1,0.6630556999811187,0.6630556999811187,0.6630556999811187,True,True,True
2023-07-13,china_taiwan_2024,Kinetic,geopolitical,Will China inspecting ships in the Taiwan strait escalate to an armed conflict before 2024?,0.096753,0.2645630945327499,0.096753,1.0,0.9048374180359595,0.30219986778052726,0.011110938891842413,0.11483818477817136,0.103909886606617,0.03470408425611914,10.0,10.0,389,12.966666666666667,0.1,0.27344174809334065,china_taiwan_2024_conflict,orthogonal,max,max,max,2023-04-06,2024-08-05,0.73,1,1,bB0Zbz10f5aqWn3JIAju,Will China inspecting ships in the Taiwan strait escalate to an armed conflict before 2024?,0.096753,bB0Zbz10f5aqWn3JIAju,Will China inspecting ships in the Taiwan strait escalate to an armed conflict before 2024?,0.096753,0.7851834695465232,0.5601665134475072,0.43983348655249277,2,0.33694430001888137,0.33694430001888137,0.33694430001888137,False,False,False
2023-07-14,oct_selloff_2023,Monetary,monetary_policy,Will the Real-time Sahm Rule Recession Indicator read above 0.5 percentage points by the end of 2023?,0.159108,0.5227070270356703,0.159108,0.5,0.8869204367171575,0.7408182206817179,0.036367488562695234,0.11428554366435137,0.20272436859448856,0.1693296262141351,5.0,10.0,105,3.5,0.12,0.6570468198150567,oct_selloff_2023_rates,orthogonal,max,max,max,2023-05-25,2023-10-27,0.36,1,1,rK52OtlkjovFyTcxPrxJ,Will the Real-time Sahm Rule Recession Indicator read above 0.5 percentage points by the end of 2023?,0.159108,rK52OtlkjovFyTcxPrxJ,Will the Real-time Sahm Rule Recession Indicator read above 0.5 percentage points by the end of 2023?,0.159108,0.788153469979633,0.5592361152375752,0.4407638847624248,1,0.6632046256792827,0.6632046256792827,0.6632046256792827,True,True,True
2023-07-14,china_taiwan_2024,Kinetic,geopolitical,Will China inspecting ships in the Taiwan strait escalate to an armed conflict before 2024?,0.096753,0.2654464429439627,0.096753,1.0,0.9048374180359595,0.30320888142827024,0.011143156673176443,0.11517117477676601,0.10421118841717719,0.03492092307684303,10.0,10.0,388,12.933333333333334,0.1,0.27435474139712746,china_taiwan_2024_conflict,orthogonal,max,max,max,2023-04-06,2024-08-05,0.73,1,1,bB0Zbz10f5aqWn3JIAju,Will China inspecting ships in the Taiwan strait escalate to an armed conflict before 2024?,0.096753,bB0Zbz10f5aqWn3JIAju,Will China inspecting ships in the Taiwan strait escalate to an armed conflict before 2024?,0.096753,0.788153469979633,0.5592361152375752,0.4407638847624248,2,0.33679537432071727,0.33679537432071727,0.33679537432071727,False,False,False
2023-07-17,oct_selloff_2023,Monetary,monetary_policy,Will the Real-time Sahm Rule Recession Indicator read above 0.5 percentage points by the end of 2023?,0.159108,0.5290172972583737,0.159108,0.5,0.8869204367171575,0.7497615922390413,0.03666314561460761,0.11521465172903815,0.20437245845546745,0.1727670414592605,5.0,10.0,102,3.4,0.12,0.6649788788224018,oct_selloff_2023_rates,orthogonal,max,max,max,2023-05-25,2023-10-27,0.36,1,1,rK52OtlkjovFyTcxPrxJ,Will the Real-time Sahm Rule Recession Indicator read above 0.5 percentage points by the end of 2023?,0.159108,rK52OtlkjovFyTcxPrxJ,Will the Real-time Sahm Rule Recession Indicator read above 0.5 percentage points by the end of 2023?,0.159108,0.7971315213058212,0.5564423016037167,0.44355769839628334,1,0.6636512082620492,0.6636512082620492,0.6636512082620492,True,True,True
2023-07-17,china_taiwan_2024,Kinetic,geopolitical,Will China inspecting ships in the Taiwan strait escalate to an armed conflict before 2024?,0.096753,0.2681142240474476,0.096753,1.0,0.9048374180359595,0.30625618134802807,0.01124028586916776,0.11617506298686096,0.10511954403319625,0.03557933115822268,10.0,10.0,385,12.833333333333334,0.1,0.2771120523885023,china_taiwan_2024_conflict,orthogonal,max,max,max,2023-04-06,2024-08-05,0.73,1,1,bB0Zbz10f5aqWn3JIAju,Will China inspecting ships in the Taiwan strait escalate to an armed conflict before 2024?,0.096753,bB0Zbz10f5aqWn3JIAju,Will China inspecting ships in the Taiwan strait escalate to an armed conflict before 2024?,0.096753,0.7971315213058212,0.5564423016037167,0.44355769839628334,2,0.3363487917379509,0.3363487917379509,0.3363487917379509,False,False,False
2023-07-18,oct_selloff_2023,Monetary,monetary_policy,Will the Real-time Sahm Rule Recession Indicator read above 0.5 percentage points by the end of 2023?,0.159108,0.5311376042342838,0.159108,0.5,0.8869204367171575,0.7527666447061963,0.03676197266012208,0.11552521765128741,0.204923352982249,0.17392706094062535,5.0,10.0,101,3.3666666666666667,0.12,0.6676441212689289,oct_selloff_2023_rates,orthogonal,max,max,max,2023-05-25,2023-10-27,0.36,1,1,rK52OtlkjovFyTcxPrxJ,Will the Real-time Sahm Rule Recession Indicator read above 0.5 percentage points by the end of 2023?,0.159108,rK52OtlkjovFyTcxPrxJ,Will the Real-time Sahm Rule Recession Indicator read above 0.5 percentage points by the end of 2023?,0.159108,0.8001470335417626,0.5555101785394245,0.4444898214605755,1,0.6638000042108033,0.6638000042108033,0.6638000042108033,True,True,True
2023-07-18,china_taiwan_2024,Kinetic,geopolitical,Will China inspecting ships in the Taiwan strait escalate to an armed conflict before 2024?,0.096753,0.26900942930747884,0.096753,1.0,0.9048374180359595,0.3072787386011312,0.011272821259259219,0.11651133566152179,0.10542381613189239,0.035801456254805415,10.0,10.0,384,12.8,0.1,0.2780373004531941,china_taiwan_2024_conflict,orthogonal,max,max,max,2023-04-06,2024-08-05,0.73,1,1,bB0Zbz10f5aqWn3JIAju,Will China inspecting ships in the Taiwan strait escalate to an armed conflict before 2024?,0.096753,bB0Zbz10f5aqWn3JIAju,Will China inspecting ships in the Taiwan strait escalate to an armed conflict before 2024?,0.096753,0.8001470335417626,0.5555101785394245,0.4444898214605755,2,0.33619999578919674,0.33619999578919674,0.33619999578919674,False,False,False
2023-07-19,oct_selloff_2023,Monetary,monetary_policy,Will the Real-time Sahm Rule Recession Indicator read above 0.5 percentage points by the end of 2023?,0.159108,0.5332664094231925,0.159108,0.5,0.8869204367171575,0.7557837414557255,0.036860936211509036,0.11583621254590917,0.20547500843775848,0.17509425222801575,5.0,10.0,100,3.3333333333333335,0.12,0.6703200460356392,oct_selloff_2023_rates,orthogonal,max,max,max,2023-05-25,2023-10-27,0.36,1,1,rK52OtlkjovFyTcxPrxJ,Will the Real-time Sahm Rule Recession Indicator read above 0.5 percentage points by the end of 2023?,0.159108,rK52OtlkjovFyTcxPrxJ,Will the Real-time Sahm Rule Recession Indicator read above 0.5 percentage points by the end of 2023?,0.159108,0.8031740329871292,0.5545776401534603,0.44542235984653966,1,0.6639487676660707,0.6639487676660707,0.6639487676660707,True,True,True
2023-07-19,china_taiwan_2024,Kinetic,geopolitical,Will China inspecting ships in the Taiwan strait escalate to an armed conflict before 2024?,0.096753,0.2699076235639367,0.096753,1.0,0.9048374180359595,0.30830471006560234,0.011305436331278054,0.11684843189645854,0.1057288334187422,0.03602492191745793,10.0,10.0,383,12.766666666666667,0.1,0.27896563782408473,china_taiwan_2024_conflict,orthogonal,max,max,max,2023-04-06,2024-08-05,0.73,1,1,bB0Zbz10f5aqWn3JIAju,Will China inspecting ships in the Taiwan strait escalate to an armed conflict before 2024?,0.096753,bB0Zbz10f5aqWn3JIAju,Will China inspecting ships in the Taiwan strait escalate to an armed conflict before 2024?,0.096753,0.8031740329871292,0.5545776401534603,0.44542235984653966,2,0.33605123233392925,0.33605123233392925,0.33605123233392925,False,False,False
2023-07-20,oct_selloff_2023,Monetary,monetary_policy,Will the Real-time Sahm Rule Recession Indicator read above 0.5 percentage points by the end of 2023?,0.159108,0.5354037468860284,0.159108,0.5,0.8869204367171575,0.7588129307612415,0.03696003575844384,0.11614763480919826,0.20602742197727808,0.17626865434110825,5.0,10.0,99,3.3,0.12,0.6730066959373865,oct_selloff_2023_rates,orthogonal,max,max,max,2023-05-25,2023-10-27,0.36,1,1,rK52OtlkjovFyTcxPrxJ,Will the Real-time Sahm Rule Recession Indicator read above 0.5 percentage points by the end of 2023?,0.159108,rK52OtlkjovFyTcxPrxJ,Will the Real-time Sahm Rule Recession Indicator read above 0.5 percentage points by the end of 2023?,0.159108,0.806212563682795,0.5536446928267623,0.4463553071732377,1,0.6640974986054465,0.6640974986054465,0.6640974986054465,True,True,True
2023-07-20,china_taiwan_2024,Kinetic,geopolitical,Will China inspecting ships in the Taiwan strait escalate to an armed conflict before 2024?,0.096753,0.27080881679676655,0.096753,1.0,0.9048374180359595,0.309334107141135,0.011338131196443828,0.11718635284119176,0.10603459693387488,0.03624973582525606,10.0,10.0,382,12.733333333333333,0.1,0.2798970748160435,china_taiwan_2024_conflict,orthogonal,max,max,max,2023-04-06,2024-08-05,0.73,1,1,bB0Zbz10f5aqWn3JIAju,Will China inspecting ships in the Taiwan strait escalate to an armed conflict before 2024?,0.096753,bB0Zbz10f5aqWn3JIAju,Will China inspecting ships in the Taiwan strait escalate to an armed conflict before 2024?,0.096753,0.806212563682795,0.5536446928267623,0.4463553071732377,2,0.3359025013945534,0.3359025013945534,0.3359025013945534,False,False,False
2023-07-21,oct_selloff_2023,Monetary,monetary_policy,Will the Real-time Sahm Rule Recession Indicator read above 0.5 percentage points by the end of 2023?,0.159108,0.5375496508202365,0.159108,0.5,0.8869204367171575,0.7618542610898376,0.03705927078701936,0.11645948282619151,0.20658059073612015,0.1774503064709055,5.0,10.0,98,3.2666666666666666,0.12,0.675704113960626,oct_selloff_2023_rates,orthogonal,max,max,max,2023-05-25,2023-10-27,0.36,1,1,rK52OtlkjovFyTcxPrxJ,Will the Real-time Sahm Rule Recession Indicator read above 0.5 percentage points by the end of 2023?,0.159108,rK52OtlkjovFyTcxPrxJ,Will the Real-time Sahm Rule Recession Indicator read above 0.5 percentage points by the end of 2023?,0.159108,0.8092626698394723,0.5527113429520576,0.4472886570479424,1,0.6642461970065497,0.6642461970065497,0.6642461970065497,True,True,True
2023-07-21,china_taiwan_2024,Kinetic,geopolitical,Will China inspecting ships in the Taiwan strait escalate to an armed conflict before 2024?,0.096753,0.2717130190192358,0.096753,1.0,0.9048374180359595,0.31036694126548503,0.011370905965632224,0.11752509964168784,0.1063411077142037,0.036475905697712,10.0,10.0,381,12.7,0.1,0.2808316217783798,china_taiwan_2024_conflict,orthogonal,max,max,max,2023-04-06,2024-08-05,0.73,1,1,bB0Zbz10f5aqWn3JIAju,Will China inspecting ships in the Taiwan strait escalate to an armed conflict before 2024?,0.096753,bB0Zbz10f5aqWn3JIAju,Will China inspecting ships in the Taiwan strait escalate to an armed conflict before 2024?,0.096753,0.8092626698394723,0.5527113429520576,0.4472886570479424,2,0.3357538029934503,0.3357538029934503,0.3357538029934503,False,False,False
2023-07-24,oct_selloff_2023,Monetary,monetary_policy,Will the Real-time Sahm Rule Recession Indicator read above 0.5 percentage points by the end of 2023?,0.159108,0.5440391054847977,0.159108,0.5,0.8869204367171575,0.7710515858035664,0.03735778356990301,0.11739756508127502,0.20824459938283071,0.18103915745078897,5.0,10.0,95,3.1666666666666665,0.12,0.6838614092123559,oct_selloff_2023_rates,orthogonal,max,max,max,2023-05-25,2023-10-27,0.36,1,1,rK52OtlkjovFyTcxPrxJ,Will the Real-time Sahm Rule Recession Indicator read above 0.5 percentage points by the end of 2023?,0.159108,rK52OtlkjovFyTcxPrxJ,Will the Real-time Sahm Rule Recession Indicator read above 0.5 percentage points by the end of 2023?,0.159108,0.8184828857441205,0.5499089421404157,0.45009105785958425,1,0.6646920967567779,0.6646920967567779,0.6646920967567779,True,True,True
2023-07-24,china_taiwan_2024,Kinetic,geopolitical,Will China inspecting ships in the Taiwan strait escalate to an armed conflict before 2024?,0.096753,0.2744437802593228,0.096753,1.0,0.9048374180359595,0.3134861808826053,0.011469710800858169,0.11854630658334284,0.1072651339665712,0.0371626289085506,10.0,10.0,378,12.6,0.1,0.2836540264997704,china_taiwan_2024_conflict,orthogonal,max,max,max,2023-04-06,2024-08-05,0.73,1,1,bB0Zbz10f5aqWn3JIAju,Will China inspecting ships in the Taiwan strait escalate to an armed conflict before 2024?,0.096753,bB0Zbz10f5aqWn3JIAju,Will China inspecting ships in the Taiwan strait escalate to an armed conflict before 2024?,0.096753,0.8184828857441205,0.5499089421404157,0.45009105785958425,2,0.3353079032432221,0.3353079032432221,0.3353079032432221,False,False,False
2023-07-25,oct_selloff_2023,Monetary,monetary_policy,Will the Real-time Sahm Rule Recession Indicator read above 0.5 percentage points by the end of 2023?,0.159108,0.5462196200284722,0.159108,0.5,0.8869204367171575,0.7741419687922484,0.03745755531452401,0.11771109973893207,0.20880075997382103,0.18225020500119518,5.0,10.0,94,3.1333333333333333,0.12,0.686602333042301,oct_selloff_2023_rates,orthogonal,max,max,max,2023-05-25,2023-10-27,0.36,1,1,rK52OtlkjovFyTcxPrxJ,Will the Real-time Sahm Rule Recession Indicator read above 0.5 percentage points by the end of 2023?,0.159108,rK52OtlkjovFyTcxPrxJ,Will the Real-time Sahm Rule Recession Indicator read above 0.5 percentage points by the end of 2023?,0.159108,0.8215797392718377,0.5489740462307415,0.45102595376925847,1,0.6648406647814662,0.6648406647814662,0.6648406647814662,True,True,True
2023-07-25,china_taiwan_2024,Kinetic,geopolitical,Will China inspecting ships in the Taiwan strait escalate to an armed conflict before 2024?,0.096753,0.27536011924336545,0.096753,1.0,0.9048374180359595,0.314532878345488,0.011502806287893588,0.1188883681942016,0.10757464411134987,0.037394300649920394,10.0,10.0,377,12.566666666666666,0.1,0.2846011175295499,china_taiwan_2024_conflict,orthogonal,max,max,max,2023-04-06,2024-08-05,0.73,1,1,bB0Zbz10f5aqWn3JIAju,Will China inspecting ships in the Taiwan strait escalate to an armed conflict before 2024?,0.096753,bB0Zbz10f5aqWn3JIAju,Will China inspecting ships in the Taiwan strait escalate to an armed conflict before 2024?,0.096753,0.8215797392718377,0.5489740462307415,0.45102595376925847,2,0.3351593352185338,0.3351593352185338,0.3351593352185338,False,False,False
2023-07-26,oct_selloff_2023,Monetary,monetary_policy,Will the Real-time Sahm Rule Recession Indicator read above 0.5 percentage points by the end of 2023?,0.159108,0.5484088740977199,0.159108,0.5,0.8869204367171575,0.7772447380689461,0.03755745991771864,0.11802505190725368,0.2093576611622932,0.1834687011104543,5.0,10.0,93,3.1,0.12,0.6893542425242224,oct_selloff_2023_rates,orthogonal,max,max,max,2023-05-25,2023-10-27,0.36,1,1,rK52OtlkjovFyTcxPrxJ,Will the Real-time Sahm Rule Recession Indicator read above 0.5 percentage points by the end of 2023?,0.159108,rK52OtlkjovFyTcxPrxJ,Will the Real-time Sahm Rule Recession Indicator read above 0.5 percentage points by the end of 2023?,0.159108,0.8246883918848413,0.5480387799075292,0.45196122009247075,1,0.6649892001563412,0.6649892001563412,0.6649892001563412,True,True,True
2023-07-26,china_taiwan_2024,Kinetic,geopolitical,Will China inspecting ships in the Taiwan strait escalate to an armed conflict before 2024?,0.096753,0.27627951778712145,0.096753,1.0,0.9048374180359595,0.315583070621366,0.011535982228049066,0.11923126133607295,0.10788490665650298,0.037627367566496456,10.0,10.0,376,12.533333333333333,0.1,0.2855513707968967,china_taiwan_2024_conflict,orthogonal,max,max,max,2023-04-06,2024-08-05,0.73,1,1,bB0Zbz10f5aqWn3JIAju,Will China inspecting ships in the Taiwan strait escalate to an armed conflict before 2024?,0.096753,bB0Zbz10f5aqWn3JIAju,Will China inspecting ships in the Taiwan strait escalate to an armed conflict before 2024?,0.096753,0.8246883918848413,0.5480387799075292,0.45196122009247075,2,0.33501079984365884,0.33501079984365884,0.33501079984365884,False,False,False
2023-07-27,oct_selloff_2023,Monetary,monetary_policy,Will the Real-time Sahm Rule Recession Indicator read above 0.5 percentage points by the end of 2023?,0.159108,0.5506069027206526,0.159108,0.5,0.8869204367171575,0.7803599432780343,0.03765749684421079,0.11833941990412422,0.20991529996444186,0.1846946860078757,5.0,10.0,92,3.066666666666667,0.12,0.6921171816887304,oct_selloff_2023_rates,orthogonal,max,max,max,2023-05-25,2023-10-27,0.36,1,1,rK52OtlkjovFyTcxPrxJ,Will the Real-time Sahm Rule Recession Indicator read above 0.5 percentage points by the end of 2023?,0.159108,rK52OtlkjovFyTcxPrxJ,Will the Real-time Sahm Rule Recession Indicator read above 0.5 percentage points by the end of 2023?,0.159108,0.8278088888267923,0.54710314963063,0.45289685036937,1,0.6651377028591675,0.6651377028591675,0.6651377028591675,True,True,True
2023-07-27,china_taiwan_2024,Kinetic,geopolitical,Will China inspecting ships in the Taiwan strait escalate to an armed conflict before 2024?,0.096753,0.27720198610613966,0.096753,1.0,0.9048374180359595,0.31663676937905316,0.011569238730063238,0.11957498713283554,0.10819592261895798,0.0378618376242829,10.0,10.0,375,12.5,0.1,0.28650479686019004,china_taiwan_2024_conflict,orthogonal,max,max,max,2023-04-06,2024-08-05,0.73,1,1,bB0Zbz10f5aqWn3JIAju,Will China inspecting ships in the Taiwan strait escalate to an armed conflict before 2024?,0.096753,bB0Zbz10f5aqWn3JIAju,Will China inspecting ships in the Taiwan strait escalate to an armed conflict before 2024?,0.096753,0.8278088888267923,0.54710314963063,0.45289685036937,2,0.3348622971408325,0.3348622971408325,0.3348622971408325,False,False,False
2023-07-28,oct_selloff_2023,Monetary,monetary_policy,Will the Real-time Sahm Rule Recession Indicator read above 0.5 percentage points by the end of 2023?,0.159108,0.5528137410657752,0.159108,0.5,0.8869204367171575,0.7834876342628626,0.037757665555185504,0.1186542020363071,0.21047367337673464,0.18592820009754796,5.0,10.0,91,3.033333333333333,0.12,0.6948911947429106,oct_selloff_2023_rates,orthogonal,max,max,max,2023-05-25,2023-10-27,0.36,1,1,rK52OtlkjovFyTcxPrxJ,Will the Real-time Sahm Rule Recession Indicator read above 0.5 percentage points by the end of 2023?,0.159108,rK52OtlkjovFyTcxPrxJ,Will the Real-time Sahm Rule Recession Indicator read above 0.5 percentage points by the end of 2023?,0.159108,0.830941275515853,0.5461671618704745,0.45383283812952546,1,0.6652861728677341,0.6652861728677341,0.6652861728677341,True,True,True
2023-07-28,china_taiwan_2024,Kinetic,geopolitical,Will China inspecting ships in the Taiwan strait escalate to an armed conflict before 2024?,0.096753,0.2781275344500777,0.096753,1.0,0.9048374180359595,0.31769398632632445,0.011602575902306176,0.11991954670455879,0.10850769301219564,0.038097718831017126,10.0,10.0,374,12.466666666666667,0.1,0.28746140631306283,china_taiwan_2024_conflict,orthogonal,max,max,max,2023-04-06,2024-08-05,0.73,1,1,bB0Zbz10f5aqWn3JIAju,Will China inspecting ships in the Taiwan strait escalate to an armed conflict before 2024?,0.096753,bB0Zbz10f5aqWn3JIAju,Will China inspecting ships in the Taiwan strait escalate to an armed conflict before 2024?,0.096753,0.830941275515853,0.5461671618704745,0.45383283812952546,2,0.3347138271322659,0.3347138271322659,0.3347138271322659,False,False,False
2023-07-31,oct_selloff_2023,Monetary,monetary_policy,Will the Real-time Sahm Rule Recession Indicator read above 0.5 percentage points by the end of 2023?,0.159108,0.5594874682370583,0.159108,0.5,0.8869204367171575,0.7929461233066837,0.038058956953920225,0.11960101614601475,0.2121531709440784,0.18967432419304495,5.0,10.0,88,2.933333333333333,0.12,0.7032801219763409,oct_selloff_2023_rates,orthogonal,max,max,max,2023-05-25,2023-10-27,0.36,1,1,rK52OtlkjovFyTcxPrxJ,Will the Real-time Sahm Rule Recession Indicator read above 0.5 percentage points by the end of 2023?,0.159108,rK52OtlkjovFyTcxPrxJ,Will the Real-time Sahm Rule Recession Indicator read above 0.5 percentage points by the end of 2023?,0.159108,0.840410230879067,0.5433571185497881,0.4566428814502119,1,0.6657313865061303,0.6657313865061303,0.6657313865061303,True,True,True
2023-07-31,china_taiwan_2024,Kinetic,geopolitical,Will China inspecting ships in the Taiwan strait escalate to an armed conflict before 2024?,0.096753,0.28092276264200866,0.096753,1.0,0.9048374180359595,0.3208868639705394,0.011703072518504925,0.1209582392122717,0.10944754085900787,0.03881391005222419,10.0,10.0,371,12.366666666666667,0.1,0.29035044147675904,china_taiwan_2024_conflict,orthogonal,max,max,max,2023-04-06,2024-08-05,0.73,1,1,bB0Zbz10f5aqWn3JIAju,Will China inspecting ships in the Taiwan strait escalate to an armed conflict before 2024?,0.096753,bB0Zbz10f5aqWn3JIAju,Will China inspecting ships in the Taiwan strait escalate to an armed conflict before 2024?,0.096753,0.840410230879067,0.5433571185497881,0.4566428814502119,2,0.3342686134938697,0.3342686134938697,0.3342686134938697,False,False,False
2023-08-01,oct_selloff_2023,Monetary,monetary_policy,Will the Real-time Sahm Rule Recession Indicator read above 0.5 percentage points by the end of 2023?,0.159108,0.5617298999835915,0.159108,0.5,0.8869204367171575,0.7961242598354538,0.03815964734414644,0.11991743766544247,0.21271445236847347,0.1909383626055291,5.0,10.0,87,2.9,0.12,0.7060988762143844,oct_selloff_2023_rates,orthogonal,max,max,max,2023-05-25,2023-10-27,0.36,1,1,rK52OtlkjovFyTcxPrxJ,Will the Real-time Sahm Rule Recession Indicator read above 0.5 percentage points by the end of 2023?,0.159108,rK52OtlkjovFyTcxPrxJ,Will the Real-time Sahm Rule Recession Indicator read above 0.5 percentage points by the end of 2023?,0.159108,0.8435906342519586,0.5424197657663586,0.45758023423364136,1,0.6658797255160344,0.6658797255160344,0.6658797255160344,True,True,True
2023-08-01,china_taiwan_2024,Kinetic,geopolitical,Will China inspecting ships in the Taiwan strait escalate to an armed conflict before 2024?,0.096753,0.28186073426836716,0.096753,1.0,0.9048374180359595,0.32195827153767587,0.01173673344786739,0.1213061450070529,0.10976233904007747,0.03905551677336942,10.0,10.0,370,12.333333333333334,0.1,0.291319891133471,china_taiwan_2024_conflict,orthogonal,max,max,max,2023-04-06,2024-08-05,0.73,1,1,bB0Zbz10f5aqWn3JIAju,Will China inspecting ships in the Taiwan strait escalate to an armed conflict before 2024?,0.096753,bB0Zbz10f5aqWn3JIAju,Will China inspecting ships in the Taiwan strait escalate to an armed conflict before 2024?,0.096753,0.8435906342519586,0.5424197657663586,0.45758023423364136,2,0.33412027448396575,0.33412027448396575,0.33412027448396575,False,False,False
2023-08-02,oct_selloff_2023,Monetary,monetary_policy,Will the Real-time Sahm Rule Recession Indicator read above 0.5 percentage points by the end of 2023?,0.159108,0.5639813194205078,0.159108,0.5,0.8869204367171575,0.7993151343693651,0.038260466771948165,0.12023426468797346,0.21327645309084747,0.19221013486973865,5.0,10.0,86,2.8666666666666667,0.12,0.7089289280495107,oct_selloff_2023_rates,orthogonal,max,max,max,2023-05-25,2023-10-27,0.36,1,1,rK52OtlkjovFyTcxPrxJ,Will the Real-time Sahm Rule Recession Indicator read above 0.5 percentage points by the end of 2023?,0.159108,rK52OtlkjovFyTcxPrxJ,Will the Real-time Sahm Rule Recession Indicator read above 0.5 percentage points by the end of 2023?,0.159108,0.8467831571040696,0.5414820880043624,0.45851791199563763,1,0.6660280317209881,0.6660280317209881,0.6660280317209881,True,True,True
2023-08-02,china_taiwan_2024,Kinetic,geopolitical,Will China inspecting ships in the Taiwan strait escalate to an armed conflict before 2024?,0.096753,0.2828018376835618,0.096753,1.0,0.9048374180359595,0.3230332564222529,0.011770475583655387,0.12165489011870834,0.11007789666646042,0.03929857531473771,10.0,10.0,369,12.3,0.1,0.29229257768085937,china_taiwan_2024_conflict,orthogonal,max,max,max,2023-04-06,2024-08-05,0.73,1,1,bB0Zbz10f5aqWn3JIAju,Will China inspecting ships in the Taiwan strait escalate to an armed conflict before 2024?,0.096753,bB0Zbz10f5aqWn3JIAju,Will China inspecting ships in the Taiwan strait escalate to an armed conflict before 2024?,0.096753,0.8467831571040696,0.5414820880043624,0.45851791199563763,2,0.3339719682790118,0.3339719682790118,0.3339719682790118,False,False,False
2023-08-03,oct_selloff_2023,Monetary,monetary_policy,Will the Real-time Sahm Rule Recession Indicator read above 0.5 percentage points by the end of 2023?,0.159108,0.5662417625705666,0.159108,0.5,0.8869204367171575,0.8025187979624785,0.03836141467743029,0.1205514954541264,0.21383916999016042,0.19348968244884943,5.0,10.0,85,2.8333333333333335,0.12,0.7117703227626097,oct_selloff_2023_rates,orthogonal,max,max,max,2023-05-25,2023-10-27,0.36,1,1,rK52OtlkjovFyTcxPrxJ,Will the Real-time Sahm Rule Recession Indicator read above 0.5 percentage points by the end of 2023?,0.159108,rK52OtlkjovFyTcxPrxJ,Will the Real-time Sahm Rule Recession Indicator read above 0.5 percentage points by the end of 2023?,0.159108,0.8499878459148735,0.5405440917940034,0.4594559082059966,1,0.666176305098927,0.666176305098927,0.666176305098927,True,True,True
2023-08-03,china_taiwan_2024,Kinetic,geopolitical,Will China inspecting ships in the Taiwan strait escalate to an armed conflict before 2024?,0.096753,0.28374608334430695,0.096753,1.0,0.9048374180359595,0.324111830568558,0.01180429903195236,0.12200447564367367,0.11039421473025278,0.03954309393842813,10.0,10.0,368,12.266666666666667,0.1,0.2932685119265624,china_taiwan_2024_conflict,orthogonal,max,max,max,2023-04-06,2024-08-05,0.73,1,1,bB0Zbz10f5aqWn3JIAju,Will China inspecting ships in the Taiwan strait escalate to an armed conflict before 2024?,0.096753,bB0Zbz10f5aqWn3JIAju,Will China inspecting ships in the Taiwan strait escalate to an armed conflict before 2024?,0.096753,0.8499878459148735,0.5405440917940034,0.4594559082059966,2,0.33382369490107294,0.33382369490107294,0.33382369490107294,False,False,False
2023-08-04,oct_selloff_2023,Monetary,monetary_policy,Will the Real-time Sahm Rule Recession Indicator read above 0.5 percentage points by the end of 2023?,0.159108,0.5685112656009063,0.159108,0.5,0.8869204367171575,0.8057353018734796,0.03846249049721151,0.12086912819346453,0.2144025999259393,0.1947770469842909,5.0,10.0,84,2.8,0.12,0.7146231058160573,oct_selloff_2023_rates,orthogonal,max,max,max,2023-05-25,2023-10-27,0.36,1,1,rK52OtlkjovFyTcxPrxJ,Will the Real-time Sahm Rule Recession Indicator read above 0.5 percentage points by the end of 2023?,0.159108,rK52OtlkjovFyTcxPrxJ,Will the Real-time Sahm Rule Recession Indicator read above 0.5 percentage points by the end of 2023?,0.159108,0.8532047473431369,0.5396057836748253,0.46039421632517474,1,0.6663245456278102,0.6663245456278102,0.6663245456278102,True,True,True
2023-08-04,china_taiwan_2024,Kinetic,geopolitical,Will China inspecting ships in the Taiwan strait escalate to an armed conflict before 2024?,0.096753,0.28469348174223064,0.096753,1.0,0.9048374180359595,0.32519400596075954,0.011838203898448,0.122354902674315,0.1107112942198683,0.03978908094959934,10.0,10.0,367,12.233333333333333,0.1,0.2942477047143041,china_taiwan_2024_conflict,orthogonal,max,max,max,2023-04-06,2024-08-05,0.73,1,1,bB0Zbz10f5aqWn3JIAju,Will China inspecting ships in the Taiwan strait escalate to an armed conflict before 2024?,0.096753,bB0Zbz10f5aqWn3JIAju,Will China inspecting ships in the Taiwan strait escalate to an armed conflict before 2024?,0.096753,0.8532047473431369,0.5396057836748253,0.46039421632517474,2,0.3336754543721898,0.3336754543721898,0.3336754543721898,False,False,False
2023-08-07,oct_selloff_2023,Monetary,monetary_policy,Will the Real-time Sahm Rule Recession Indicator read above 0.5 percentage points by the end of 2023?,0.159108,0.5753744978228599,0.159108,0.5,0.8869204367171575,0.8154623711872927,0.03876647975641992,0.12182442038244437,0.21609713625682428,0.19868646142717128,5.0,10.0,81,2.7,0.12,0.7232502423798424,oct_selloff_2023_rates,orthogonal,max,max,max,2023-05-25,2023-10-27,0.36,1,1,rK52OtlkjovFyTcxPrxJ,Will the Real-time Sahm Rule Recession Indicator read above 0.5 percentage points by the end of 2023?,0.159108,rK52OtlkjovFyTcxPrxJ,Will the Real-time Sahm Rule Recession Indicator read above 0.5 percentage points by the end of 2023?,0.159108,0.8629291966243735,0.5367890533961244,0.46321094660387563,1,0.6667690699000836,0.6667690699000836,0.6667690699000836,True,True,True
2023-08-07,china_taiwan_2024,Kinetic,geopolitical,Will China inspecting ships in the Taiwan strait escalate to an armed conflict before 2024?,0.096753,0.2875546988015136,0.096753,1.0,0.9048374180359595,0.3284622600554351,0.011940408058041148,0.12341124366212051,0.11166711107183981,0.040535936009512094,10.0,10.0,364,12.133333333333333,0.1,0.29720494331081576,china_taiwan_2024_conflict,orthogonal,max,max,max,2023-04-06,2024-08-05,0.73,1,1,bB0Zbz10f5aqWn3JIAju,Will China inspecting ships in the Taiwan strait escalate to an armed conflict before 2024?,0.096753,bB0Zbz10f5aqWn3JIAju,Will China inspecting ships in the Taiwan strait escalate to an armed conflict before 2024?,0.096753,0.8629291966243735,0.5367890533961244,0.46321094660387563,2,0.33323093009991633,0.33323093009991633,0.33323093009991633,False,False,False
2023-08-08,oct_selloff_2023,Monetary,monetary_policy,Will the Real-time Sahm Rule Recession Indicator read above 0.5 percentage points by the end of 2023?,0.159108,0.5776806049536041,0.159108,0.5,0.8869204367171575,0.8187307530779818,0.03886806153015545,0.12214364309197354,0.2166633865467156,0.20000551378475948,5.0,10.0,80,2.6666666666666665,0.12,0.7261490370736908,oct_selloff_2023_rates,orthogonal,max,max,max,2023-05-25,2023-10-27,0.36,1,1,rK52OtlkjovFyTcxPrxJ,Will the Real-time Sahm Rule Recession Indicator read above 0.5 percentage points by the end of 2023?,0.159108,rK52OtlkjovFyTcxPrxJ,Will the Real-time Sahm Rule Recession Indicator read above 0.5 percentage points by the end of 2023?,0.159108,0.8661954187204031,0.5358495632175925,0.4641504367824075,1,0.6669171788128241,0.6669171788128241,0.6669171788128241,True,True,True
2023-08-08,china_taiwan_2024,Kinetic,geopolitical,Will China inspecting ships in the Taiwan strait escalate to an armed conflict before 2024?,0.096753,0.28851481376679894,0.096753,1.0,0.9048374180359595,0.32955896107518906,0.011974639646225835,0.12376504755641514,0.11198724607404441,0.04078788049011354,10.0,10.0,363,12.1,0.1,0.29819727942988733,china_taiwan_2024_conflict,orthogonal,max,max,max,2023-04-06,2024-08-05,0.73,1,1,bB0Zbz10f5aqWn3JIAju,Will China inspecting ships in the Taiwan strait escalate to an armed conflict before 2024?,0.096753,bB0Zbz10f5aqWn3JIAju,Will China inspecting ships in the Taiwan strait escalate to an armed conflict before 2024?,0.096753,0.8661954187204031,0.5358495632175925,0.4641504367824075,2,0.33308282118717586,0.33308282118717586,0.33308282118717586,False,False,False
2023-08-09,oct_selloff_2023,Monetary,monetary_policy,Will the Real-time Sahm Rule Recession Indicator read above 0.5 percentage points by the end of 2023?,0.159108,0.5799959549863515,0.159108,0.5,0.8869204367171575,0.8220122346781866,0.03896976834928776,0.12246325875910627,0.2172303338808656,0.2013325939970919,5.0,10.0,79,2.6333333333333333,0.12,0.7290594501676239,oct_selloff_2023_rates,orthogonal,max,max,max,2023-05-25,2023-10-27,0.36,1,1,rK52OtlkjovFyTcxPrxJ,Will the Real-time Sahm Rule Recession Indicator read above 0.5 percentage points by the end of 2023?,0.159108,rK52OtlkjovFyTcxPrxJ,Will the Real-time Sahm Rule Recession Indicator read above 0.5 percentage points by the end of 2023?,0.159108,0.8694740894415569,0.5349097939617429,0.4650902060382571,1,0.667065254766671,0.667065254766671,0.667065254766671,True,True,True
2023-08-09,china_taiwan_2024,Kinetic,geopolitical,Will China inspecting ships in the Taiwan strait escalate to an armed conflict before 2024?,0.096753,0.2894781344552055,0.096753,1.0,0.9048374180359595,0.33065932386456776,0.01200895317502368,0.1241196983558513,0.11230814738771062,0.04104133553661989,10.0,10.0,362,12.066666666666666,0.1,0.2991929288551316,china_taiwan_2024_conflict,orthogonal,max,max,max,2023-04-06,2024-08-05,0.73,1,1,bB0Zbz10f5aqWn3JIAju,Will China inspecting ships in the Taiwan strait escalate to an armed conflict before 2024?,0.096753,bB0Zbz10f5aqWn3JIAju,Will China inspecting ships in the Taiwan strait escalate to an armed conflict before 2024?,0.096753,0.8694740894415569,0.5349097939617429,0.4650902060382571,2,0.332934745233329,0.332934745233329,0.332934745233329,False,False,False
2023-08-10,oct_selloff_2023,Monetary,monetary_policy,Will the Real-time Sahm Rule Recession Indicator read above 0.5 percentage points by the end of 2023?,0.159108,0.5823205849667519,0.159108,0.5,0.8869204367171575,0.8253068684916823,0.03907159962969904,0.12278326554824094,0.21779797500320913,0.2026677447856028,5.0,10.0,78,2.6,0.12,0.7319815282283125,oct_selloff_2023_rates,orthogonal,max,max,max,2023-05-25,2023-10-27,0.36,1,1,rK52OtlkjovFyTcxPrxJ,Will the Real-time Sahm Rule Recession Indicator read above 0.5 percentage points by the end of 2023?,0.159108,rK52OtlkjovFyTcxPrxJ,Will the Real-time Sahm Rule Recession Indicator read above 0.5 percentage points by the end of 2023?,0.159108,0.8727652565370583,0.5339697522203644,0.46603024777963564,1,0.6672132977397297,0.6672132977397297,0.6672132977397297,True,True,True
2023-08-10,china_taiwan_2024,Kinetic,geopolitical,Will China inspecting ships in the Taiwan strait escalate to an armed conflict before 2024?,0.096753,0.29044467157030646,0.096753,1.0,0.9048374180359595,0.3317633606498357,0.012043348747685097,0.1244751971275836,0.11262981597843984,0.041296309716597916,10.0,10.0,361,12.033333333333333,0.1,0.30019190264933016,china_taiwan_2024_conflict,orthogonal,max,max,max,2023-04-06,2024-08-05,0.73,1,1,bB0Zbz10f5aqWn3JIAju,Will China inspecting ships in the Taiwan strait escalate to an armed conflict before 2024?,0.096753,bB0Zbz10f5aqWn3JIAju,Will China inspecting ships in the Taiwan strait escalate to an armed conflict before 2024?,0.096753,0.8727652565370583,0.5339697522203644,0.46603024777963564,2,0.3327867022602703,0.3327867022602703,0.3327867022602703,False,False,False
2023-08-11,oct_selloff_2023,Monetary,monetary_policy,Will the Real-time Sahm Rule Recession Indicator read above 0.5 percentage points by the end of 2023?,0.159108,0.5846545320889346,0.159108,0.5,0.8869204367171575,0.8286147072326806,0.03917355478384723,0.12310366161301516,0.21836630663859316,0.20401100905347908,5.0,10.0,77,2.566666666666667,0.12,0.7349153180090686,oct_selloff_2023_rates,orthogonal,max,max,max,2023-05-25,2023-10-27,0.36,1,1,rK52OtlkjovFyTcxPrxJ,Will the Real-time Sahm Rule Recession Indicator read above 0.5 percentage points by the end of 2023?,0.159108,rK52OtlkjovFyTcxPrxJ,Will the Real-time Sahm Rule Recession Indicator read above 0.5 percentage points by the end of 2023?,0.159108,0.8760689679403475,0.5330294445933166,0.4669705554066834,1,0.6673613077101304,0.6673613077101304,0.6673613077101304,True,True,True
2023-08-11,china_taiwan_2024,Kinetic,geopolitical,Will China inspecting ships in the Taiwan strait escalate to an armed conflict before 2024?,0.096753,0.29141443585141286,0.096753,1.0,0.9048374180359595,0.33287108369807955,0.012077826467041041,0.1248315449344314,0.11295225280791077,0.041552811642029695,10.0,10.0,360,12.0,0.1,0.3011942119122021,china_taiwan_2024_conflict,orthogonal,max,max,max,2023-04-06,2024-08-05,0.73,1,1,bB0Zbz10f5aqWn3JIAju,Will China inspecting ships in the Taiwan strait escalate to an armed conflict before 2024?,0.096753,bB0Zbz10f5aqWn3JIAju,Will China inspecting ships in the Taiwan strait escalate to an armed conflict before 2024?,0.096753,0.8760689679403475,0.5330294445933166,0.4669705554066834,2,0.3326386922898696,0.3326386922898696,0.3326386922898696,False,False,False
2023-08-14,china_taiwan_2024,Kinetic,geopolitical,Will China inspecting ships in the Taiwan strait escalate to an armed conflict before 2024?,0.096753,0.29434319962245814,0.096753,1.0,0.9048374180359595,0.33621649370673334,0.012181753527216087,0.1259056931280279,0.11392418228599263,0.042331570681221495,10.0,10.0,357,11.9,0.1,0.304221264066704,china_taiwan_2024_conflict,orthogonal,max,max,max,2023-04-06,2024-08-05,0.73,1,1,bB0Zbz10f5aqWn3JIAju,Will China inspecting ships in the Taiwan strait escalate to an armed conflict before 2024?,0.096753,bB0Zbz10f5aqWn3JIAju,Will China inspecting ships in the Taiwan strait escalate to an armed conflict before 2024?,0.096753,0.5872318130282445,0.6300276946264844,0.36997230537351555,1,0.5012385110823363,0.5012385110823363,0.5012385110823363,True,True,True
2023-08-14,oct_selloff_2023,Monetary,monetary_policy,Will the Real-time Sahm Rule Recession Indicator read above 0.5 percentage points by the end of 2023?,0.078756,0.2928886134057863,0.078756,0.5,0.8869204367171575,0.8386179833370739,0.010010324825090377,0.06355277582082874,0.11273251137119407,0.10659300138867311,5.0,10.0,74,2.466666666666667,0.12,0.7437874280201795,oct_selloff_2023_rates,orthogonal,max,max,max,2023-05-25,2023-10-27,0.36,1,1,rK52OtlkjovFyTcxPrxJ,Will the Real-time Sahm Rule Recession Indicator read above 0.5 percentage points by the end of 2023?,0.078756,rK52OtlkjovFyTcxPrxJ,Will the Real-time Sahm Rule Recession Indicator read above 0.5 percentage points by the end of 2023?,0.078756,0.5872318130282445,0.6300276946264844,0.36997230537351555,2,0.4987614889176637,0.4987614889176637,0.4987614889176637,False,False,False
2023-08-15,china_taiwan_2024,Kinetic,geopolitical,Will China inspecting ships in the Taiwan strait escalate to an armed conflict before 2024?,0.096753,0.29532598067964605,0.096753,1.0,0.9048374180359595,0.33733908529897305,0.012216560853140887,0.1262654476154836,0.1142497016075489,0.04259427060347264,10.0,10.0,356,11.866666666666667,0.1,0.3052370269445351,china_taiwan_2024_conflict,orthogonal,max,max,max,2023-04-06,2024-08-05,0.73,1,1,bB0Zbz10f5aqWn3JIAju,Will China inspecting ships in the Taiwan strait escalate to an armed conflict before 2024?,0.096753,bB0Zbz10f5aqWn3JIAju,Will China inspecting ships in the Taiwan strait escalate to an armed conflict before 2024?,0.096753,0.5893884947752346,0.6291727939942187,0.37082720600578134,1,0.5010718453068373,0.5010718453068373,0.5010718453068373,True,True,True
2023-08-15,oct_selloff_2023,Monetary,monetary_policy,Will the Real-time Sahm Rule Recession Indicator read above 0.5 percentage points by the end of 2023?,0.078756,0.2940625140955886,0.078756,0.5,0.8869204367171575,0.8419791731684999,0.010035807449301196,0.06371455793400627,0.11301948709613893,0.10729266161614216,5.0,10.0,73,2.433333333333333,0.12,0.7467685359733571,oct_selloff_2023_rates,orthogonal,max,max,max,2023-05-25,2023-10-27,0.36,1,1,rK52OtlkjovFyTcxPrxJ,Will the Real-time Sahm Rule Recession Indicator read above 0.5 percentage points by the end of 2023?,0.078756,rK52OtlkjovFyTcxPrxJ,Will the Real-time Sahm Rule Recession Indicator read above 0.5 percentage points by the end of 2023?,0.078756,0.5893884947752346,0.6291727939942187,0.37082720600578134,2,0.49892815469316276,0.49892815469316276,0.49892815469316276,False,False,False
2023-08-16,china_taiwan_2024,Kinetic,geopolitical,Will China inspecting ships in the Taiwan strait escalate to an armed conflict before 2024?,0.096753,0.29631204313965753,0.096753,1.0,0.9048374180359595,0.33846542510674216,0.0122514508334932,0.1266260563857782,0.11457599391618337,0.04285854200420272,10.0,10.0,355,11.833333333333334,0.1,0.306256181348028,china_taiwan_2024_conflict,orthogonal,max,max,max,2023-04-06,2024-08-05,0.73,1,1,bB0Zbz10f5aqWn3JIAju,Will China inspecting ships in the Taiwan strait escalate to an armed conflict before 2024?,0.096753,bB0Zbz10f5aqWn3JIAju,Will China inspecting ships in the Taiwan strait escalate to an armed conflict before 2024?,0.096753,0.5915531629315471,0.6283170573818967,0.3716829426181033,1,0.5009051792931516,0.5009051792931516,0.5009051792931516,True,True,True
2023-08-16,oct_selloff_2023,Monetary,monetary_policy,Will the Real-time Sahm Rule Recession Indicator read above 0.5 percentage points by the end of 2023?,0.078756,0.29524111979188966,0.078756,0.5,0.8869204367171575,0.8453538346846587,0.010061317637447451,0.06387651504296467,0.11330677323575261,0.10799651387572494,5.0,10.0,72,2.4,0.12,0.7497615922390413,oct_selloff_2023_rates,orthogonal,max,max,max,2023-05-25,2023-10-27,0.36,1,1,rK52OtlkjovFyTcxPrxJ,Will the Real-time Sahm Rule Recession Indicator read above 0.5 percentage points by the end of 2023?,0.078756,rK52OtlkjovFyTcxPrxJ,Will the Real-time Sahm Rule Recession Indicator read above 0.5 percentage points by the end of 2023?,0.078756,0.5915531629315471,0.6283170573818967,0.3716829426181033,2,0.4990948207068485,0.4990948207068485,0.4990948207068485,False,False,False
2023-08-17,china_taiwan_2024,Kinetic,geopolitical,Will China inspecting ships in the Taiwan strait escalate to an armed conflict before 2024?,0.096753,0.29730139795875243,0.096753,1.0,0.9048374180359595,0.3395955256449391,0.012286423568509085,0.12698752047491121,0.1149030601493072,0.04312439376602494,10.0,10.0,354,11.8,0.1,0.3072787386011312,china_taiwan_2024_conflict,orthogonal,max,max,max,2023-04-06,2024-08-05,0.73,1,1,bB0Zbz10f5aqWn3JIAju,Will China inspecting ships in the Taiwan strait escalate to an armed conflict before 2024?,0.096753,bB0Zbz10f5aqWn3JIAju,Will China inspecting ships in the Taiwan strait escalate to an armed conflict before 2024?,0.096753,0.5937258473111584,0.627460489322641,0.372539510677359,1,0.5007385130783155,0.5007385130783155,0.5007385130783155,True,True,True
2023-08-17,oct_selloff_2023,Monetary,monetary_policy,Will the Real-time Sahm Rule Recession Indicator read above 0.5 percentage points by the end of 2023?,0.078756,0.29642444935240597,0.078756,0.5,0.8869204367171575,0.8487420218802068,0.010086855229864642,0.0640386461340383,0.11359436799195351,0.1087045799965495,5.0,10.0,71,2.3666666666666667,0.12,0.7527666447061963,oct_selloff_2023_rates,orthogonal,max,max,max,2023-05-25,2023-10-27,0.36,1,1,rK52OtlkjovFyTcxPrxJ,Will the Real-time Sahm Rule Recession Indicator read above 0.5 percentage points by the end of 2023?,0.078756,rK52OtlkjovFyTcxPrxJ,Will the Real-time Sahm Rule Recession Indicator read above 0.5 percentage points by the end of 2023?,0.078756,0.5937258473111584,0.627460489322641,0.372539510677359,2,0.49926148692168454,0.49926148692168454,0.49926148692168454,False,False,False
2023-08-18,china_taiwan_2024,Kinetic,geopolitical,Will China inspecting ships in the Taiwan strait escalate to an armed conflict before 2024?,0.096753,0.2982940561297722,0.096753,1.0,0.9048374180359595,0.3407293994702481,0.012321479157978977,0.1273498409142763,0.11523090124016395,0.043391834817352995,10.0,10.0,353,11.766666666666667,0.1,0.30830471006560234,china_taiwan_2024_conflict,orthogonal,max,max,max,2023-04-06,2024-08-05,0.73,1,1,bB0Zbz10f5aqWn3JIAju,Will China inspecting ships in the Taiwan strait escalate to an armed conflict before 2024?,0.096753,bB0Zbz10f5aqWn3JIAju,Will China inspecting ships in the Taiwan strait escalate to an armed conflict before 2024?,0.096753,0.5959065778402077,0.6266030943699302,0.3733969056300698,1,0.5005718466993659,0.5005718466993659,0.5005718466993659,True,True,True
2023-08-18,oct_selloff_2023,Monetary,monetary_policy,Will the Real-time Sahm Rule Recession Indicator read above 0.5 percentage points by the end of 2023?,0.078756,0.29761252171043556,0.078756,0.5,0.8869204367171575,0.8521437889662113,0.0101124200661061,0.06420095018859578,0.11388226955785168,0.10941688189788203,5.0,10.0,70,2.3333333333333335,0.12,0.7557837414557255,oct_selloff_2023_rates,orthogonal,max,max,max,2023-05-25,2023-10-27,0.36,1,1,rK52OtlkjovFyTcxPrxJ,Will the Real-time Sahm Rule Recession Indicator read above 0.5 percentage points by the end of 2023?,0.078756,rK52OtlkjovFyTcxPrxJ,Will the Real-time Sahm Rule Recession Indicator read above 0.5 percentage points by the end of 2023?,0.078756,0.5959065778402077,0.6266030943699302,0.3733969056300698,2,0.49942815330063417,0.49942815330063417,0.49942815330063417,False,False,False
2023-08-21,china_taiwan_2024,Kinetic,geopolitical,Will China inspecting ships in the Taiwan strait escalate to an armed conflict before 2024?,0.096753,0.3012919612340907,0.096753,1.0,0.9048374180359595,0.34415378686541237,0.012427144044253387,0.12844195057779487,0.11621908292831423,0.044203783683728244,10.0,10.0,350,11.666666666666666,0.1,0.3114032239145976,china_taiwan_2024_conflict,orthogonal,max,max,max,2023-04-06,2024-08-05,0.73,1,1,bB0Zbz10f5aqWn3JIAju,Will China inspecting ships in the Taiwan strait escalate to an armed conflict before 2024?,0.096753,bB0Zbz10f5aqWn3JIAju,Will China inspecting ships in the Taiwan strait escalate to an armed conflict before 2024?,0.096753,0.6024973472767765,0.6240259939895453,0.3759740060104547,1,0.5000718469482033,0.5000718469482033,0.5000718469482033,True,True,True
2023-08-21,oct_selloff_2023,Monetary,monetary_policy,Will the Real-time Sahm Rule Recession Indicator read above 0.5 percentage points by the end of 2023?,0.078756,0.3012053860426858,0.078756,0.5,0.8869204367171575,0.8624311149420455,0.010189276421646281,0.06468888987281146,0.1147477969134841,0.11157942283474398,5.0,10.0,67,2.2333333333333334,0.12,0.7649077811028641,oct_selloff_2023_rates,orthogonal,max,max,max,2023-05-25,2023-10-27,0.36,1,1,rK52OtlkjovFyTcxPrxJ,Will the Real-time Sahm Rule Recession Indicator read above 0.5 percentage points by the end of 2023?,0.078756,rK52OtlkjovFyTcxPrxJ,Will the Real-time Sahm Rule Recession Indicator read above 0.5 percentage points by the end of 2023?,0.078756,0.6024973472767765,0.6240259939895453,0.3759740060104547,2,0.49992815305179666,0.49992815305179666,0.49992815305179666,False,False,False
2023-08-22,oct_selloff_2023,Monetary,monetary_policy,Will the Real-time Sahm Rule Recession Indicator read above 0.5 percentage points by the end of 2023?,0.078756,0.30241262044601774,0.078756,0.5,0.8869204367171575,0.865887748059205,0.010214948613190772,0.06485187549641151,0.11503690747440805,0.1123088888620074,5.0,10.0,66,2.2,0.12,0.7679735396567061,oct_selloff_2023_rates,orthogonal,max,max,max,2023-05-25,2023-10-27,0.36,1,1,rK52OtlkjovFyTcxPrxJ,Will the Real-time Sahm Rule Recession Indicator read above 0.5 percentage points by the end of 2023?,0.078756,rK52OtlkjovFyTcxPrxJ,Will the Real-time Sahm Rule Recession Indicator read above 0.5 percentage points by the end of 2023?,0.078756,0.6047105639231622,0.6231653374021676,0.3768346625978324,1,0.5000948197168322,0.5000948197168322,0.5000948197168322,True,True,True
2023-08-22,china_taiwan_2024,Kinetic,geopolitical,Will China inspecting ships in the Taiwan strait escalate to an armed conflict before 2024?,0.096753,0.30229794347714456,0.096753,1.0,0.9048374180359595,0.345302880246624,0.012462532040398907,0.12880770663854255,0.11655003269795217,0.04447767210025093,10.0,10.0,349,11.633333333333333,0.1,0.31244296660273535,china_taiwan_2024_conflict,orthogonal,max,max,max,2023-04-06,2024-08-05,0.73,1,1,bB0Zbz10f5aqWn3JIAju,Will China inspecting ships in the Taiwan strait escalate to an armed conflict before 2024?,0.096753,bB0Zbz10f5aqWn3JIAju,Will China inspecting ships in the Taiwan strait escalate to an armed conflict before 2024?,0.096753,0.6047105639231622,0.6231653374021676,0.3768346625978324,2,0.49990518028316794,0.49990518028316794,0.49990518028316794,False,False,False
2023-08-23,oct_selloff_2023,Monetary,monetary_policy,Will the Real-time Sahm Rule Recession Indicator read above 0.5 percentage points by the end of 2023?,0.078756,0.30362469345772836,0.078756,0.5,0.8869204367171575,0.8693582353988059,0.010240647234710234,0.06501502891659196,0.11532631567976474,0.11304270162666144,5.0,10.0,65,2.1666666666666665,0.12,0.7710515858035663,oct_selloff_2023_rates,orthogonal,max,max,max,2023-05-25,2023-10-27,0.36,1,1,rK52OtlkjovFyTcxPrxJ,Will the Real-time Sahm Rule Recession Indicator read above 0.5 percentage points by the end of 2023?,0.078756,rK52OtlkjovFyTcxPrxJ,Will the Real-time Sahm Rule Recession Indicator read above 0.5 percentage points by the end of 2023?,0.078756,0.6069319780470754,0.622303876991304,0.37769612300869604,1,0.5002614863607966,0.5002614863607966,0.5002614863607966,True,True,True
2023-08-23,china_taiwan_2024,Kinetic,geopolitical,Will China inspecting ships in the Taiwan strait escalate to an armed conflict before 2024?,0.096753,0.3033072845893471,0.096753,1.0,0.9048374180359595,0.3464558103300574,0.012498003383133826,0.12917432413603533,0.11688176192779035,0.04475319514238761,10.0,10.0,348,11.6,0.1,0.31348618088260527,china_taiwan_2024_conflict,orthogonal,max,max,max,2023-04-06,2024-08-05,0.73,1,1,bB0Zbz10f5aqWn3JIAju,Will China inspecting ships in the Taiwan strait escalate to an armed conflict before 2024?,0.096753,bB0Zbz10f5aqWn3JIAju,Will China inspecting ships in the Taiwan strait escalate to an armed conflict before 2024?,0.096753,0.6069319780470754,0.622303876991304,0.37769612300869604,2,0.49973851363920335,0.49973851363920335,0.49973851363920335,False,False,False
2023-08-24,oct_selloff_2023,Monetary,monetary_policy,Will the Real-time Sahm Rule Recession Indicator read above 0.5 percentage points by the end of 2023?,0.078756,0.30484162447101154,0.078756,0.5,0.8869204367171575,0.8728426324887193,0.010266372121135514,0.06517834908537454,0.11561601967060745,0.11378088359389403,5.0,10.0,64,2.1333333333333333,0.12,0.7741419687922483,oct_selloff_2023_rates,orthogonal,max,max,max,2023-05-25,2023-10-27,0.36,1,1,rK52OtlkjovFyTcxPrxJ,Will the Real-time Sahm Rule Recession Indicator read above 0.5 percentage points by the end of 2023?,0.078756,rK52OtlkjovFyTcxPrxJ,Will the Real-time Sahm Rule Recession Indicator read above 0.5 percentage points by the end of 2023?,0.078756,0.6091616202566216,0.6214416174308984,0.37855838256910157,1,0.500428152946653,0.500428152946653,0.500428152946653,True,True,True
2023-08-24,china_taiwan_2024,Kinetic,geopolitical,Will China inspecting ships in the Taiwan strait escalate to an armed conflict before 2024?,0.096753,0.30431999578561003,0.096753,1.0,0.9048374180359595,0.347612589926059,0.012533558169495232,0.12954180407320942,0.11721427152532296,0.04503036201758243,10.0,10.0,347,11.566666666666666,0.1,0.314532878345488,china_taiwan_2024_conflict,orthogonal,max,max,max,2023-04-06,2024-08-05,0.73,1,1,bB0Zbz10f5aqWn3JIAju,Will China inspecting ships in the Taiwan strait escalate to an armed conflict before 2024?,0.096753,bB0Zbz10f5aqWn3JIAju,Will China inspecting ships in the Taiwan strait escalate to an armed conflict before 2024?,0.096753,0.6091616202566216,0.6214416174308984,0.37855838256910157,2,0.49957184705334706,0.49957184705334706,0.49957184705334706,False,False,False
2023-08-25,oct_selloff_2023,Monetary,monetary_policy,Will the Real-time Sahm Rule Recession Indicator read above 0.5 percentage points by the end of 2023?,0.078756,0.30606343295678956,0.078756,0.5,0.8869204367171575,0.8763409950793732,0.010292123106639222,0.06534183494996712,0.11590601757945052,0.11452345732073271,5.0,10.0,63,2.1,0.12,0.7772447380689461,oct_selloff_2023_rates,orthogonal,max,max,max,2023-05-25,2023-10-27,0.36,1,1,rK52OtlkjovFyTcxPrxJ,Will the Real-time Sahm Rule Recession Indicator read above 0.5 percentage points by the end of 2023?,0.078756,rK52OtlkjovFyTcxPrxJ,Will the Real-time Sahm Rule Recession Indicator read above 0.5 percentage points by the end of 2023?,0.078756,0.6113995212750798,0.6205785634146849,0.37942143658531513,1,0.5005948194373643,0.5005948194373643,0.5005948194373643,True,True,True
2023-08-25,china_taiwan_2024,Kinetic,geopolitical,Will China inspecting ships in the Taiwan strait escalate to an armed conflict before 2024?,0.096753,0.3053360883182902,0.096753,1.0,0.9048374180359595,0.34877323188774695,0.012569196496047954,0.12991014744812,0.11754756239362768,0.04530918198049455,10.0,10.0,346,11.533333333333333,0.1,0.3155830706213659,china_taiwan_2024_conflict,orthogonal,max,max,max,2023-04-06,2024-08-05,0.73,1,1,bB0Zbz10f5aqWn3JIAju,Will China inspecting ships in the Taiwan strait escalate to an armed conflict before 2024?,0.096753,bB0Zbz10f5aqWn3JIAju,Will China inspecting ships in the Taiwan strait escalate to an armed conflict before 2024?,0.096753,0.6113995212750798,0.6205785634146849,0.37942143658531513,2,0.49940518056263555,0.49940518056263555,0.49940518056263555,False,False,False
2023-08-28,oct_selloff_2023,Monetary,monetary_policy,Will the Real-time Sahm Rule Recession Indicator read above 0.5 percentage points by the end of 2023?,0.078756,0.3097583191307874,0.078756,0.5,0.8869204367171575,0.8869204367171575,0.01036953098804899,0.06583327611895594,0.11677775601189123,0.11677775601189123,5.0,10.0,60,2.0,0.12,0.7866278610665534,oct_selloff_2023_rates,orthogonal,max,max,max,2023-05-25,2023-10-27,0.36,1,1,rK52OtlkjovFyTcxPrxJ,Will the Real-time Sahm Rule Recession Indicator read above 0.5 percentage points by the end of 2023?,0.078756,rK52OtlkjovFyTcxPrxJ,Will the Real-time Sahm Rule Recession Indicator read above 0.5 percentage points by the end of 2023?,0.078756,0.6181630861535027,0.617984681863604,0.382015318136396,1,0.5010948179682602,0.5010948179682602,0.5010948179682602,True,True,True
2023-08-28,china_taiwan_2024,Kinetic,geopolitical,Will China inspecting ships in the Taiwan strait escalate to an armed conflict before 2024?,0.096753,0.3084047670227153,0.096753,1.0,0.9048374180359595,0.3522784611427041,0.012676613675338,0.1310203681057745,0.11855213158694997,0.046155653654652865,10.0,10.0,343,11.433333333333334,0.1,0.3187547332100455,china_taiwan_2024_conflict,orthogonal,max,max,max,2023-04-06,2024-08-05,0.73,1,1,bB0Zbz10f5aqWn3JIAju,Will China inspecting ships in the Taiwan strait escalate to an armed conflict before 2024?,0.096753,bB0Zbz10f5aqWn3JIAju,Will China inspecting ships in the Taiwan strait escalate to an armed conflict before 2024?,0.096753,0.6181630861535027,0.617984681863604,0.382015318136396,2,0.4989051820317398,0.4989051820317398,0.4989051820317398,False,False,False
2023-08-29,oct_selloff_2023,Monetary,monetary_policy,Will the Real-time Sahm Rule Recession Indicator read above 0.5 percentage points by the end of 2023?,0.078756,0.31099983378125906,0.078756,0.5,0.8869204367171575,0.8904752232974726,0.010395384696554192,0.06599741414339345,0.11706891074852327,0.11753812419278814,5.0,10.0,59,1.9666666666666666,0.12,0.7897806739328027,oct_selloff_2023_rates,orthogonal,max,max,max,2023-05-25,2023-10-27,0.36,1,1,rK52OtlkjovFyTcxPrxJ,Will the Real-time Sahm Rule Recession Indicator read above 0.5 percentage points by the end of 2023?,0.078756,rK52OtlkjovFyTcxPrxJ,Will the Real-time Sahm Rule Recession Indicator read above 0.5 percentage points by the end of 2023?,0.078756,0.6204343319591876,0.6171184973543168,0.3828815026456832,1,0.5012614837080239,0.5012614837080239,0.5012614837080239,True,True,True
2023-08-29,china_taiwan_2024,Kinetic,geopolitical,Will China inspecting ships in the Taiwan strait escalate to an armed conflict before 2024?,0.096753,0.3094344981779285,0.096753,1.0,0.9048374180359595,0.35345468195878016,0.012712587118724814,0.13139217511317286,0.11888855647953198,0.04644117946649886,10.0,10.0,342,11.4,0.1,0.3198190218163039,china_taiwan_2024_conflict,orthogonal,max,max,max,2023-04-06,2024-08-05,0.73,1,1,bB0Zbz10f5aqWn3JIAju,Will China inspecting ships in the Taiwan strait escalate to an armed conflict before 2024?,0.096753,bB0Zbz10f5aqWn3JIAju,Will China inspecting ships in the Taiwan strait escalate to an armed conflict before 2024?,0.096753,0.6204343319591876,0.6171184973543168,0.3828815026456832,2,0.49873851629197596,0.49873851629197596,0.49873851629197596,False,False,False
2023-08-30,oct_selloff_2023,Monetary,monetary_policy,Will the Real-time Sahm Rule Recession Indicator read above 0.5 percentage points by the end of 2023?,0.078756,0.3122463244357059,0.078756,0.5,0.8869204367171575,0.8940442575003572,0.010421263663754466,0.06616171252828017,0.11736034993907456,0.11830299830459666,5.0,10.0,58,1.9333333333333333,0.12,0.7929461233066836,oct_selloff_2023_rates,orthogonal,max,max,max,2023-05-25,2023-10-27,0.36,1,1,rK52OtlkjovFyTcxPrxJ,Will the Real-time Sahm Rule Recession Indicator read above 0.5 percentage points by the end of 2023?,0.078756,rK52OtlkjovFyTcxPrxJ,Will the Real-time Sahm Rule Recession Indicator read above 0.5 percentage points by the end of 2023?,0.078756,0.6227139919331218,0.6162515421517446,0.3837484578482554,1,0.5014281491674599,0.5014281491674599,0.5014281491674599,True,True,True
2023-08-30,china_taiwan_2024,Kinetic,geopolitical,Will China inspecting ships in the Taiwan strait escalate to an armed conflict before 2024?,0.096753,0.31046766749741594,0.096753,1.0,0.9048374180359595,0.35463483005273644,0.01274864457790868,0.13176485047397682,0.11922576709076745,0.046728405354763,10.0,10.0,341,11.366666666666667,0.1,0.32088686397053934,china_taiwan_2024_conflict,orthogonal,max,max,max,2023-04-06,2024-08-05,0.73,1,1,bB0Zbz10f5aqWn3JIAju,Will China inspecting ships in the Taiwan strait escalate to an armed conflict before 2024?,0.096753,bB0Zbz10f5aqWn3JIAju,Will China inspecting ships in the Taiwan strait escalate to an armed conflict before 2024?,0.096753,0.6227139919331218,0.6162515421517446,0.3837484578482554,2,0.49857185083254,0.49857185083254,0.49857185083254,False,False,False
2023-08-31,oct_selloff_2023,Monetary,monetary_policy,Will the Real-time Sahm Rule Recession Indicator read above 0.5 percentage points by the end of 2023?,0.078756,0.31349781103800495,0.078756,0.5,0.8869204367171575,0.8976275964304349,0.010447167719349969,0.06632617019242959,0.11765207166569233,0.11907240146053304,5.0,10.0,57,1.9,0.12,0.7961242598354537,oct_selloff_2023_rates,orthogonal,max,max,max,2023-05-25,2023-10-27,0.36,1,1,rK52OtlkjovFyTcxPrxJ,Will the Real-time Sahm Rule Recession Indicator read above 0.5 percentage points by the end of 2023?,0.078756,rK52OtlkjovFyTcxPrxJ,Will the Real-time Sahm Rule Recession Indicator read above 0.5 percentage points by the end of 2023?,0.078756,0.6250020974988524,0.6153838210665487,0.38461617893345135,1,0.5015948143095321,0.5015948143095321,0.5015948143095321,True,True,True
2023-08-31,china_taiwan_2024,Kinetic,geopolitical,Will China inspecting ships in the Taiwan strait escalate to an armed conflict before 2024?,0.096753,0.3115042864608475,0.096753,1.0,0.9048374180359595,0.3558189185373419,0.012784786146539993,0.1321383951561191,0.11956376429647816,0.047017340861710236,10.0,10.0,340,11.333333333333334,0.1,0.3219582715376758,china_taiwan_2024_conflict,orthogonal,max,max,max,2023-04-06,2024-08-05,0.73,1,1,bB0Zbz10f5aqWn3JIAju,Will China inspecting ships in the Taiwan strait escalate to an armed conflict before 2024?,0.096753,bB0Zbz10f5aqWn3JIAju,Will China inspecting ships in the Taiwan strait escalate to an armed conflict before 2024?,0.096753,0.6250020974988524,0.6153838210665487,0.38461617893345135,2,0.498405185690468,0.498405185690468,0.498405185690468,False,False,False
2023-09-01,oct_selloff_2023,Monetary,monetary_policy,Will the Real-time Sahm Rule Recession Indicator read above 0.5 percentage points by the end of 2023?,0.078756,0.3147543136119686,0.078756,0.5,0.8869204367171575,0.9012252974212048,0.010473096692308696,0.06649078605000695,0.1179440740022785,0.11984635686737444,5.0,10.0,56,1.8666666666666667,0.12,0.7993151343693651,oct_selloff_2023_rates,orthogonal,max,max,max,2023-05-25,2023-10-27,0.36,1,1,rK52OtlkjovFyTcxPrxJ,Will the Real-time Sahm Rule Recession Indicator read above 0.5 percentage points by the end of 2023?,0.078756,rK52OtlkjovFyTcxPrxJ,Will the Real-time Sahm Rule Recession Indicator read above 0.5 percentage points by the end of 2023?,0.078756,0.627298680198191,0.6145153389285664,0.38548466107143364,1,0.5017614790972045,0.5017614790972045,0.5017614790972045,True,True,True
2023-09-01,china_taiwan_2024,Kinetic,geopolitical,Will China inspecting ships in the Taiwan strait escalate to an armed conflict before 2024?,0.096753,0.31254436658622237,0.096753,1.0,0.9048374180359595,0.3570069605691474,0.012821011917769838,0.1325128101223718,0.11990254896781626,0.0473079955782645,10.0,10.0,339,11.3,0.1,0.32303325642225295,china_taiwan_2024_conflict,orthogonal,max,max,max,2023-04-06,2024-08-05,0.73,1,1,bB0Zbz10f5aqWn3JIAju,Will China inspecting ships in the Taiwan strait escalate to an armed conflict before 2024?,0.096753,bB0Zbz10f5aqWn3JIAju,Will China inspecting ships in the Taiwan strait escalate to an armed conflict before 2024?,0.096753,0.627298680198191,0.6145153389285664,0.38548466107143364,2,0.4982385209027954,0.4982385209027954,0.4982385209027954,False,False,False
2023-09-05,oct_selloff_2023,Monetary,monetary_policy,Will the Real-time Sahm Rule Recession Indicator read above 0.5 percentage points by the end of 2023?,0.078756,0.31983088691642736,0.078756,0.5,0.8869204367171575,0.9157608767233256,0.010577058311730224,0.06715080953660815,0.11911485064023834,0.12298816842785067,5.0,10.0,52,1.7333333333333334,0.12,0.812207036711939,oct_selloff_2023_rates,orthogonal,max,max,max,2023-05-25,2023-10-27,0.36,1,1,rK52OtlkjovFyTcxPrxJ,Will the Real-time Sahm Rule Recession Indicator read above 0.5 percentage points by the end of 2023?,0.078756,rK52OtlkjovFyTcxPrxJ,Will the Real-time Sahm Rule Recession Indicator read above 0.5 percentage points by the end of 2023?,0.078756,0.6365704173322724,0.6110338971115413,0.3889661028884587,1,0.5024281339631973,0.5024281339631973,0.5024281339631973,True,True,True
2023-09-05,china_taiwan_2024,Kinetic,geopolitical,Will China inspecting ships in the Taiwan strait escalate to an armed conflict before 2024?,0.096753,0.31673953041584507,0.096753,1.0,0.9048374180359595,0.3617989288399626,0.012966758874001623,0.13401919190104308,0.12126557956700561,0.048488000073794786,10.0,10.0,335,11.166666666666666,0.1,0.3273692086197276,china_taiwan_2024_conflict,orthogonal,max,max,max,2023-04-06,2024-08-05,0.73,1,1,bB0Zbz10f5aqWn3JIAju,Will China inspecting ships in the Taiwan strait escalate to an armed conflict before 2024?,0.096753,bB0Zbz10f5aqWn3JIAju,Will China inspecting ships in the Taiwan strait escalate to an armed conflict before 2024?,0.096753,0.6365704173322724,0.6110338971115413,0.3889661028884587,2,0.49757186603680276,0.49757186603680276,0.49757186603680276,False,False,False
2023-09-06,oct_selloff_2023,Monetary,monetary_policy,Will the Real-time Sahm Rule Recession Indicator read above 0.5 percentage points by the end of 2023?,0.078756,0.3211127725261321,0.078756,0.5,0.8869204367171575,0.9194312560951247,0.010603109280675342,0.06731619991286594,0.11940822684971707,0.1237852364828737,5.0,10.0,51,1.7,0.12,0.8154623711872926,oct_selloff_2023_rates,orthogonal,max,max,max,2023-05-25,2023-10-27,0.36,1,1,rK52OtlkjovFyTcxPrxJ,Will the Real-time Sahm Rule Recession Indicator read above 0.5 percentage points by the end of 2023?,0.078756,rK52OtlkjovFyTcxPrxJ,Will the Real-time Sahm Rule Recession Indicator read above 0.5 percentage points by the end of 2023?,0.078756,0.6389098629975671,0.6101616828218969,0.38983831717810313,1,0.502594796423349,0.502594796423349,0.502594796423349,True,True,True
2023-09-06,china_taiwan_2024,Kinetic,geopolitical,Will China inspecting ships in the Taiwan strait escalate to an armed conflict before 2024?,0.096753,0.317797090471435,0.096753,1.0,0.9048374180359595,0.36300693749866725,0.013003407037741012,0.13439797254597802,0.12160831446777051,0.04878739641994544,10.0,10.0,334,11.133333333333333,0.1,0.328462260055435,china_taiwan_2024_conflict,orthogonal,max,max,max,2023-04-06,2024-08-05,0.73,1,1,bB0Zbz10f5aqWn3JIAju,Will China inspecting ships in the Taiwan strait escalate to an armed conflict before 2024?,0.096753,bB0Zbz10f5aqWn3JIAju,Will China inspecting ships in the Taiwan strait escalate to an armed conflict before 2024?,0.096753,0.6389098629975671,0.6101616828218969,0.38983831717810313,2,0.49740520357665086,0.49740520357665086,0.49740520357665086,False,False,False
2023-09-07,oct_selloff_2023,Monetary,monetary_policy,Will the Real-time Sahm Rule Recession Indicator read above 0.5 percentage points by the end of 2023?,0.078756,0.32239979594704765,0.078756,0.5,0.8869204367171575,0.9231163463866358,0.010629184125638095,0.06748174187133739,0.1197018719419221,0.12458699800815004,5.0,10.0,50,1.6666666666666667,0.12,0.8187307530779818,oct_selloff_2023_rates,orthogonal,max,max,max,2023-05-25,2023-10-27,0.36,1,1,rK52OtlkjovFyTcxPrxJ,Will the Real-time Sahm Rule Recession Indicator read above 0.5 percentage points by the end of 2023?,0.078756,rK52OtlkjovFyTcxPrxJ,Will the Real-time Sahm Rule Recession Indicator read above 0.5 percentage points by the end of 2023?,0.078756,0.6412579775561253,0.609288736855997,0.39071126314400295,1,0.5027614583068949,0.5027614583068949,0.5027614583068949,True,True,True
2023-09-07,china_taiwan_2024,Kinetic,geopolitical,Will China inspecting ships in the Taiwan strait escalate to an armed conflict before 2024?,0.096753,0.31885818160907764,0.096753,1.0,0.9048374180359595,0.3642189795715233,0.01304013995228096,0.13477762914101846,0.12195184196096724,0.04908857055481095,10.0,10.0,333,11.1,0.1,0.32955896107518906,china_taiwan_2024_conflict,orthogonal,max,max,max,2023-04-06,2024-08-05,0.73,1,1,bB0Zbz10f5aqWn3JIAju,Will China inspecting ships in the Taiwan strait escalate to an armed conflict before 2024?,0.096753,bB0Zbz10f5aqWn3JIAju,Will China inspecting ships in the Taiwan strait escalate to an armed conflict before 2024?,0.096753,0.6412579775561253,0.609288736855997,0.39071126314400295,2,0.49723854169310505,0.49723854169310505,0.49723854169310505,False,False,False
2023-09-08,oct_selloff_2023,Monetary,monetary_policy,Will the Real-time Sahm Rule Recession Indicator read above 0.5 percentage points by the end of 2023?,0.078756,0.3236919777715763,0.078756,0.5,0.8869204367171575,0.9268162065593822,0.010655282670573151,0.06764743429435947,0.11999578393429704,0.12539347687234664,5.0,10.0,49,1.6333333333333333,0.12,0.8220122346781865,oct_selloff_2023_rates,orthogonal,max,max,max,2023-05-25,2023-10-27,0.36,1,1,rK52OtlkjovFyTcxPrxJ,Will the Real-time Sahm Rule Recession Indicator read above 0.5 percentage points by the end of 2023?,0.078756,rK52OtlkjovFyTcxPrxJ,Will the Real-time Sahm Rule Recession Indicator read above 0.5 percentage points by the end of 2023?,0.078756,0.6436147933902616,0.6084150641752949,0.3915849358247051,1,0.5029281195768022,0.5029281195768022,0.5029281195768022,True,True,True
2023-09-08,china_taiwan_2024,Kinetic,geopolitical,Will China inspecting ships in the Taiwan strait escalate to an armed conflict before 2024?,0.096753,0.31992281561868524,0.096753,1.0,0.9048374180359595,0.36543506852567725,0.013076957707167736,0.13515816261167857,0.12229616288403558,0.04939153241580338,10.0,10.0,332,11.066666666666666,0.1,0.33065932386456776,china_taiwan_2024_conflict,orthogonal,max,max,max,2023-04-06,2024-08-05,0.73,1,1,bB0Zbz10f5aqWn3JIAju,Will China inspecting ships in the Taiwan strait escalate to an armed conflict before 2024?,0.096753,bB0Zbz10f5aqWn3JIAju,Will China inspecting ships in the Taiwan strait escalate to an armed conflict before 2024?,0.096753,0.6436147933902616,0.6084150641752949,0.3915849358247051,2,0.4970718804231977,0.4970718804231977,0.4970718804231977,False,False,False
2023-09-11,oct_selloff_2023,Monetary,monetary_policy,Will the Real-time Sahm Rule Recession Indicator read above 0.5 percentage points by the end of 2023?,0.078756,0.32759968083086677,0.078756,0.5,0.8869204367171575,0.9380049995307295,0.01073371873428863,0.06814540310762754,0.12087910136896751,0.12784145761998308,5.0,10.0,46,1.5333333333333334,0.12,0.8319358038266716,oct_selloff_2023_rates,orthogonal,max,max,max,2023-05-25,2023-10-27,0.36,1,1,rK52OtlkjovFyTcxPrxJ,Will the Real-time Sahm Rule Recession Indicator read above 0.5 percentage points by the end of 2023?,0.078756,rK52OtlkjovFyTcxPrxJ,Will the Real-time Sahm Rule Recession Indicator read above 0.5 percentage points by the end of 2023?,0.078756,0.6507377742005572,0.6057897357345531,0.3942102642654469,1,0.5034280993343728,0.5034280993343728,0.5034280993343728,True,True,True
2023-09-11,china_taiwan_2024,Kinetic,geopolitical,Will China inspecting ships in the Taiwan strait escalate to an armed conflict before 2024?,0.096753,0.32313809336969046,0.096753,1.0,0.9048374180359595,0.3691077520227747,0.013187920901387071,0.13630503344999195,0.12333389453219581,0.05031124448611564,10.0,10.0,329,10.966666666666667,0.1,0.33398250531734464,china_taiwan_2024_conflict,orthogonal,max,max,max,2023-04-06,2024-08-05,0.73,1,1,bB0Zbz10f5aqWn3JIAju,Will China inspecting ships in the Taiwan strait escalate to an armed conflict before 2024?,0.096753,bB0Zbz10f5aqWn3JIAju,Will China inspecting ships in the Taiwan strait escalate to an armed conflict before 2024?,0.096753,0.6507377742005572,0.6057897357345531,0.3942102642654469,2,0.49657190066562723,0.49657190066562723,0.49657190066562723,False,False,False
2023-09-12,oct_selloff_2023,Monetary,monetary_policy,Will the Real-time Sahm Rule Recession Indicator read above 0.5 percentage points by the end of 2023?,0.078756,0.3289127038495307,0.078756,0.5,0.8869204367171575,0.9417645335842487,0.010759910304729316,0.06831168612378304,0.12117406097958208,0.12866704644143626,5.0,10.0,45,1.5,0.12,0.835270211411272,oct_selloff_2023_rates,orthogonal,max,max,max,2023-05-25,2023-10-27,0.36,1,1,rK52OtlkjovFyTcxPrxJ,Will the Real-time Sahm Rule Recession Indicator read above 0.5 percentage points by the end of 2023?,0.078756,rK52OtlkjovFyTcxPrxJ,Will the Real-time Sahm Rule Recession Indicator read above 0.5 percentage points by the end of 2023?,0.078756,0.6531297214050928,0.6049132061760046,0.39508679382399536,1,0.5035947577794091,0.5035947577794091,0.5035947577794091,True,True,True
2023-09-12,china_taiwan_2024,Kinetic,geopolitical,Will China inspecting ships in the Taiwan strait escalate to an armed conflict before 2024?,0.096753,0.3242170175555622,0.096753,1.0,0.9048374180359595,0.37034016407514914,0.013225078902449892,0.13668908356795026,0.1236813974493256,0.05062145763583647,10.0,10.0,328,10.933333333333334,0.1,0.33509763785677155,china_taiwan_2024_conflict,orthogonal,max,max,max,2023-04-06,2024-08-05,0.73,1,1,bB0Zbz10f5aqWn3JIAju,Will China inspecting ships in the Taiwan strait escalate to an armed conflict before 2024?,0.096753,bB0Zbz10f5aqWn3JIAju,Will China inspecting ships in the Taiwan strait escalate to an armed conflict before 2024?,0.096753,0.6531297214050928,0.6049132061760046,0.39508679382399536,2,0.49640524222059096,0.49640524222059096,0.49640524222059096,False,False,False
2023-09-13,oct_selloff_2023,Monetary,monetary_policy,Will the Real-time Sahm Rule Recession Indicator read above 0.5 percentage points by the end of 2023?,0.078756,0.330230989478473,0.078756,0.5,0.8869204367171575,0.9455391358903963,0.010786124684505594,0.06847811395008375,0.1214692774603511,0.12949747338353257,5.0,10.0,44,1.4666666666666666,0.12,0.8386179833370739,oct_selloff_2023_rates,orthogonal,max,max,max,2023-05-25,2023-10-27,0.36,1,1,rK52OtlkjovFyTcxPrxJ,Will the Real-time Sahm Rule Recession Indicator read above 0.5 percentage points by the end of 2023?,0.078756,rK52OtlkjovFyTcxPrxJ,Will the Real-time Sahm Rule Recession Indicator read above 0.5 percentage points by the end of 2023?,0.078756,0.6555305336345487,0.6040359749841653,0.3959640250158347,1,0.5037614154256517,0.5037614154256517,0.5037614154256517,True,True,True
2023-09-13,china_taiwan_2024,Kinetic,geopolitical,Will China inspecting ships in the Taiwan strait escalate to an armed conflict before 2024?,0.096753,0.32529954415607565,0.096753,1.0,0.9048374180359595,0.37157669102204566,0.013262322183550668,0.13707401510599843,0.12402969790833374,0.0509335089581928,10.0,10.0,327,10.9,0.1,0.3362164937067333,china_taiwan_2024_conflict,orthogonal,max,max,max,2023-04-06,2024-08-05,0.73,1,1,bB0Zbz10f5aqWn3JIAju,Will China inspecting ships in the Taiwan strait escalate to an armed conflict before 2024?,0.096753,bB0Zbz10f5aqWn3JIAju,Will China inspecting ships in the Taiwan strait escalate to an armed conflict before 2024?,0.096753,0.6555305336345487,0.6040359749841653,0.3959640250158347,2,0.4962385845743483,0.4962385845743483,0.4962385845743483,False,False,False
2023-09-14,oct_selloff_2023,Monetary,monetary_policy,Will the Real-time Sahm Rule Recession Indicator read above 0.5 percentage points by the end of 2023?,0.078756,0.3315545588102919,0.078756,0.5,0.8869204367171575,0.9493288668428895,0.01081236169343845,0.0686446854426231,0.12176474878216635,0.13033276289206397,5.0,10.0,43,1.4333333333333333,0.12,0.8419791731684998,oct_selloff_2023_rates,orthogonal,max,max,max,2023-05-25,2023-10-27,0.36,1,1,rK52OtlkjovFyTcxPrxJ,Will the Real-time Sahm Rule Recession Indicator read above 0.5 percentage points by the end of 2023?,0.078756,rK52OtlkjovFyTcxPrxJ,Will the Real-time Sahm Rule Recession Indicator read above 0.5 percentage points by the end of 2023?,0.078756,0.6579402440096072,0.6031580472294786,0.39684195277052137,1,0.5039280722360716,0.5039280722360716,0.5039280722360716,True,True,True
2023-09-14,china_taiwan_2024,Kinetic,geopolitical,Will China inspecting ships in the Taiwan strait escalate to an armed conflict before 2024?,0.096753,0.3263856851993153,0.096753,1.0,0.9048374180359595,0.3728173466026652,0.013299650830991754,0.13745982895612285,0.1243787967163228,0.05124740869587792,10.0,10.0,326,10.866666666666667,0.1,0.337339085298973,china_taiwan_2024_conflict,orthogonal,max,max,max,2023-04-06,2024-08-05,0.73,1,1,bB0Zbz10f5aqWn3JIAju,Will China inspecting ships in the Taiwan strait escalate to an armed conflict before 2024?,0.096753,bB0Zbz10f5aqWn3JIAju,Will China inspecting ships in the Taiwan strait escalate to an armed conflict before 2024?,0.096753,0.6579402440096072,0.6031580472294786,0.39684195277052137,2,0.4960719277639285,0.4960719277639285,0.4960719277639285,False,False,False
2023-09-15,oct_selloff_2023,Monetary,monetary_policy,Will the Real-time Sahm Rule Recession Indicator read above 0.5 percentage points by the end of 2023?,0.078756,0.3328834330221249,0.078756,0.5,0.8869204367171575,0.9531337870775047,0.010838621150675297,0.06881139945321814,0.12206047290833401,0.1311729395098975,5.0,10.0,42,1.4,0.12,0.8453538346846586,oct_selloff_2023_rates,orthogonal,max,max,max,2023-05-25,2023-10-27,0.36,1,1,rK52OtlkjovFyTcxPrxJ,Will the Real-time Sahm Rule Recession Indicator read above 0.5 percentage points by the end of 2023?,0.078756,rK52OtlkjovFyTcxPrxJ,Will the Real-time Sahm Rule Recession Indicator read above 0.5 percentage points by the end of 2023?,0.078756,0.6603588857756512,0.6022794280001948,0.39772057199980515,1,0.5040947281736404,0.5040947281736404,0.5040947281736404,True,True,True
2023-09-15,china_taiwan_2024,Kinetic,geopolitical,Will China inspecting ships in the Taiwan strait escalate to an armed conflict before 2024?,0.096753,0.32747545275352624,0.096753,1.0,0.9048374180359595,0.3740621446020826,0.013337064930520896,0.13784652600457759,0.12472869467520874,0.05156316714321904,10.0,10.0,325,10.833333333333334,0.1,0.33846542510674216,china_taiwan_2024_conflict,orthogonal,max,max,max,2023-04-06,2024-08-05,0.73,1,1,bB0Zbz10f5aqWn3JIAju,Will China inspecting ships in the Taiwan strait escalate to an armed conflict before 2024?,0.096753,bB0Zbz10f5aqWn3JIAju,Will China inspecting ships in the Taiwan strait escalate to an armed conflict before 2024?,0.096753,0.6603588857756512,0.6022794280001948,0.39772057199980515,2,0.49590527182635963,0.49590527182635963,0.49590527182635963,False,False,False
2023-09-18,oct_selloff_2023,Monetary,monetary_policy,Will the Real-time Sahm Rule Recession Indicator read above 0.5 percentage points by the end of 2023?,0.078756,0.33690209798429965,0.078756,0.5,0.8869204367171575,0.9646402934831231,0.01091753239367485,0.06931238504796365,0.12294914163329537,0.13372303890936577,5.0,10.0,39,1.3,0.12,0.8555591903710185,oct_selloff_2023_rates,orthogonal,max,max,max,2023-05-25,2023-10-27,0.36,1,1,rK52OtlkjovFyTcxPrxJ,Will the Real-time Sahm Rule Recession Indicator read above 0.5 percentage points by the end of 2023?,0.078756,rK52OtlkjovFyTcxPrxJ,Will the Real-time Sahm Rule Recession Indicator read above 0.5 percentage points by the end of 2023?,0.078756,0.6676687337539624,0.5996394726121512,0.4003605273878488,1,0.5045946903789701,0.5045946903789701,0.5045946903789701,True,True,True
2023-09-18,china_taiwan_2024,Kinetic,geopolitical,Will China inspecting ships in the Taiwan strait escalate to an armed conflict before 2024?,0.096753,0.3307666357696628,0.096753,1.0,0.9048374180359595,0.37782153165519583,0.013449820790710955,0.1390119251156135,0.12578319139781988,0.052521698465518483,10.0,10.0,322,10.733333333333333,0.1,0.34186705918127896,china_taiwan_2024_conflict,orthogonal,max,max,max,2023-04-06,2024-08-05,0.73,1,1,bB0Zbz10f5aqWn3JIAju,Will China inspecting ships in the Taiwan strait escalate to an armed conflict before 2024?,0.096753,bB0Zbz10f5aqWn3JIAju,Will China inspecting ships in the Taiwan strait escalate to an armed conflict before 2024?,0.096753,0.6676687337539624,0.5996394726121512,0.4003605273878488,2,0.49540530962103,0.49540530962103,0.49540530962103,False,False,False
2023-09-19,oct_selloff_2023,Monetary,monetary_policy,Will the Real-time Sahm Rule Recession Indicator read above 0.5 percentage points by the end of 2023?,0.078756,0.3382524051902396,0.078756,0.5,0.8869204367171575,0.9685065820791976,0.010943879822288406,0.0694796575644294,0.12324585646000458,0.1345830113435172,5.0,10.0,38,1.2666666666666666,0.12,0.8589882807411234,oct_selloff_2023_rates,orthogonal,max,max,max,2023-05-25,2023-10-27,0.36,1,1,rK52OtlkjovFyTcxPrxJ,Will the Real-time Sahm Rule Recession Indicator read above 0.5 percentage points by the end of 2023?,0.078756,rK52OtlkjovFyTcxPrxJ,Will the Real-time Sahm Rule Recession Indicator read above 0.5 percentage points by the end of 2023?,0.078756,0.6701234360483608,0.5987581387194207,0.40124186128057926,1,0.5047613424548681,0.5047613424548681,0.5047613424548681,True,True,True
2023-09-19,china_taiwan_2024,Kinetic,geopolitical,Will China inspecting ships in the Taiwan strait escalate to an armed conflict before 2024?,0.096753,0.33187103085812125,0.096753,1.0,0.9048374180359595,0.37908303810339883,0.013487577544837462,0.13940216370383826,0.12613629387440714,0.052844995735038355,10.0,10.0,321,10.7,0.1,0.34300851741870664,china_taiwan_2024_conflict,orthogonal,max,max,max,2023-04-06,2024-08-05,0.73,1,1,bB0Zbz10f5aqWn3JIAju,Will China inspecting ships in the Taiwan strait escalate to an armed conflict before 2024?,0.096753,bB0Zbz10f5aqWn3JIAju,Will China inspecting ships in the Taiwan strait escalate to an armed conflict before 2024?,0.096753,0.6701234360483608,0.5987581387194207,0.40124186128057926,2,0.4952386575451319,0.4952386575451319,0.4952386575451319,False,False,False
2023-09-20,oct_selloff_2023,Monetary,monetary_policy,Will the Real-time Sahm Rule Recession Indicator read above 0.5 percentage points by the end of 2023?,0.078756,0.33960812444187866,0.078756,0.5,0.8869204367171575,0.9723883668012469,0.010970248784998178,0.06964706679489929,0.12354281379560222,0.13544799506637895,5.0,10.0,37,1.2333333333333334,0.12,0.8624311149420454,oct_selloff_2023_rates,orthogonal,max,max,max,2023-05-25,2023-10-27,0.36,1,1,rK52OtlkjovFyTcxPrxJ,Will the Real-time Sahm Rule Recession Indicator read above 0.5 percentage points by the end of 2023?,0.078756,rK52OtlkjovFyTcxPrxJ,Will the Real-time Sahm Rule Recession Indicator read above 0.5 percentage points by the end of 2023?,0.078756,0.6725872378477711,0.5978761390567384,0.4021238609432616,1,0.5049279934727862,0.5049279934727862,0.5049279934727862,True,True,True
2023-09-20,china_taiwan_2024,Kinetic,geopolitical,Will China inspecting ships in the Taiwan strait escalate to an armed conflict before 2024?,0.096753,0.3329791134058924,0.096753,1.0,0.9048374180359595,0.38034875658925854,0.013525420171331367,0.13979328983423117,0.12649019943235826,0.05317020396797166,10.0,10.0,320,10.666666666666666,0.1,0.34415378686541237,china_taiwan_2024_conflict,orthogonal,max,max,max,2023-04-06,2024-08-05,0.73,1,1,bB0Zbz10f5aqWn3JIAju,Will China inspecting ships in the Taiwan strait escalate to an armed conflict before 2024?,0.096753,bB0Zbz10f5aqWn3JIAju,Will China inspecting ships in the Taiwan strait escalate to an armed conflict before 2024?,0.096753,0.6725872378477711,0.5978761390567384,0.4021238609432616,2,0.4950720065272138,0.4950720065272138,0.4950720065272138,False,False,False
2023-09-21,oct_selloff_2023,Monetary,monetary_policy,Will the Real-time Sahm Rule Recession Indicator read above 0.5 percentage points by the end of 2023?,0.078756,0.3409692774307537,0.078756,0.5,0.8869204367171575,0.9762857097579093,0.010996639097006012,0.06981461156614106,0.1238400115589611,0.13631801520864553,5.0,10.0,36,1.2,0.12,0.865887748059205,oct_selloff_2023_rates,orthogonal,max,max,max,2023-05-25,2023-10-27,0.36,1,1,rK52OtlkjovFyTcxPrxJ,Will the Real-time Sahm Rule Recession Indicator read above 0.5 percentage points by the end of 2023?,0.078756,rK52OtlkjovFyTcxPrxJ,Will the Real-time Sahm Rule Recession Indicator read above 0.5 percentage points by the end of 2023?,0.078756,0.6750601731557697,0.5969934788169586,0.40300652118304137,1,0.5050946433957011,0.5050946433957011,0.5050946433957011,True,True,True
2023-09-21,china_taiwan_2024,Kinetic,geopolitical,Will China inspecting ships in the Taiwan strait escalate to an armed conflict before 2024?,0.096753,0.33409089572501605,0.096753,1.0,0.9048374180359595,0.3816187011763268,0.013563348752528489,0.14018530435778206,0.12684490884168068,0.053497333773024854,10.0,10.0,319,10.633333333333333,0.1,0.3453028802466239,china_taiwan_2024_conflict,orthogonal,max,max,max,2023-04-06,2024-08-05,0.73,1,1,bB0Zbz10f5aqWn3JIAju,Will China inspecting ships in the Taiwan strait escalate to an armed conflict before 2024?,0.096753,bB0Zbz10f5aqWn3JIAju,Will China inspecting ships in the Taiwan strait escalate to an armed conflict before 2024?,0.096753,0.6750601731557697,0.5969934788169586,0.40300652118304137,2,0.494905356604299,0.494905356604299,0.494905356604299,False,False,False
2023-09-22,oct_selloff_2023,Monetary,monetary_policy,Will the Real-time Sahm Rule Recession Indicator read above 0.5 percentage points by the end of 2023?,0.078756,0.34233588593534175,0.078756,0.5,0.8869204367171575,0.9801986733067553,0.01102305057287254,0.06998229070085162,0.12413744766173275,0.13719309699988486,5.0,10.0,35,1.1666666666666667,0.12,0.8693582353988057,oct_selloff_2023_rates,orthogonal,max,max,max,2023-05-25,2023-10-27,0.36,1,1,rK52OtlkjovFyTcxPrxJ,Will the Real-time Sahm Rule Recession Indicator read above 0.5 percentage points by the end of 2023?,0.078756,rK52OtlkjovFyTcxPrxJ,Will the Real-time Sahm Rule Recession Indicator read above 0.5 percentage points by the end of 2023?,0.078756,0.6775422761039822,0.5961101632099882,0.4038898367900118,1,0.5052612921865905,0.5052612921865905,0.5052612921865905,True,True,True
2023-09-22,china_taiwan_2024,Kinetic,geopolitical,Will China inspecting ships in the Taiwan strait escalate to an armed conflict before 2024?,0.096753,0.3352063901686405,0.096753,1.0,0.9048374180359595,0.38289288597511206,0.013601363370181889,0.14057820811945768,0.12720042286693184,0.05382639581206908,10.0,10.0,318,10.6,0.1,0.34645581033005746,china_taiwan_2024_conflict,orthogonal,max,max,max,2023-04-06,2024-08-05,0.73,1,1,bB0Zbz10f5aqWn3JIAju,Will China inspecting ships in the Taiwan strait escalate to an armed conflict before 2024?,0.096753,bB0Zbz10f5aqWn3JIAju,Will China inspecting ships in the Taiwan strait escalate to an armed conflict before 2024?,0.096753,0.6775422761039822,0.5961101632099882,0.4038898367900118,2,0.49473870781340956,0.49473870781340956,0.49473870781340956,False,False,False
2023-09-25,oct_selloff_2023,Monetary,monetary_policy,Will the Real-time Sahm Rule Recession Indicator read above 0.5 percentage points by the end of 2023?,0.078756,0.34646866363957785,0.078756,0.5,0.8869204367171575,0.9920319148370607,0.011102410119712955,0.07048612245233984,0.1250311650158566,0.13984896605166847,5.0,10.0,32,1.0666666666666667,0.12,0.8798533791446438,oct_selloff_2023_rates,orthogonal,max,max,max,2023-05-25,2023-10-27,0.36,1,1,rK52OtlkjovFyTcxPrxJ,Will the Real-time Sahm Rule Recession Indicator read above 0.5 percentage points by the end of 2023?,0.078756,rK52OtlkjovFyTcxPrxJ,Will the Real-time Sahm Rule Recession Indicator read above 0.5 percentage points by the end of 2023?,0.078756,0.685043934037094,0.5934563365384551,0.4065436634615449,1,0.5057612313969007,0.5057612313969007,0.5057612313969007,True,True,True
2023-09-25,china_taiwan_2024,Kinetic,geopolitical,Will China inspecting ships in the Taiwan strait escalate to an armed conflict before 2024?,0.096753,0.3385752703975161,0.096753,1.0,0.9048374180359595,0.3867410234545012,0.013715924250583844,0.14176226319167204,0.12827180020128667,0.0548252827539736,10.0,10.0,315,10.5,0.1,0.3499377491111553,china_taiwan_2024_conflict,orthogonal,max,max,max,2023-04-06,2024-08-05,0.73,1,1,bB0Zbz10f5aqWn3JIAju,Will China inspecting ships in the Taiwan strait escalate to an armed conflict before 2024?,0.096753,bB0Zbz10f5aqWn3JIAju,Will China inspecting ships in the Taiwan strait escalate to an armed conflict before 2024?,0.096753,0.685043934037094,0.5934563365384551,0.4065436634615449,2,0.49423876860309934,0.49423876860309934,0.49423876860309934,False,False,False
2023-09-26,oct_selloff_2023,Monetary,monetary_policy,Will the Real-time Sahm Rule Recession Indicator read above 0.5 percentage points by the end of 2023?,0.078756,0.34785731374280965,0.078756,0.5,0.8869204367171575,0.9960079893439915,0.011128904383964364,0.07065432718754357,0.12532953345026615,0.14074454872103556,5.0,10.0,31,1.0333333333333334,0.12,0.8833798408827509,oct_selloff_2023_rates,orthogonal,max,max,max,2023-05-25,2023-10-27,0.36,1,1,rK52OtlkjovFyTcxPrxJ,Will the Real-time Sahm Rule Recession Indicator read above 0.5 percentage points by the end of 2023?,0.078756,rK52OtlkjovFyTcxPrxJ,Will the Real-time Sahm Rule Recession Indicator read above 0.5 percentage points by the end of 2023?,0.078756,0.6875630514404221,0.592570451898937,0.407429548101063,1,0.5059278752894879,0.5059278752894879,0.5059278752894879,True,True,True
2023-09-26,china_taiwan_2024,Kinetic,geopolitical,Will China inspecting ships in the Taiwan strait escalate to an armed conflict before 2024?,0.096753,0.3397057376976125,0.096753,1.0,0.9048374180359595,0.3880323111498719,0.013754283819795859,0.14215873223358302,0.1286305402255006,0.05516218141873301,10.0,10.0,314,10.466666666666667,0.1,0.3511061545353762,china_taiwan_2024_conflict,orthogonal,max,max,max,2023-04-06,2024-08-05,0.73,1,1,bB0Zbz10f5aqWn3JIAju,Will China inspecting ships in the Taiwan strait escalate to an armed conflict before 2024?,0.096753,bB0Zbz10f5aqWn3JIAju,Will China inspecting ships in the Taiwan strait escalate to an armed conflict before 2024?,0.096753,0.6875630514404221,0.592570451898937,0.407429548101063,2,0.49407212471051215,0.49407212471051215,0.49407212471051215,False,False,False
2023-09-27,oct_selloff_2023,Monetary,monetary_policy,Will the Real-time Sahm Rule Recession Indicator read above 0.5 percentage points by the end of 2023?,0.078756,0.3492515295704823,0.078756,0.5,0.8869204367171575,1.0,0.01115541887542811,0.07082266033970816,0.12562812967592973,0.14164532067941632,5.0,10.0,30,1.0,0.12,0.8869204367171575,oct_selloff_2023_rates,orthogonal,max,max,max,2023-05-25,2023-10-27,0.36,1,1,rK52OtlkjovFyTcxPrxJ,Will the Real-time Sahm Rule Recession Indicator read above 0.5 percentage points by the end of 2023?,0.078756,rK52OtlkjovFyTcxPrxJ,Will the Real-time Sahm Rule Recession Indicator read above 0.5 percentage points by the end of 2023?,0.078756,0.6900915090798828,0.5916839381936299,0.40831606180637015,1,0.5060945178649546,0.5060945178649546,0.5060945178649546,True,True,True
2023-09-27,china_taiwan_2024,Kinetic,geopolitical,Will China inspecting ships in the Taiwan strait escalate to an armed conflict before 2024?,0.096753,0.34083997950940054,0.096753,1.0,0.9048374180359595,0.3893279103193587,0.013792729825346097,0.1425560946466373,0.12899008860535316,0.05550106643206402,10.0,10.0,313,10.433333333333334,0.1,0.3522784611427041,china_taiwan_2024_conflict,orthogonal,max,max,max,2023-04-06,2024-08-05,0.73,1,1,bB0Zbz10f5aqWn3JIAju,Will China inspecting ships in the Taiwan strait escalate to an armed conflict before 2024?,0.096753,bB0Zbz10f5aqWn3JIAju,Will China inspecting ships in the Taiwan strait escalate to an armed conflict before 2024?,0.096753,0.6900915090798828,0.5916839381936299,0.40831606180637015,2,0.4939054821350453,0.4939054821350453,0.4939054821350453,False,False,False
2023-09-28,oct_selloff_2023,Monetary,monetary_policy,Will the Real-time Sahm Rule Recession Indicator read above 0.5 percentage points by the end of 2023?,0.078756,0.3506513334300788,0.078756,0.5,0.8904752232974726,1.0,0.01118400583754985,0.07100415103325365,0.12645487449276804,0.1420083020665073,5.0,10.0,29,0.9666666666666667,0.12,0.8904752232974726,oct_selloff_2023_rates,orthogonal,max,max,max,2023-05-25,2023-10-27,0.36,1,1,rK52OtlkjovFyTcxPrxJ,Will the Real-time Sahm Rule Recession Indicator read above 0.5 percentage points by the end of 2023?,0.078756,rK52OtlkjovFyTcxPrxJ,Will the Real-time Sahm Rule Recession Indicator read above 0.5 percentage points by the end of 2023?,0.078756,0.6926293418656573,0.5907968007323893,0.40920319926761073,1,0.5062611590862856,0.5062611590862856,0.5062611590862856,True,True,True
2023-09-28,china_taiwan_2024,Kinetic,geopolitical,Will China inspecting ships in the Taiwan strait escalate to an armed conflict before 2024?,0.096753,0.3419780084355785,0.096753,1.0,0.9048374180359595,0.3906278353585211,0.013831262345405807,0.1429543512387813,0.12935044607190455,0.05584194877948686,10.0,10.0,312,10.4,0.1,0.3534546819587801,china_taiwan_2024_conflict,orthogonal,max,max,max,2023-04-06,2024-08-05,0.73,1,1,bB0Zbz10f5aqWn3JIAju,Will China inspecting ships in the Taiwan strait escalate to an armed conflict before 2024?,0.096753,bB0Zbz10f5aqWn3JIAju,Will China inspecting ships in the Taiwan strait escalate to an armed conflict before 2024?,0.096753,0.6926293418656573,0.5907968007323893,0.40920319926761073,2,0.4937388409137145,0.4937388409137145,0.4937388409137145,False,False,False
2023-09-29,oct_selloff_2023,Monetary,monetary_policy,Will the Real-time Sahm Rule Recession Indicator read above 0.5 percentage points by the end of 2023?,0.078756,0.35205674771849066,0.078756,0.5,0.8940442575003572,1.0,0.01121262469106381,0.07118584419640286,0.12728659043821822,0.14237168839280573,5.0,10.0,28,0.9333333333333333,0.12,0.8940442575003572,oct_selloff_2023_rates,orthogonal,max,max,max,2023-05-25,2023-10-27,0.36,1,1,rK52OtlkjovFyTcxPrxJ,Will the Real-time Sahm Rule Recession Indicator read above 0.5 percentage points by the end of 2023?,0.078756,rK52OtlkjovFyTcxPrxJ,Will the Real-time Sahm Rule Recession Indicator read above 0.5 percentage points by the end of 2023?,0.078756,0.6951765848394147,0.5899090448413259,0.4100909551586741,1,0.5064277989164659,0.5064277989164659,0.5064277989164659,True,True,True
2023-09-29,china_taiwan_2024,Kinetic,geopolitical,Will China inspecting ships in the Taiwan strait escalate to an armed conflict before 2024?,0.096753,0.3431198371209241,0.096753,1.0,0.9048374180359595,0.39193210071098405,0.013869881457535028,0.14335350281164436,0.12971161335049897,0.05618483950124574,10.0,10.0,311,10.366666666666667,0.1,0.35463483005273644,china_taiwan_2024_conflict,orthogonal,max,max,max,2023-04-06,2024-08-05,0.73,1,1,bB0Zbz10f5aqWn3JIAju,Will China inspecting ships in the Taiwan strait escalate to an armed conflict before 2024?,0.096753,bB0Zbz10f5aqWn3JIAju,Will China inspecting ships in the Taiwan strait escalate to an armed conflict before 2024?,0.096753,0.6951765848394147,0.5899090448413259,0.4100909551586741,2,0.4935722010835341,0.4935722010835341,0.4935722010835341,False,False,False
2023-10-02,oct_selloff_2023,Monetary,monetary_policy,Will the Real-time Sahm Rule Recession Indicator read above 0.5 percentage points by the end of 2023?,0.078756,0.3563068784742002,0.078756,0.5,0.9048374180359595,1.0,0.011298670836108577,0.07173212730527563,0.1298118257222647,0.14346425461055126,5.0,10.0,25,0.8333333333333334,0.12,0.9048374180359595,oct_selloff_2023_rates,orthogonal,max,max,max,2023-05-25,2023-10-27,0.36,1,1,rK52OtlkjovFyTcxPrxJ,Will the Real-time Sahm Rule Recession Indicator read above 0.5 percentage points by the end of 2023?,0.078756,rK52OtlkjovFyTcxPrxJ,Will the Real-time Sahm Rule Recession Indicator read above 0.5 percentage points by the end of 2023?,0.078756,0.702875127288082,0.5872421200916549,0.4127578799083451,1,0.5069277096899795,0.5069277096899795,0.5069277096899795,True,True,True
2023-10-02,china_taiwan_2024,Kinetic,geopolitical,Will China inspecting ships in the Taiwan strait escalate to an armed conflict before 2024?,0.096753,0.3465682488138819,0.096753,1.0,0.9048374180359595,0.3958710838087784,0.013986259112685868,0.14455633533519238,0.1307999812254358,0.05722567314056781,10.0,10.0,308,10.266666666666667,0.1,0.358198969348632,china_taiwan_2024_conflict,orthogonal,max,max,max,2023-04-06,2024-08-05,0.73,1,1,bB0Zbz10f5aqWn3JIAju,Will China inspecting ships in the Taiwan strait escalate to an armed conflict before 2024?,0.096753,bB0Zbz10f5aqWn3JIAju,Will China inspecting ships in the Taiwan strait escalate to an armed conflict before 2024?,0.096753,0.702875127288082,0.5872421200916549,0.4127578799083451,2,0.49307229031002064,0.49307229031002064,0.49307229031002064,False,False,False
2023-10-03,oct_selloff_2023,Monetary,monetary_policy,Will the Real-time Sahm Rule Recession Indicator read above 0.5 percentage points by the end of 2023?,0.078756,0.35773496024753515,0.078756,0.5,0.9084640160687062,1.0,0.011327415486864037,0.07191461912021964,0.1306636874000122,0.14382923824043928,5.0,10.0,24,0.8,0.12,0.9084640160687062,oct_selloff_2023_rates,orthogonal,max,max,max,2023-05-25,2023-10-27,0.36,1,1,rK52OtlkjovFyTcxPrxJ,Will the Real-time Sahm Rule Recession Indicator read above 0.5 percentage points by the end of 2023?,0.078756,rK52OtlkjovFyTcxPrxJ,Will the Real-time Sahm Rule Recession Indicator read above 0.5 percentage points by the end of 2023?,0.078756,0.7054603640777175,0.5863519440633744,0.41364805593662557,1,0.5070943435854393,0.5070943435854393,0.5070943435854393,True,True,True
2023-10-03,china_taiwan_2024,Kinetic,geopolitical,Will China inspecting ships in the Taiwan strait escalate to an armed conflict before 2024?,0.096753,0.3477254038301824,0.096753,1.0,0.9048374180359595,0.39719285581762637,0.014025225356325848,0.14495907471939729,0.13116439488998116,0.0575767088644781,10.0,10.0,307,10.233333333333333,0.1,0.35939495812035016,china_taiwan_2024_conflict,orthogonal,max,max,max,2023-04-06,2024-08-05,0.73,1,1,bB0Zbz10f5aqWn3JIAju,Will China inspecting ships in the Taiwan strait escalate to an armed conflict before 2024?,0.096753,bB0Zbz10f5aqWn3JIAju,Will China inspecting ships in the Taiwan strait escalate to an armed conflict before 2024?,0.096753,0.7054603640777175,0.5863519440633744,0.41364805593662557,2,0.4929056564145608,0.4929056564145608,0.4929056564145608,False,False,False
2023-10-04,oct_selloff_2023,Monetary,monetary_policy,Will the Real-time Sahm Rule Recession Indicator read above 0.5 percentage points by the end of 2023?,0.078756,0.3591687657878657,0.078756,0.5,0.9121051495450904,1.0,0.011356191140383396,0.07209730776311261,0.1315206513581445,0.14419461552622523,5.0,10.0,23,0.7666666666666667,0.12,0.9121051495450904,oct_selloff_2023_rates,orthogonal,max,max,max,2023-05-25,2023-10-27,0.36,1,1,rK52OtlkjovFyTcxPrxJ,Will the Real-time Sahm Rule Recession Indicator read above 0.5 percentage points by the end of 2023?,0.078756,rK52OtlkjovFyTcxPrxJ,Will the Real-time Sahm Rule Recession Indicator read above 0.5 percentage points by the end of 2023?,0.078756,0.7080551882535242,0.5854611764755059,0.4145388235244941,1,0.5072609759046957,0.5072609759046957,0.5072609759046957,True,True,True
2023-10-04,china_taiwan_2024,Kinetic,geopolitical,Will China inspecting ships in the Taiwan strait escalate to an armed conflict before 2024?,0.096753,0.34888642246565843,0.096753,1.0,0.9048374180359595,0.3985190410845142,0.014064278570523926,0.14536271299622675,0.13152962190620804,0.057929808992699734,10.0,10.0,306,10.2,0.1,0.3605949401730783,china_taiwan_2024_conflict,orthogonal,max,max,max,2023-04-06,2024-08-05,0.73,1,1,bB0Zbz10f5aqWn3JIAju,Will China inspecting ships in the Taiwan strait escalate to an armed conflict before 2024?,0.096753,bB0Zbz10f5aqWn3JIAju,Will China inspecting ships in the Taiwan strait escalate to an armed conflict before 2024?,0.096753,0.7080551882535242,0.5854611764755059,0.4145388235244941,2,0.49273902409530423,0.49273902409530423,0.49273902409530423,False,False,False
2023-10-05,oct_selloff_2023,Monetary,monetary_policy,Will the Real-time Sahm Rule Recession Indicator read above 0.5 percentage points by the end of 2023?,0.078756,0.3606083180361112,0.078756,0.5,0.9157608767233256,1.0,0.011384997616274662,0.07228019208869585,0.13238274415374898,0.1445603841773917,5.0,10.0,22,0.7333333333333333,0.12,0.9157608767233256,oct_selloff_2023_rates,orthogonal,max,max,max,2023-05-25,2023-10-27,0.36,1,1,rK52OtlkjovFyTcxPrxJ,Will the Real-time Sahm Rule Recession Indicator read above 0.5 percentage points by the end of 2023?,0.078756,rK52OtlkjovFyTcxPrxJ,Will the Real-time Sahm Rule Recession Indicator read above 0.5 percentage points by the end of 2023?,0.078756,0.7106596356566401,0.5845698227491923,0.41543017725080766,1,0.5074276066107425,0.5074276066107425,0.5074276066107425,True,True,True
2023-10-05,china_taiwan_2024,Kinetic,geopolitical,Will China inspecting ships in the Taiwan strait escalate to an armed conflict before 2024?,0.096753,0.350051317620529,0.096753,1.0,0.9048374180359595,0.39984965434484737,0.014103418829086802,0.14576725092851697,0.13189566296435912,0.05828498489856614,10.0,10.0,305,10.166666666666666,0.1,0.36179892883996256,china_taiwan_2024_conflict,orthogonal,max,max,max,2023-04-06,2024-08-05,0.73,1,1,bB0Zbz10f5aqWn3JIAju,Will China inspecting ships in the Taiwan strait escalate to an armed conflict before 2024?,0.096753,bB0Zbz10f5aqWn3JIAju,Will China inspecting ships in the Taiwan strait escalate to an armed conflict before 2024?,0.096753,0.7106596356566401,0.5845698227491923,0.41543017725080766,2,0.49257239338925757,0.49257239338925757,0.49257239338925757,False,False,False
2023-10-06,oct_selloff_2023,Monetary,monetary_policy,Will the Real-time Sahm Rule Recession Indicator read above 0.5 percentage points by the end of 2023?,0.078756,0.3620536400251382,0.078756,0.5,0.9194312560951247,1.0,0.011413834733265507,0.0724632709461216,0.13324999245350788,0.1449265418922432,5.0,10.0,21,0.7,0.12,0.9194312560951247,oct_selloff_2023_rates,orthogonal,max,max,max,2023-05-25,2023-10-27,0.36,1,1,rK52OtlkjovFyTcxPrxJ,Will the Real-time Sahm Rule Recession Indicator read above 0.5 percentage points by the end of 2023?,0.078756,rK52OtlkjovFyTcxPrxJ,Will the Real-time Sahm Rule Recession Indicator read above 0.5 percentage points by the end of 2023?,0.078756,0.7132737422632238,0.5836778883209909,0.4163221116790091,1,0.5075942356665742,0.5075942356665742,0.5075942356665742,True,True,True
2023-10-06,china_taiwan_2024,Kinetic,geopolitical,Will China inspecting ships in the Taiwan strait escalate to an armed conflict before 2024?,0.096753,0.3512201022380856,0.096753,1.0,0.9048374180359595,0.4011847103832314,0.014142646205181223,0.14617268927248997,0.1322625187486924,0.058642248011721965,10.0,10.0,304,10.133333333333333,0.1,0.3630069374986673,china_taiwan_2024_conflict,orthogonal,max,max,max,2023-04-06,2024-08-05,0.73,1,1,bB0Zbz10f5aqWn3JIAju,Will China inspecting ships in the Taiwan strait escalate to an armed conflict before 2024?,0.096753,bB0Zbz10f5aqWn3JIAju,Will China inspecting ships in the Taiwan strait escalate to an armed conflict before 2024?,0.096753,0.7132737422632238,0.5836778883209909,0.4163221116790091,2,0.49240576433342564,0.49240576433342564,0.49240576433342564,False,False,False
2023-10-09,oct_selloff_2023,Monetary,monetary_policy,Will the 10-year Treasury rate hit 5% by the end of 2023?,0.33,1.5353759780884897,0.33,0.5,0.9305308958112057,1.0,0.18354225759183582,0.27809432968459974,0.5175507314428548,0.5561886593691995,5.0,10.0,18,0.6,0.12,0.9305308958112057,oct_selloff_2023_rates,orthogonal,max,max,max,2023-10-09,2023-10-27,0.74,1,2,EHCpVy2PXpeA0LdG0jEx,Will the 10-year Treasury rate hit 5% by the end of 2023?,0.33,EHCpVy2PXpeA0LdG0jEx,Will the 10-year Treasury rate hit 5% by the end of 2023?,0.33,1.8901259010373865,0.3460056877249045,0.6539943122750955,1,0.8123141306332059,0.8123141306332059,0.8123141306332059,True,True,True
2023-10-09,china_taiwan_2024,Kinetic,geopolitical,Will China inspecting ships in the Taiwan strait escalate to an armed conflict before 2024?,0.096753,0.3547499229488969,0.096753,1.0,0.9048374180359595,0.40521668375419645,0.014260851760635688,0.14739441423661992,0.13336798121078586,0.059726675740855446,10.0,10.0,301,10.033333333333333,0.1,0.36665521787324107,china_taiwan_2024_conflict,orthogonal,max,max,max,2023-04-06,2024-08-05,0.73,1,1,bB0Zbz10f5aqWn3JIAju,Will China inspecting ships in the Taiwan strait escalate to an armed conflict before 2024?,0.096753,bB0Zbz10f5aqWn3JIAju,Will China inspecting ships in the Taiwan strait escalate to an armed conflict before 2024?,0.096753,1.8901259010373865,0.3460056877249045,0.6539943122750955,2,0.1876858693667941,0.1876858693667941,0.1876858693667941,False,False,False
2023-10-10,oct_selloff_2023,Monetary,monetary_policy,Will the 10-year Treasury rate hit 5% by the end of 2023?,0.36,1.6816688524389842,0.36,0.5,0.9342604735772135,1.0,0.21665868039245462,0.30091483387840917,0.5622656704113022,0.6018296677568183,5.0,10.0,17,0.5666666666666667,0.12,0.9342604735772135,oct_selloff_2023_rates,orthogonal,max,max,max,2023-10-09,2023-10-27,0.74,1,2,EHCpVy2PXpeA0LdG0jEx,Will the 10-year Treasury rate hit 5% by the end of 2023?,0.36,EHCpVy2PXpeA0LdG0jEx,Will the 10-year Treasury rate hit 5% by the end of 2023?,0.36,2.0376032481555897,0.3292069168701319,0.6707930831298681,1,0.8253171239107553,0.8253171239107553,0.8253171239107553,True,True,True
2023-10-10,china_taiwan_2024,Kinetic,geopolitical,Will China inspecting ships in the Taiwan strait escalate to an armed conflict before 2024?,0.096753,0.35593439571660557,0.096753,1.0,0.9048374180359595,0.4065696597405991,0.014300428325580792,0.1478034616557708,0.13373810262138458,0.060092403113869416,10.0,10.0,300,10.0,0.1,0.3678794411714423,china_taiwan_2024_conflict,orthogonal,max,max,max,2023-04-06,2024-08-05,0.73,1,1,bB0Zbz10f5aqWn3JIAju,Will China inspecting ships in the Taiwan strait escalate to an armed conflict before 2024?,0.096753,bB0Zbz10f5aqWn3JIAju,Will China inspecting ships in the Taiwan strait escalate to an armed conflict before 2024?,0.096753,2.0376032481555897,0.3292069168701319,0.6707930831298681,2,0.1746828760892448,0.1746828760892448,0.1746828760892448,False,False,False
2023-10-11,oct_selloff_2023,Monetary,monetary_policy,Will the 10-year Treasury rate hit 5% by the end of 2023?,0.36,1.6884089991553128,0.36,0.5,0.9380049995307295,1.0,0.21723593767625682,0.3017165801059123,0.5660233211613191,0.6034331602118246,5.0,10.0,16,0.5333333333333333,0.12,0.9380049995307295,oct_selloff_2023_rates,orthogonal,max,max,max,2023-10-09,2023-10-27,0.74,1,2,EHCpVy2PXpeA0LdG0jEx,Will the 10-year Treasury rate hit 5% by the end of 2023?,0.36,EHCpVy2PXpeA0LdG0jEx,Will the 10-year Treasury rate hit 5% by the end of 2023?,0.36,2.045531822469908,0.328349877227356,0.671650122772644,1,0.8254132155796129,0.8254132155796129,0.8254132155796129,True,True,True
2023-10-11,china_taiwan_2024,Kinetic,geopolitical,Will China inspecting ships in the Taiwan strait escalate to an armed conflict before 2024?,0.096753,0.35712282331459516,0.096753,1.0,0.9048374180359595,0.40792715317184836,0.014340092364147796,0.14821341316701078,0.13410904208833493,0.06046027569510166,10.0,10.0,299,9.966666666666667,0.1,0.3691077520227746,china_taiwan_2024_conflict,orthogonal,max,max,max,2023-04-06,2024-08-05,0.73,1,1,bB0Zbz10f5aqWn3JIAju,Will China inspecting ships in the Taiwan strait escalate to an armed conflict before 2024?,0.096753,bB0Zbz10f5aqWn3JIAju,Will China inspecting ships in the Taiwan strait escalate to an armed conflict before 2024?,0.096753,2.045531822469908,0.328349877227356,0.671650122772644,2,0.174586784420387,0.174586784420387,0.174586784420387,False,False,False
2023-10-12,oct_selloff_2023,Monetary,monetary_policy,Will the 10-year Treasury rate hit 5% by the end of 2023?,0.36,1.6951761604516475,0.36,0.5,0.9417645335842487,1.0,0.21781395632911865,0.30251938379044263,0.569804052751201,0.6050387675808853,5.0,10.0,15,0.5,0.12,0.9417645335842487,oct_selloff_2023_rates,orthogonal,max,max,max,2023-10-09,2023-10-27,0.74,1,2,EHCpVy2PXpeA0LdG0jEx,Will the 10-year Treasury rate hit 5% by the end of 2023?,0.36,EHCpVy2PXpeA0LdG0jEx,Will the 10-year Treasury rate hit 5% by the end of 2023?,0.36,2.0534913793992766,0.32749396534950537,0.6725060346504946,1,0.8255092655648499,0.8255092655648499,0.8255092655648499,True,True,True
2023-10-12,china_taiwan_2024,Kinetic,geopolitical,Will China inspecting ships in the Taiwan strait escalate to an armed conflict before 2024?,0.096753,0.358315218947629,0.096753,1.0,0.9048374180359595,0.40928917913121854,0.014379843945577163,0.14862426948598143,0.13448080025917608,0.060830305256894354,10.0,10.0,298,9.933333333333334,0.1,0.3703401640751491,china_taiwan_2024_conflict,orthogonal,max,max,max,2023-04-06,2024-08-05,0.73,1,1,bB0Zbz10f5aqWn3JIAju,Will China inspecting ships in the Taiwan strait escalate to an armed conflict before 2024?,0.096753,bB0Zbz10f5aqWn3JIAju,Will China inspecting ships in the Taiwan strait escalate to an armed conflict before 2024?,0.096753,2.0534913793992766,0.32749396534950537,0.6725060346504946,2,0.17449073443515,0.17449073443515,0.17449073443515,False,False,False
2023-10-13,oct_selloff_2023,Monetary,monetary_policy,Will the 10-year Treasury rate hit 5% by the end of 2023?,0.36,1.701970444602713,0.36,0.5,0.9455391358903963,1.0,0.21839273322506003,0.30332324059036114,0.5736079896065697,0.6066464811807223,5.0,10.0,14,0.4666666666666667,0.12,0.9455391358903963,oct_selloff_2023_rates,orthogonal,max,max,max,2023-10-09,2023-10-27,0.74,1,2,EHCpVy2PXpeA0LdG0jEx,Will the 10-year Treasury rate hit 5% by the end of 2023?,0.36,EHCpVy2PXpeA0LdG0jEx,Will the 10-year Treasury rate hit 5% by the end of 2023?,0.36,2.061482040467273,0.32663918546044135,0.6733608145395586,1,0.8256052738722527,0.8256052738722527,0.8256052738722527,True,True,True
2023-10-13,china_taiwan_2024,Kinetic,geopolitical,Will China inspecting ships in the Taiwan strait escalate to an armed conflict before 2024?,0.096753,0.35951159586455983,0.096753,1.0,0.9048374180359595,0.41065575275234545,0.014419683138440489,0.1490360313214111,0.13485337777519202,0.061202503629516215,10.0,10.0,297,9.9,0.1,0.37157669102204566,china_taiwan_2024_conflict,orthogonal,max,max,max,2023-04-06,2024-08-05,0.73,1,1,bB0Zbz10f5aqWn3JIAju,Will China inspecting ships in the Taiwan strait escalate to an armed conflict before 2024?,0.096753,bB0Zbz10f5aqWn3JIAju,Will China inspecting ships in the Taiwan strait escalate to an armed conflict before 2024?,0.096753,2.061482040467273,0.32663918546044135,0.6733608145395586,2,0.17439472612774734,0.17439472612774734,0.17439472612774734,False,False,False
2023-10-16,oct_selloff_2023,Monetary,monetary_policy,Will the 10-year Treasury rate hit 5% by the end of 2023?,0.35,1.6746694255778316,0.35,0.5,0.9569539574730467,1.0,0.20881507421657425,0.2983072488808204,0.5709326047187963,0.5966144977616408,5.0,10.0,11,0.36666666666666664,0.12,0.9569539574730467,oct_selloff_2023_rates,orthogonal,max,max,max,2023-10-09,2023-10-27,0.74,1,2,EHCpVy2PXpeA0LdG0jEx,Will the 10-year Treasury rate hit 5% by the end of 2023?,0.35,EHCpVy2PXpeA0LdG0jEx,Will the 10-year Treasury rate hit 5% by the end of 2023?,0.35,2.037794173049526,0.3291862262663234,0.6708137737336766,1,0.8218049927347254,0.8218049927347254,0.8218049927347254,True,True,True
2023-10-16,china_taiwan_2024,Kinetic,geopolitical,Will China inspecting ships in the Taiwan strait escalate to an armed conflict before 2024?,0.096753,0.36312474747169454,0.096753,1.0,0.9048374180359595,0.4147829116815813,0.014539727061230122,0.15027675690914102,0.1359760327124847,0.0623322307888387,10.0,10.0,294,9.8,0.1,0.37531109885139946,china_taiwan_2024_conflict,orthogonal,max,max,max,2023-04-06,2024-08-05,0.73,1,1,bB0Zbz10f5aqWn3JIAju,Will China inspecting ships in the Taiwan strait escalate to an armed conflict before 2024?,0.096753,bB0Zbz10f5aqWn3JIAju,Will China inspecting ships in the Taiwan strait escalate to an armed conflict before 2024?,0.096753,2.037794173049526,0.3291862262663234,0.6708137737336766,2,0.1781950072652746,0.1781950072652746,0.1781950072652746,False,False,False
2023-10-17,oct_selloff_2023,Monetary,monetary_policy,Will the 10-year Treasury rate hit 5% by the end of 2023?,0.35,1.6813815185165655,0.35,0.5,0.9607894391523232,1.0,0.2093659252036583,0.299094178862369,0.5747330567258003,0.598188357724738,5.0,10.0,10,0.3333333333333333,0.12,0.9607894391523232,oct_selloff_2023_rates,orthogonal,max,max,max,2023-10-09,2023-10-27,0.74,1,2,EHCpVy2PXpeA0LdG0jEx,Will the 10-year Treasury rate hit 5% by the end of 2023?,0.35,EHCpVy2PXpeA0LdG0jEx,Will the 10-year Treasury rate hit 5% by the end of 2023?,0.35,2.045718701416254,0.328329730363806,0.671670269636194,1,0.8219025994886505,0.8219025994886505,0.8219025994886505,True,True,True
2023-10-17,china_taiwan_2024,Kinetic,geopolitical,Will China inspecting ships in the Taiwan strait escalate to an armed conflict before 2024?,0.096753,0.3643371828996883,0.096753,1.0,0.9048374180359595,0.41616782829921933,0.014579917372022754,0.15069214775792744,0.13635189389557636,0.06271322387416173,10.0,10.0,293,9.766666666666667,0.1,0.3765642232278981,china_taiwan_2024_conflict,orthogonal,max,max,max,2023-04-06,2024-08-05,0.73,1,1,bB0Zbz10f5aqWn3JIAju,Will China inspecting ships in the Taiwan strait escalate to an armed conflict before 2024?,0.096753,bB0Zbz10f5aqWn3JIAju,Will China inspecting ships in the Taiwan strait escalate to an armed conflict before 2024?,0.096753,2.045718701416254,0.328329730363806,0.671670269636194,2,0.17809740051134948,0.17809740051134948,0.17809740051134948,False,False,False
2023-10-18,oct_selloff_2023,Monetary,monetary_policy,Will the 10-year Treasury rate hit 5% by the end of 2023?,0.35,1.6881205135954653,0.35,0.5,0.9646402934831231,1.0,0.20991747369154742,0.29988210527363923,0.5785567240830003,0.5997642105472785,5.0,10.0,9,0.3,0.12,0.9646402934831231,oct_selloff_2023_rates,orthogonal,max,max,max,2023-10-09,2023-10-27,0.74,1,2,EHCpVy2PXpeA0LdG0jEx,Will the 10-year Treasury rate hit 5% by the end of 2023?,0.35,EHCpVy2PXpeA0LdG0jEx,Will the 10-year Treasury rate hit 5% by the end of 2023?,0.35,2.053674180117817,0.3274743607261394,0.6725256392738606,1,0.8220001643584084,0.8220001643584084,0.8220001643584084,True,True,True
2023-10-18,china_taiwan_2024,Kinetic,geopolitical,Will China inspecting ships in the Taiwan strait escalate to an armed conflict before 2024?,0.096753,0.3655536665223516,0.096753,1.0,0.9048374180359595,0.4175573690081201,0.014620195626929108,0.1511084475616168,0.1367285775350755,0.06309644579873018,10.0,10.0,292,9.733333333333333,0.1,0.3778215316551958,china_taiwan_2024_conflict,orthogonal,max,max,max,2023-04-06,2024-08-05,0.73,1,1,bB0Zbz10f5aqWn3JIAju,Will China inspecting ships in the Taiwan strait escalate to an armed conflict before 2024?,0.096753,bB0Zbz10f5aqWn3JIAju,Will China inspecting ships in the Taiwan strait escalate to an armed conflict before 2024?,0.096753,2.053674180117817,0.3274743607261394,0.6725256392738606,2,0.1779998356415915,0.1779998356415915,0.1779998356415915,False,False,False
2023-10-19,oct_selloff_2023,Monetary,monetary_policy,Will the 10-year Treasury rate hit 5% by the end of 2023?,0.49,2.372841126094034,0.49,0.5,0.9685065820791976,1.0,0.3929996839719561,0.4010200856856695,0.7767811850650694,0.802040171371339,5.0,10.0,8,0.26666666666666666,0.12,0.9685065820791976,oct_selloff_2023_rates,orthogonal,max,max,max,2023-10-09,2023-10-27,0.74,1,2,EHCpVy2PXpeA0LdG0jEx,Will the 10-year Treasury rate hit 5% by the end of 2023?,0.49,EHCpVy2PXpeA0LdG0jEx,Will the 10-year Treasury rate hit 5% by the end of 2023?,0.49,2.7396153379502155,0.2674071821911307,0.7325928178088693,1,0.8661220037807926,0.8661220037807926,0.8661220037807926,True,True,True
2023-10-19,china_taiwan_2024,Kinetic,geopolitical,Will China inspecting ships in the Taiwan strait escalate to an armed conflict before 2024?,0.096753,0.3667742118561815,0.096753,1.0,0.9048374180359595,0.418951549247639,0.014660561890420391,0.15152565698655743,0.13710608423391907,0.06348190874528456,10.0,10.0,291,9.7,0.1,0.37908303810339883,china_taiwan_2024_conflict,orthogonal,max,max,max,2023-04-06,2024-08-05,0.73,1,1,bB0Zbz10f5aqWn3JIAju,Will China inspecting ships in the Taiwan strait escalate to an armed conflict before 2024?,0.096753,bB0Zbz10f5aqWn3JIAju,Will China inspecting ships in the Taiwan strait escalate to an armed conflict before 2024?,0.096753,2.7396153379502155,0.2674071821911307,0.7325928178088693,2,0.13387799621920737,0.13387799621920737,0.13387799621920737,False,False,False
2023-10-20,oct_selloff_2023,Monetary,monetary_policy,Will the 10-year Treasury rate hit 5% by the end of 2023?,0.84733,4.119669174208503,0.84733,0.5,0.9723883668012469,1.0,1.0515106691853544,0.620484739821176,1.2067042855596197,1.240969479642352,5.0,10.0,7,0.23333333333333334,0.12,0.9723883668012469,oct_selloff_2023_rates,orthogonal,max,max,max,2023-10-09,2023-10-27,0.74,1,2,EHCpVy2PXpeA0LdG0jEx,Will the 10-year Treasury rate hit 5% by the end of 2023?,0.84733,EHCpVy2PXpeA0LdG0jEx,Will the 10-year Treasury rate hit 5% by the end of 2023?,0.84733,4.487668006671308,0.1822267671412172,0.8177732328587828,1,0.9179977592113001,0.9179977592113001,0.9179977592113001,True,True,True
2023-10-20,china_taiwan_2024,Kinetic,geopolitical,Will China inspecting ships in the Taiwan strait escalate to an armed conflict before 2024?,0.096753,0.3679988324628053,0.096753,1.0,0.9048374180359595,0.4203503845086819,0.014701016226269853,0.15194377669188397,0.1374844145885167,0.06386962495613473,10.0,10.0,290,9.666666666666666,0.1,0.38034875658925854,china_taiwan_2024_conflict,orthogonal,max,max,max,2023-04-06,2024-08-05,0.73,1,1,bB0Zbz10f5aqWn3JIAju,Will China inspecting ships in the Taiwan strait escalate to an armed conflict before 2024?,0.096753,bB0Zbz10f5aqWn3JIAju,Will China inspecting ships in the Taiwan strait escalate to an armed conflict before 2024?,0.096753,4.487668006671308,0.1822267671412172,0.8177732328587828,2,0.08200224078869985,0.08200224078869985,0.08200224078869985,False,False,False
2023-10-23,oct_selloff_2023,Monetary,monetary_policy,Will the Real-time Sahm Rule Recession Indicator read above 0.5 percentage points by the end of 2023?,0.078756,0.3875296560913702,0.078756,0.5,0.9841273200552851,1.0,0.011908573970692346,0.07560423314218818,0.14880838269411326,0.15120846628437637,5.0,10.0,4,0.13333333333333333,0.12,0.9841273200552851,oct_selloff_2023_rates,orthogonal,max,max,max,2023-05-25,2023-10-27,0.36,1,1,rK52OtlkjovFyTcxPrxJ,Will the Real-time Sahm Rule Recession Indicator read above 0.5 percentage points by the end of 2023?,0.078756,rK52OtlkjovFyTcxPrxJ,Will the Real-time Sahm Rule Recession Indicator read above 0.5 percentage points by the end of 2023?,0.078756,0.566284573680518,0.6384535842360753,0.36154641576392466,1,0.6843372998361132,0.6843372998361132,0.6843372998361132,True,True,True
2023-10-23,china_taiwan_2024,Kinetic,geopolitical,Will China inspecting ships in the Taiwan strait escalate to an armed conflict before 2024?,0.04653,0.1787549175891478,0.04653,1.0,0.9048374180359595,0.42457497610688844,0.0035007020102537805,0.07523537524723362,0.06807578268367341,0.031943057647987,10.0,10.0,287,9.566666666666666,0.1,0.38417132514323615,china_taiwan_2024_conflict,orthogonal,max,max,max,2023-04-06,2024-08-05,0.73,1,1,bB0Zbz10f5aqWn3JIAju,Will China inspecting ships in the Taiwan strait escalate to an armed conflict before 2024?,0.04653,bB0Zbz10f5aqWn3JIAju,Will China inspecting ships in the Taiwan strait escalate to an armed conflict before 2024?,0.04653,0.566284573680518,0.6384535842360753,0.36154641576392466,2,0.31566270016388676,0.31566270016388676,0.31566270016388676,False,False,False
2023-10-24,oct_selloff_2023,Monetary,monetary_policy,Will the Real-time Sahm Rule Recession Indicator read above 0.5 percentage points by the end of 2023?,0.078756,0.389082879090771,0.078756,0.5,0.9880717128619305,1.0,0.011937930649621682,0.07579061055425416,0.14977311677838684,0.15158122110850833,5.0,10.0,3,0.1,0.12,0.9880717128619305,oct_selloff_2023_rates,orthogonal,max,max,max,2023-05-25,2023-10-27,0.36,1,1,rK52OtlkjovFyTcxPrxJ,Will the Real-time Sahm Rule Recession Indicator read above 0.5 percentage points by the end of 2023?,0.078756,rK52OtlkjovFyTcxPrxJ,Will the Real-time Sahm Rule Recession Indicator read above 0.5 percentage points by the end of 2023?,0.078756,0.568434640592437,0.6375783689795802,0.3624216310204198,1,0.6844812953082151,0.6844812953082151,0.6844812953082151,True,True,True
2023-10-24,china_taiwan_2024,Kinetic,geopolitical,Will China inspecting ships in the Taiwan strait escalate to an armed conflict before 2024?,0.04653,0.179351761501666,0.04653,1.0,0.9048374180359595,0.4259925874001307,0.0035102960610047425,0.07544156589307419,0.06826235169527896,0.03213754785230812,10.0,10.0,286,9.533333333333333,0.1,0.38545403288559205,china_taiwan_2024_conflict,orthogonal,max,max,max,2023-04-06,2024-08-05,0.73,1,1,bB0Zbz10f5aqWn3JIAju,Will China inspecting ships in the Taiwan strait escalate to an armed conflict before 2024?,0.04653,bB0Zbz10f5aqWn3JIAju,Will China inspecting ships in the Taiwan strait escalate to an armed conflict before 2024?,0.04653,0.568434640592437,0.6375783689795802,0.3624216310204198,2,0.3155187046917849,0.3155187046917849,0.3155187046917849,False,False,False
2023-10-25,oct_selloff_2023,Monetary,monetary_policy,Will the Real-time Sahm Rule Recession Indicator read above 0.5 percentage points by the end of 2023?,0.078756,0.39064232742453775,0.078756,0.5,0.9920319148370607,1.0,0.011967314363463096,0.07597715960347844,0.15074353425063935,0.15195431920695687,5.0,10.0,2,0.06666666666666667,0.12,0.9920319148370607,oct_selloff_2023_rates,orthogonal,max,max,max,2023-05-25,2023-10-27,0.36,1,1,rK52OtlkjovFyTcxPrxJ,Will the Real-time Sahm Rule Recession Indicator read above 0.5 percentage points by the end of 2023?,0.078756,rK52OtlkjovFyTcxPrxJ,Will the Real-time Sahm Rule Recession Indicator read above 0.5 percentage points by the end of 2023?,0.078756,0.5705929256379172,0.6367022184273731,0.36329778157262693,1,0.684625255365379,0.684625255365379,0.684625255365379,True,True,True
2023-10-25,china_taiwan_2024,Kinetic,geopolitical,Will China inspecting ships in the Taiwan strait escalate to an armed conflict before 2024?,0.04653,0.17995059821337941,0.04653,1.0,0.9048374180359595,0.42741493194872665,0.0035199106529954067,0.07564819800119077,0.06844932015847048,0.03233316940072275,10.0,10.0,285,9.5,0.1,0.3867410234545012,china_taiwan_2024_conflict,orthogonal,max,max,max,2023-04-06,2024-08-05,0.73,1,1,bB0Zbz10f5aqWn3JIAju,Will China inspecting ships in the Taiwan strait escalate to an armed conflict before 2024?,0.04653,bB0Zbz10f5aqWn3JIAju,Will China inspecting ships in the Taiwan strait escalate to an armed conflict before 2024?,0.04653,0.5705929256379172,0.6367022184273731,0.36329778157262693,2,0.315374744634621,0.315374744634621,0.315374744634621,False,False,False
2023-10-26,oct_selloff_2023,Monetary,monetary_policy,Will the Real-time Sahm Rule Recession Indicator read above 0.5 percentage points by the end of 2023?,0.078756,0.392208026043877,0.078756,0.5,0.9960079893439915,1.0,0.011996724914185837,0.07616387903261869,0.1517196640318351,0.15232775806523738,5.0,10.0,1,0.03333333333333333,0.12,0.9960079893439915,oct_selloff_2023_rates,orthogonal,max,max,max,2023-05-25,2023-10-27,0.36,1,1,rK52OtlkjovFyTcxPrxJ,Will the Real-time Sahm Rule Recession Indicator read above 0.5 percentage points by the end of 2023?,0.078756,rK52OtlkjovFyTcxPrxJ,Will the Real-time Sahm Rule Recession Indicator read above 0.5 percentage points by the end of 2023?,0.078756,0.5727594604219124,0.6358251373873393,0.36417486261266074,1,0.6847691799886891,0.6847691799886891,0.6847691799886891,True,True,True
2023-10-26,china_taiwan_2024,Kinetic,geopolitical,Will China inspecting ships in the Taiwan strait escalate to an armed conflict before 2024?,0.04653,0.18055143437803542,0.04653,1.0,0.9048374180359595,0.42884202555651935,0.003529545798679871,0.07585527183924073,0.06863668831543442,0.032529928424680395,10.0,10.0,284,9.466666666666667,0.1,0.3880323111498719,china_taiwan_2024_conflict,orthogonal,max,max,max,2023-04-06,2024-08-05,0.73,1,1,bB0Zbz10f5aqWn3JIAju,Will China inspecting ships in the Taiwan strait escalate to an armed conflict before 2024?,0.04653,bB0Zbz10f5aqWn3JIAju,Will China inspecting ships in the Taiwan strait escalate to an armed conflict before 2024?,0.04653,0.5727594604219124,0.6358251373873393,0.36417486261266074,2,0.3152308200113109,0.3152308200113109,0.3152308200113109,False,False,False
2023-10-27,oct_selloff_2023,Monetary,monetary_policy,Will the Real-time Sahm Rule Recession Indicator read above 0.5 percentage points by the end of 2023?,0.078756,0.392208026043877,0.078756,0.5,0.9960079893439915,1.0,0.011996724914185837,0.07616387903261869,0.1517196640318351,0.15232775806523738,5.0,10.0,1,0.03333333333333333,0.12,0.9960079893439915,oct_selloff_2023_rates,orthogonal,max,max,max,2023-05-25,2023-10-27,0.36,1,1,rK52OtlkjovFyTcxPrxJ,Will the Real-time Sahm Rule Recession Indicator read above 0.5 percentage points by the end of 2023?,0.078756,rK52OtlkjovFyTcxPrxJ,Will the Real-time Sahm Rule Recession Indicator read above 0.5 percentage points by the end of 2023?,0.078756,0.5733623027154746,0.6355815175399172,0.3644184824600828,1,0.6840492027228835,0.6840492027228835,0.6840492027228835,True,True,True
2023-10-27,china_taiwan_2024,Kinetic,geopolitical,Will China inspecting ships in the Taiwan strait escalate to an armed conflict before 2024?,0.04653,0.1811542766715976,0.04653,1.0,0.9048374180359595,0.4302738840801191,0.003539201510336678,0.07606278767110848,0.06882445640494321,0.03272783108520924,10.0,10.0,283,9.433333333333334,0.1,0.3893279103193587,china_taiwan_2024_conflict,orthogonal,max,max,max,2023-04-06,2024-08-05,0.73,1,1,bB0Zbz10f5aqWn3JIAju,Will China inspecting ships in the Taiwan strait escalate to an armed conflict before 2024?,0.04653,bB0Zbz10f5aqWn3JIAju,Will China inspecting ships in the Taiwan strait escalate to an armed conflict before 2024?,0.04653,0.5733623027154746,0.6355815175399172,0.3644184824600828,2,0.3159507972771165,0.3159507972771165,0.3159507972771165,False,False,False
2023-10-30,oct_selloff_2023,Monetary,monetary_policy,Will the Real-time Sahm Rule Recession Indicator read above 0.5 percentage points by the end of 2023?,0.078756,0.392208026043877,0.078756,0.5,0.9960079893439915,1.0,0.011996724914185837,0.07616387903261869,0.1517196640318351,0.15232775806523738,5.0,10.0,1,0.03333333333333333,0.12,0.9960079893439915,oct_selloff_2023_rates,orthogonal,max,max,max,2023-05-25,2023-10-27,0.36,1,1,rK52OtlkjovFyTcxPrxJ,Will the Real-time Sahm Rule Recession Indicator read above 0.5 percentage points by the end of 2023?,0.078756,rK52OtlkjovFyTcxPrxJ,Will the Real-time Sahm Rule Recession Indicator read above 0.5 percentage points by the end of 2023?,0.078756,0.5751829334640357,0.6348468985763245,0.3651531014236755,1,0.6818839767755391,0.6818839767755391,0.6818839767755391,True,True,True
2023-10-30,china_taiwan_2024,Kinetic,geopolitical,Will China inspecting ships in the Taiwan strait escalate to an armed conflict before 2024?,0.04653,0.18297490742015876,0.04653,1.0,0.9048374180359595,0.43459820850707814,0.0035682921612728512,0.07668798971143027,0.0693901626048588,0.033328462942596844,10.0,10.0,280,9.333333333333334,0.1,0.3932407208685982,china_taiwan_2024_conflict,orthogonal,max,max,max,2023-04-06,2024-08-05,0.73,1,1,bB0Zbz10f5aqWn3JIAju,Will China inspecting ships in the Taiwan strait escalate to an armed conflict before 2024?,0.04653,bB0Zbz10f5aqWn3JIAju,Will China inspecting ships in the Taiwan strait escalate to an armed conflict before 2024?,0.04653,0.5751829334640357,0.6348468985763245,0.3651531014236755,2,0.318116023224461,0.318116023224461,0.318116023224461,False,False,False
2023-10-31,oct_selloff_2023,Monetary,monetary_policy,Will the Real-time Sahm Rule Recession Indicator read above 0.5 percentage points by the end of 2023?,0.078756,0.392208026043877,0.078756,0.5,0.9960079893439915,1.0,0.011996724914185837,0.07616387903261869,0.1517196640318351,0.15232775806523738,5.0,10.0,1,0.03333333333333333,0.12,0.9960079893439915,oct_selloff_2023_rates,orthogonal,max,max,max,2023-05-25,2023-10-27,0.36,1,1,rK52OtlkjovFyTcxPrxJ,Will the Real-time Sahm Rule Recession Indicator read above 0.5 percentage points by the end of 2023?,0.078756,rK52OtlkjovFyTcxPrxJ,Will the Real-time Sahm Rule Recession Indicator read above 0.5 percentage points by the end of 2023?,0.078756,0.575793867479783,0.6346007689440571,0.36539923105594285,1,0.6811604780727333,0.6811604780727333,0.6811604780727333,True,True,True
2023-10-31,china_taiwan_2024,Kinetic,geopolitical,Will China inspecting ships in the Taiwan strait escalate to an armed conflict before 2024?,0.04653,0.183585841435906,0.04653,1.0,0.9048374180359595,0.43604928632153556,0.0035780302560593875,0.07689727608122475,0.06957953274333374,0.033531002355288136,10.0,10.0,279,9.3,0.1,0.3945537103716011,china_taiwan_2024_conflict,orthogonal,max,max,max,2023-04-06,2024-08-05,0.73,1,1,bB0Zbz10f5aqWn3JIAju,Will China inspecting ships in the Taiwan strait escalate to an armed conflict before 2024?,0.04653,bB0Zbz10f5aqWn3JIAju,Will China inspecting ships in the Taiwan strait escalate to an armed conflict before 2024?,0.04653,0.575793867479783,0.6346007689440571,0.36539923105594285,2,0.3188395219272668,0.3188395219272668,0.3188395219272668,False,False,False
2023-11-01,oct_selloff_2023,Monetary,monetary_policy,Will the Real-time Sahm Rule Recession Indicator read above 0.5 percentage points by the end of 2023?,0.078756,0.392208026043877,0.078756,0.5,0.9960079893439915,1.0,0.011996724914185837,0.07616387903261869,0.1517196640318351,0.15232775806523738,5.0,10.0,1,0.03333333333333333,0.12,0.9960079893439915,oct_selloff_2023_rates,orthogonal,max,max,max,2023-05-25,2023-10-27,0.36,1,1,rK52OtlkjovFyTcxPrxJ,Will the Real-time Sahm Rule Recession Indicator read above 0.5 percentage points by the end of 2023?,0.078756,rK52OtlkjovFyTcxPrxJ,Will the Real-time Sahm Rule Recession Indicator read above 0.5 percentage points by the end of 2023?,0.078756,0.5764068413401016,0.6343540092416126,0.36564599075838744,1,0.6804361050469552,0.6804361050469552,0.6804361050469552,True,True,True
2023-11-01,china_taiwan_2024,Kinetic,geopolitical,Will China inspecting ships in the Taiwan strait escalate to an armed conflict before 2024?,0.04653,0.1841988152962246,0.04653,1.0,0.9048374180359595,0.43750520913254926,0.003587788975543716,0.07710700570693566,0.06976930395634766,0.03373471665739756,10.0,10.0,278,9.266666666666667,0.1,0.3958710838087784,china_taiwan_2024_conflict,orthogonal,max,max,max,2023-04-06,2024-08-05,0.73,1,1,bB0Zbz10f5aqWn3JIAju,Will China inspecting ships in the Taiwan strait escalate to an armed conflict before 2024?,0.04653,bB0Zbz10f5aqWn3JIAju,Will China inspecting ships in the Taiwan strait escalate to an armed conflict before 2024?,0.04653,0.5764068413401016,0.6343540092416126,0.36564599075838744,2,0.3195638949530448,0.3195638949530448,0.3195638949530448,False,False,False
2023-11-02,oct_selloff_2023,Monetary,monetary_policy,Will the Real-time Sahm Rule Recession Indicator read above 0.5 percentage points by the end of 2023?,0.078756,0.392208026043877,0.078756,0.5,0.9960079893439915,1.0,0.011996724914185837,0.07616387903261869,0.1517196640318351,0.15232775806523738,5.0,10.0,1,0.03333333333333333,0.12,0.9960079893439915,oct_selloff_2023_rates,orthogonal,max,max,max,2023-05-25,2023-10-27,0.36,1,1,rK52OtlkjovFyTcxPrxJ,Will the Real-time Sahm Rule Recession Indicator read above 0.5 percentage points by the end of 2023?,0.078756,rK52OtlkjovFyTcxPrxJ,Will the Real-time Sahm Rule Recession Indicator read above 0.5 percentage points by the end of 2023?,0.078756,0.5770218618558185,0.6341066184226598,0.3658933815773402,1,0.6797108601439416,0.6797108601439416,0.6797108601439416,True,True,True
2023-11-02,china_taiwan_2024,Kinetic,geopolitical,Will China inspecting ships in the Taiwan strait escalate to an armed conflict before 2024?,0.04653,0.18481383581194155,0.04653,1.0,0.9048374180359595,0.4389659931170545,0.0035975683309307028,0.0773171788293725,0.06995947646179396,0.0339396121898444,10.0,10.0,277,9.233333333333333,0.1,0.39719285581762637,china_taiwan_2024_conflict,orthogonal,max,max,max,2023-04-06,2024-08-05,0.73,1,1,bB0Zbz10f5aqWn3JIAju,Will China inspecting ships in the Taiwan strait escalate to an armed conflict before 2024?,0.04653,bB0Zbz10f5aqWn3JIAju,Will China inspecting ships in the Taiwan strait escalate to an armed conflict before 2024?,0.04653,0.5770218618558185,0.6341066184226598,0.3658933815773402,2,0.32028913985605856,0.32028913985605856,0.32028913985605856,False,False,False
2023-11-03,oct_selloff_2023,Monetary,monetary_policy,Will the Real-time Sahm Rule Recession Indicator read above 0.5 percentage points by the end of 2023?,0.078756,0.392208026043877,0.078756,0.5,0.9960079893439915,1.0,0.011996724914185837,0.07616387903261869,0.1517196640318351,0.15232775806523738,5.0,10.0,1,0.03333333333333333,0.12,0.9960079893439915,oct_selloff_2023_rates,orthogonal,max,max,max,2023-05-25,2023-10-27,0.36,1,1,rK52OtlkjovFyTcxPrxJ,Will the Real-time Sahm Rule Recession Indicator read above 0.5 percentage points by the end of 2023?,0.078756,rK52OtlkjovFyTcxPrxJ,Will the Real-time Sahm Rule Recession Indicator read above 0.5 percentage points by the end of 2023?,0.078756,0.5776389358605014,0.6338585954425394,0.3661414045574606,1,0.678984745825019,0.678984745825019,0.678984745825019,True,True,True
2023-11-03,china_taiwan_2024,Kinetic,geopolitical,Will China inspecting ships in the Taiwan strait escalate to an armed conflict before 2024?,0.04653,0.18543090981662447,0.04653,1.0,0.9048374180359595,0.4404316545059993,0.003607368333242873,0.07752779568542603,0.07015005047402029,0.034145695323935264,10.0,10.0,276,9.2,0.1,0.3985190410845142,china_taiwan_2024_conflict,orthogonal,max,max,max,2023-04-06,2024-08-05,0.73,1,1,bB0Zbz10f5aqWn3JIAju,Will China inspecting ships in the Taiwan strait escalate to an armed conflict before 2024?,0.04653,bB0Zbz10f5aqWn3JIAju,Will China inspecting ships in the Taiwan strait escalate to an armed conflict before 2024?,0.04653,0.5776389358605014,0.6338585954425394,0.3661414045574606,2,0.3210152541749811,0.3210152541749811,0.3210152541749811,False,False,False
2023-11-06,oct_selloff_2023,Monetary,monetary_policy,Will the Real-time Sahm Rule Recession Indicator read above 0.5 percentage points by the end of 2023?,0.099873,0.4973715295987623,0.099873,0.5,0.9960079893439915,1.0,0.019135694964263508,0.09580014100038803,0.19083541163333473,0.19160028200077606,5.0,10.0,1,0.03333333333333333,0.12,0.9960079893439915,oct_selloff_2023_rates,orthogonal,max,max,max,2023-05-25,2023-10-27,0.36,1,1,rK52OtlkjovFyTcxPrxJ,Will the Real-time Sahm Rule Recession Indicator read above 0.5 percentage points by the end of 2023?,0.099873,rK52OtlkjovFyTcxPrxJ,Will the Real-time Sahm Rule Recession Indicator read above 0.5 percentage points by the end of 2023?,0.099873,0.6846660510416132,0.5935894531629633,0.4064105468370367,1,0.7264439778226023,0.7264439778226023,0.7264439778226023,True,True,True
2023-11-06,china_taiwan_2024,Kinetic,geopolitical,Will China inspecting ships in the Taiwan strait escalate to an armed conflict before 2024?,0.04653,0.18729452144285083,0.04653,1.0,0.9048374180359595,0.4448580662229411,0.0036368923292004578,0.07816231096497868,0.07072418364127507,0.0347711345073966,10.0,10.0,273,9.1,0.1,0.4025242240336359,china_taiwan_2024_conflict,orthogonal,max,max,max,2023-04-06,2024-08-05,0.73,1,1,bB0Zbz10f5aqWn3JIAju,Will China inspecting ships in the Taiwan strait escalate to an armed conflict before 2024?,0.04653,bB0Zbz10f5aqWn3JIAju,Will China inspecting ships in the Taiwan strait escalate to an armed conflict before 2024?,0.04653,0.6846660510416132,0.5935894531629633,0.4064105468370367,2,0.2735560221773977,0.2735560221773977,0.2735560221773977,False,False,False
2023-11-07,oct_selloff_2023,Monetary,monetary_policy,Will the Real-time Sahm Rule Recession Indicator read above 0.5 percentage points by the end of 2023?,0.099873,0.4973715295987623,0.099873,0.5,0.9960079893439915,1.0,0.019135694964263508,0.09580014100038803,0.19083541163333473,0.19160028200077606,5.0,10.0,1,0.03333333333333333,0.12,0.9960079893439915,oct_selloff_2023_rates,orthogonal,max,max,max,2023-05-25,2023-10-27,0.36,1,1,rK52OtlkjovFyTcxPrxJ,Will the Real-time Sahm Rule Recession Indicator read above 0.5 percentage points by the end of 2023?,0.099873,rK52OtlkjovFyTcxPrxJ,Will the Real-time Sahm Rule Recession Indicator read above 0.5 percentage points by the end of 2023?,0.099873,0.6852914077953116,0.5933691914493258,0.40663080855067424,1,0.7257810676466576,0.7257810676466576,0.7257810676466576,True,True,True
2023-11-07,china_taiwan_2024,Kinetic,geopolitical,Will China inspecting ships in the Taiwan strait escalate to an armed conflict before 2024?,0.04653,0.18791987819654926,0.04653,1.0,0.9048374180359595,0.44634340062571287,0.003646775025758118,0.07837470504530664,0.07091636575252515,0.034982032372959375,10.0,10.0,272,9.066666666666666,0.1,0.4038682101795599,china_taiwan_2024_conflict,orthogonal,max,max,max,2023-04-06,2024-08-05,0.73,1,1,bB0Zbz10f5aqWn3JIAju,Will China inspecting ships in the Taiwan strait escalate to an armed conflict before 2024?,0.04653,bB0Zbz10f5aqWn3JIAju,Will China inspecting ships in the Taiwan strait escalate to an armed conflict before 2024?,0.04653,0.6852914077953116,0.5933691914493258,0.40663080855067424,2,0.27421893235334227,0.27421893235334227,0.27421893235334227,False,False,False
2023-11-08,oct_selloff_2023,Monetary,monetary_policy,Will the Real-time Sahm Rule Recession Indicator read above 0.5 percentage points by the end of 2023?,0.099873,0.4973715295987623,0.099873,0.5,0.9960079893439915,1.0,0.019135694964263508,0.09580014100038803,0.19083541163333473,0.19160028200077606,5.0,10.0,1,0.03333333333333333,0.12,0.9960079893439915,oct_selloff_2023_rates,orthogonal,max,max,max,2023-05-25,2023-10-27,0.36,1,1,rK52OtlkjovFyTcxPrxJ,Will the Real-time Sahm Rule Recession Indicator read above 0.5 percentage points by the end of 2023?,0.099873,rK52OtlkjovFyTcxPrxJ,Will the Real-time Sahm Rule Recession Indicator read above 0.5 percentage points by the end of 2023?,0.099873,0.6859188525495898,0.5931483585272891,0.4068516414727109,1,0.725117158902997,0.725117158902997,0.725117158902997,True,True,True
2023-11-08,china_taiwan_2024,Kinetic,geopolitical,Will China inspecting ships in the Taiwan strait escalate to an armed conflict before 2024?,0.04653,0.1885473229508276,0.04653,1.0,0.9048374180359595,0.4478336944041946,0.003656678421584737,0.0785875439841981,0.07110895038844921,0.03519415015659557,10.0,10.0,271,9.033333333333333,0.1,0.4052166837541964,china_taiwan_2024_conflict,orthogonal,max,max,max,2023-04-06,2024-08-05,0.73,1,1,bB0Zbz10f5aqWn3JIAju,Will China inspecting ships in the Taiwan strait escalate to an armed conflict before 2024?,0.04653,bB0Zbz10f5aqWn3JIAju,Will China inspecting ships in the Taiwan strait escalate to an armed conflict before 2024?,0.04653,0.6859188525495898,0.5931483585272891,0.4068516414727109,2,0.2748828410970031,0.2748828410970031,0.2748828410970031,False,False,False
2023-11-09,oct_selloff_2023,Monetary,monetary_policy,Will the Real-time Sahm Rule Recession Indicator read above 0.5 percentage points by the end of 2023?,0.099873,0.4973715295987623,0.099873,0.5,0.9960079893439915,1.0,0.019135694964263508,0.09580014100038803,0.19083541163333473,0.19160028200077606,5.0,10.0,1,0.03333333333333333,0.12,0.9960079893439915,oct_selloff_2023_rates,orthogonal,max,max,max,2023-05-25,2023-10-27,0.36,1,1,rK52OtlkjovFyTcxPrxJ,Will the Real-time Sahm Rule Recession Indicator read above 0.5 percentage points by the end of 2023?,0.099873,rK52OtlkjovFyTcxPrxJ,Will the Real-time Sahm Rule Recession Indicator read above 0.5 percentage points by the end of 2023?,0.099873,0.6865483922760631,0.5929269534036085,0.40707304659639154,1,0.7244522530303555,0.7244522530303555,0.7244522530303555,True,True,True
2023-11-09,china_taiwan_2024,Kinetic,geopolitical,Will China inspecting ships in the Taiwan strait escalate to an armed conflict before 2024?,0.04653,0.18917686267730077,0.04653,1.0,0.9048374180359595,0.44932896411722156,0.0036666025265885333,0.0788008279945956,0.07130193774172565,0.03540749441439099,10.0,10.0,270,9.0,0.1,0.40656965974059905,china_taiwan_2024_conflict,orthogonal,max,max,max,2023-04-06,2024-08-05,0.73,1,1,bB0Zbz10f5aqWn3JIAju,Will China inspecting ships in the Taiwan strait escalate to an armed conflict before 2024?,0.04653,bB0Zbz10f5aqWn3JIAju,Will China inspecting ships in the Taiwan strait escalate to an armed conflict before 2024?,0.04653,0.6865483922760631,0.5929269534036085,0.40707304659639154,2,0.27554774696964435,0.27554774696964435,0.27554774696964435,False,False,False
2023-11-10,oct_selloff_2023,Monetary,monetary_policy,Will the Real-time Sahm Rule Recession Indicator read above 0.5 percentage points by the end of 2023?,0.099873,0.4973715295987623,0.099873,0.5,0.9960079893439915,1.0,0.019135694964263508,0.09580014100038803,0.19083541163333473,0.19160028200077606,5.0,10.0,1,0.03333333333333333,0.12,0.9960079893439915,oct_selloff_2023_rates,orthogonal,max,max,max,2023-05-25,2023-10-27,0.36,1,1,rK52OtlkjovFyTcxPrxJ,Will the Real-time Sahm Rule Recession Indicator read above 0.5 percentage points by the end of 2023?,0.099873,rK52OtlkjovFyTcxPrxJ,Will the Real-time Sahm Rule Recession Indicator read above 0.5 percentage points by the end of 2023?,0.099873,0.6871800339696233,0.5927049750862595,0.4072950249137405,1,0.7237863514828903,0.7237863514828903,0.7237863514828903,True,True,True
2023-11-10,china_taiwan_2024,Kinetic,geopolitical,Will China inspecting ships in the Taiwan strait escalate to an armed conflict before 2024?,0.04653,0.18980850437086105,0.04653,1.0,0.9048374180359595,0.450829226378917,0.0036765473504886187,0.07901455728537758,0.07149532800135547,0.03562207173363939,10.0,10.0,269,8.966666666666667,0.1,0.40792715317184836,china_taiwan_2024_conflict,orthogonal,max,max,max,2023-04-06,2024-08-05,0.73,1,1,bB0Zbz10f5aqWn3JIAju,Will China inspecting ships in the Taiwan strait escalate to an armed conflict before 2024?,0.04653,bB0Zbz10f5aqWn3JIAju,Will China inspecting ships in the Taiwan strait escalate to an armed conflict before 2024?,0.04653,0.6871800339696233,0.5927049750862595,0.4072950249137405,2,0.2762136485171097,0.2762136485171097,0.2762136485171097,False,False,False
2023-11-13,oct_selloff_2023,Monetary,monetary_policy,Will the Real-time Sahm Rule Recession Indicator read above 0.5 percentage points by the end of 2023?,0.099873,0.4973715295987623,0.099873,0.5,0.9960079893439915,1.0,0.019135694964263508,0.09580014100038803,0.19083541163333473,0.19160028200077606,5.0,10.0,1,0.03333333333333333,0.12,0.9960079893439915,oct_selloff_2023_rates,orthogonal,max,max,max,2023-05-25,2023-10-27,0.36,1,1,rK52OtlkjovFyTcxPrxJ,Will the Real-time Sahm Rule Recession Indicator read above 0.5 percentage points by the end of 2023?,0.099873,rK52OtlkjovFyTcxPrxJ,Will the Real-time Sahm Rule Recession Indicator read above 0.5 percentage points by the end of 2023?,0.099873,0.6890876411525466,0.5920355910707222,0.40796440892927777,1,0.7217826875647836,0.7217826875647836,0.7217826875647836,True,True,True
2023-11-13,china_taiwan_2024,Kinetic,geopolitical,Will China inspecting ships in the Taiwan strait escalate to an armed conflict before 2024?,0.04653,0.19171611155378426,0.04653,1.0,0.9048374180359595,0.45536013543045134,0.003706506229900974,0.07965841886741831,0.07207791805282174,0.03627326840364322,10.0,10.0,266,8.866666666666667,0.1,0.41202688921939445,china_taiwan_2024_conflict,orthogonal,max,max,max,2023-04-06,2024-08-05,0.73,1,1,bB0Zbz10f5aqWn3JIAju,Will China inspecting ships in the Taiwan strait escalate to an armed conflict before 2024?,0.04653,bB0Zbz10f5aqWn3JIAju,Will China inspecting ships in the Taiwan strait escalate to an armed conflict before 2024?,0.04653,0.6890876411525466,0.5920355910707222,0.40796440892927777,2,0.2782173124352163,0.2782173124352163,0.2782173124352163,False,False,False
2023-11-14,oct_selloff_2023,Monetary,monetary_policy,Will the Real-time Sahm Rule Recession Indicator read above 0.5 percentage points by the end of 2023?,0.099873,0.4973715295987623,0.099873,0.5,0.9960079893439915,1.0,0.019135694964263508,0.09580014100038803,0.19083541163333473,0.19160028200077606,5.0,10.0,1,0.03333333333333333,0.12,0.9960079893439915,oct_selloff_2023_rates,orthogonal,max,max,max,2023-05-25,2023-10-27,0.36,1,1,rK52OtlkjovFyTcxPrxJ,Will the Real-time Sahm Rule Recession Indicator read above 0.5 percentage points by the end of 2023?,0.099873,rK52OtlkjovFyTcxPrxJ,Will the Real-time Sahm Rule Recession Indicator read above 0.5 percentage points by the end of 2023?,0.099873,0.6897277611316541,0.5918113100836281,0.4081886899163719,1,0.7211128181685945,0.7211128181685945,0.7211128181685945,True,True,True
2023-11-14,china_taiwan_2024,Kinetic,geopolitical,Will China inspecting ships in the Taiwan strait escalate to an armed conflict before 2024?,0.04653,0.1923562315328918,0.04653,1.0,0.9048374180359595,0.456880535140292,0.0037165340227615718,0.07987393128651563,0.07227292175367245,0.036492844469942165,10.0,10.0,265,8.833333333333334,0.1,0.41340260376722926,china_taiwan_2024_conflict,orthogonal,max,max,max,2023-04-06,2024-08-05,0.73,1,1,bB0Zbz10f5aqWn3JIAju,Will China inspecting ships in the Taiwan strait escalate to an armed conflict before 2024?,0.04653,bB0Zbz10f5aqWn3JIAju,Will China inspecting ships in the Taiwan strait escalate to an armed conflict before 2024?,0.04653,0.6897277611316541,0.5918113100836281,0.4081886899163719,2,0.27888718183140543,0.27888718183140543,0.27888718183140543,False,False,False
2023-11-15,oct_selloff_2023,Monetary,monetary_policy,Will the Real-time Sahm Rule Recession Indicator read above 0.5 percentage points by the end of 2023?,0.099873,0.4973715295987623,0.099873,0.5,0.9960079893439915,1.0,0.019135694964263508,0.09580014100038803,0.19083541163333473,0.19160028200077606,5.0,10.0,1,0.03333333333333333,0.12,0.9960079893439915,oct_selloff_2023_rates,orthogonal,max,max,max,2023-05-25,2023-10-27,0.36,1,1,rK52OtlkjovFyTcxPrxJ,Will the Real-time Sahm Rule Recession Indicator read above 0.5 percentage points by the end of 2023?,0.099873,rK52OtlkjovFyTcxPrxJ,Will the Real-time Sahm Rule Recession Indicator read above 0.5 percentage points by the end of 2023?,0.099873,0.6903700184042021,0.5915864509618151,0.40841354903818494,1,0.720441960600262,0.720441960600262,0.720441960600262,True,True,True
2023-11-15,china_taiwan_2024,Kinetic,geopolitical,Will China inspecting ships in the Taiwan strait escalate to an armed conflict before 2024?,0.04653,0.1929984888054398,0.04653,1.0,0.9048374180359595,0.45840601130522346,0.003726582580243758,0.08008988996870314,0.07246832925006545,0.03671368700642744,10.0,10.0,264,8.8,0.1,0.41478291168158127,china_taiwan_2024_conflict,orthogonal,max,max,max,2023-04-06,2024-08-05,0.73,1,1,bB0Zbz10f5aqWn3JIAju,Will China inspecting ships in the Taiwan strait escalate to an armed conflict before 2024?,0.04653,bB0Zbz10f5aqWn3JIAju,Will China inspecting ships in the Taiwan strait escalate to an armed conflict before 2024?,0.04653,0.6903700184042021,0.5915864509618151,0.40841354903818494,2,0.279558039399738,0.279558039399738,0.279558039399738,False,False,False
2023-11-16,oct_selloff_2023,Monetary,monetary_policy,Will the Real-time Sahm Rule Recession Indicator read above 0.5 percentage points by the end of 2023?,0.099873,0.4973715295987623,0.099873,0.5,0.9960079893439915,1.0,0.019135694964263508,0.09580014100038803,0.19083541163333473,0.19160028200077606,5.0,10.0,1,0.03333333333333333,0.12,0.9960079893439915,oct_selloff_2023_rates,orthogonal,max,max,max,2023-05-25,2023-10-27,0.36,1,1,rK52OtlkjovFyTcxPrxJ,Will the Real-time Sahm Rule Recession Indicator read above 0.5 percentage points by the end of 2023?,0.099873,rK52OtlkjovFyTcxPrxJ,Will the Real-time Sahm Rule Recession Indicator read above 0.5 percentage points by the end of 2023?,0.099873,0.691014420106389,0.5913610127210421,0.40863898727895787,1,0.7197701164068134,0.7197701164068134,0.7197701164068134,True,True,True
2023-11-16,china_taiwan_2024,Kinetic,geopolitical,Will China inspecting ships in the Taiwan strait escalate to an armed conflict before 2024?,0.04653,0.19364289050762676,0.04653,1.0,0.9048374180359595,0.4599365808749967,0.0037366519109117936,0.08030629509803983,0.07266414070854418,0.036935802790130944,10.0,10.0,263,8.766666666666667,0.1,0.41616782829921933,china_taiwan_2024_conflict,orthogonal,max,max,max,2023-04-06,2024-08-05,0.73,1,1,bB0Zbz10f5aqWn3JIAju,Will China inspecting ships in the Taiwan strait escalate to an armed conflict before 2024?,0.04653,bB0Zbz10f5aqWn3JIAju,Will China inspecting ships in the Taiwan strait escalate to an armed conflict before 2024?,0.04653,0.691014420106389,0.5913610127210421,0.40863898727895787,2,0.2802298835931866,0.2802298835931866,0.2802298835931866,False,False,False
2023-11-17,oct_selloff_2023,Monetary,monetary_policy,Will the Real-time Sahm Rule Recession Indicator read above 0.5 percentage points by the end of 2023?,0.099873,0.4973715295987623,0.099873,0.5,0.9960079893439915,1.0,0.019135694964263508,0.09580014100038803,0.19083541163333473,0.19160028200077606,5.0,10.0,1,0.03333333333333333,0.12,0.9960079893439915,oct_selloff_2023_rates,orthogonal,max,max,max,2023-05-25,2023-10-27,0.36,1,1,rK52OtlkjovFyTcxPrxJ,Will the Real-time Sahm Rule Recession Indicator read above 0.5 percentage points by the end of 2023?,0.099873,rK52OtlkjovFyTcxPrxJ,Will the Real-time Sahm Rule Recession Indicator read above 0.5 percentage points by the end of 2023?,0.099873,0.6916609733982406,0.5911349943784427,0.40886500562155725,1,0.7190972871508085,0.7190972871508085,0.7190972871508085,True,True,True
2023-11-17,china_taiwan_2024,Kinetic,geopolitical,Will China inspecting ships in the Taiwan strait escalate to an armed conflict before 2024?,0.04653,0.19428944379947832,0.04653,1.0,0.9048374180359595,0.4614722608559561,0.0037467420231340996,0.08052314685437566,0.07286035629184366,0.03715919863012491,10.0,10.0,262,8.733333333333333,0.1,0.4175573690081201,china_taiwan_2024_conflict,orthogonal,max,max,max,2023-04-06,2024-08-05,0.73,1,1,bB0Zbz10f5aqWn3JIAju,Will China inspecting ships in the Taiwan strait escalate to an armed conflict before 2024?,0.04653,bB0Zbz10f5aqWn3JIAju,Will China inspecting ships in the Taiwan strait escalate to an armed conflict before 2024?,0.04653,0.6916609733982406,0.5911349943784427,0.40886500562155725,2,0.2809027128491916,0.2809027128491916,0.2809027128491916,False,False,False
2023-11-20,oct_selloff_2023,Monetary,monetary_policy,Will the Real-time Sahm Rule Recession Indicator read above 0.5 percentage points by the end of 2023?,0.099873,0.4973715295987623,0.099873,0.5,0.9960079893439915,1.0,0.019135694964263508,0.09580014100038803,0.19083541163333473,0.19160028200077606,5.0,10.0,1,0.03333333333333333,0.12,0.9960079893439915,oct_selloff_2023_rates,orthogonal,max,max,max,2023-05-25,2023-10-27,0.36,1,1,rK52OtlkjovFyTcxPrxJ,Will the Real-time Sahm Rule Recession Indicator read above 0.5 percentage points by the end of 2023?,0.099873,rK52OtlkjovFyTcxPrxJ,Will the Real-time Sahm Rule Recession Indicator read above 0.5 percentage points by the end of 2023?,0.099873,0.6936136147711154,0.59045344893212,0.40954655106787996,1,0.7170729048663343,0.7170729048663343,0.7170729048663343,True,True,True
2023-11-20,china_taiwan_2024,Kinetic,geopolitical,Will China inspecting ships in the Taiwan strait escalate to an armed conflict before 2024?,0.04653,0.19624208517235314,0.04653,1.0,0.9048374180359595,0.4661101341822672,0.003777137129852993,0.08117638362030934,0.07345142936049724,0.03783713506169358,10.0,10.0,259,8.633333333333333,0.1,0.4217538903338773,china_taiwan_2024_conflict,orthogonal,max,max,max,2023-04-06,2024-08-05,0.73,1,1,bB0Zbz10f5aqWn3JIAju,Will China inspecting ships in the Taiwan strait escalate to an armed conflict before 2024?,0.04653,bB0Zbz10f5aqWn3JIAju,Will China inspecting ships in the Taiwan strait escalate to an armed conflict before 2024?,0.04653,0.6936136147711154,0.59045344893212,0.40954655106787996,2,0.28292709513366576,0.28292709513366576,0.28292709513366576,False,False,False
2023-11-21,oct_selloff_2023,Monetary,monetary_policy,Will the Real-time Sahm Rule Recession Indicator read above 0.5 percentage points by the end of 2023?,0.099873,0.4973715295987623,0.099873,0.5,0.9960079893439915,1.0,0.019135694964263508,0.09580014100038803,0.19083541163333473,0.19160028200077606,5.0,10.0,1,0.03333333333333333,0.12,0.9960079893439915,oct_selloff_2023_rates,orthogonal,max,max,max,2023-05-25,2023-10-27,0.36,1,1,rK52OtlkjovFyTcxPrxJ,Will the Real-time Sahm Rule Recession Indicator read above 0.5 percentage points by the end of 2023?,0.099873,rK52OtlkjovFyTcxPrxJ,Will the Real-time Sahm Rule Recession Indicator read above 0.5 percentage points by the end of 2023?,0.099873,0.6942688465012108,0.5902251003818392,0.4097748996181608,1,0.7163961512968375,0.7163961512968375,0.7163961512968375,True,True,True
2023-11-21,china_taiwan_2024,Kinetic,geopolitical,Will China inspecting ships in the Taiwan strait escalate to an armed conflict before 2024?,0.04653,0.19689731690244855,0.04653,1.0,0.9048374180359595,0.46766642700990924,0.0037873104480260844,0.08139502359823951,0.07364926299360705,0.03806571986257592,10.0,10.0,258,8.6,0.1,0.42316208231774877,china_taiwan_2024_conflict,orthogonal,max,max,max,2023-04-06,2024-08-05,0.73,1,1,bB0Zbz10f5aqWn3JIAju,Will China inspecting ships in the Taiwan strait escalate to an armed conflict before 2024?,0.04653,bB0Zbz10f5aqWn3JIAju,Will China inspecting ships in the Taiwan strait escalate to an armed conflict before 2024?,0.04653,0.6942688465012108,0.5902251003818392,0.4097748996181608,2,0.2836038487031625,0.2836038487031625,0.2836038487031625,False,False,False
2023-11-22,oct_selloff_2023,Monetary,monetary_policy,Will the Real-time Sahm Rule Recession Indicator read above 0.5 percentage points by the end of 2023?,0.099873,0.4973715295987623,0.099873,0.5,0.9960079893439915,1.0,0.019135694964263508,0.09580014100038803,0.19083541163333473,0.19160028200077606,5.0,10.0,1,0.03333333333333333,0.12,0.9960079893439915,oct_selloff_2023_rates,orthogonal,max,max,max,2023-05-25,2023-10-27,0.36,1,1,rK52OtlkjovFyTcxPrxJ,Will the Real-time Sahm Rule Recession Indicator read above 0.5 percentage points by the end of 2023?,0.099873,rK52OtlkjovFyTcxPrxJ,Will the Real-time Sahm Rule Recession Indicator read above 0.5 percentage points by the end of 2023?,0.099873,0.6949262659812975,0.5899961668368141,0.4100038331631859,1,0.7157184207110514,0.7157184207110514,0.7157184207110514,True,True,True
2023-11-22,china_taiwan_2024,Kinetic,geopolitical,Will China inspecting ships in the Taiwan strait escalate to an armed conflict before 2024?,0.04653,0.1975547363825352,0.04653,1.0,0.9048374180359595,0.46922791613599607,0.003797504586624293,0.08161411103856206,0.0738475015074326,0.03829561924991627,10.0,10.0,257,8.566666666666666,0.1,0.42457497610688844,china_taiwan_2024_conflict,orthogonal,max,max,max,2023-04-06,2024-08-05,0.73,1,1,bB0Zbz10f5aqWn3JIAju,Will China inspecting ships in the Taiwan strait escalate to an armed conflict before 2024?,0.04653,bB0Zbz10f5aqWn3JIAju,Will China inspecting ships in the Taiwan strait escalate to an armed conflict before 2024?,0.04653,0.6949262659812975,0.5899961668368141,0.4100038331631859,2,0.2842815792889486,0.2842815792889486,0.2842815792889486,False,False,False
2023-11-24,oct_selloff_2023,Monetary,monetary_policy,Will the Real-time Sahm Rule Recession Indicator read above 0.5 percentage points by the end of 2023?,0.099873,0.4973715295987623,0.099873,0.5,0.9960079893439915,1.0,0.019135694964263508,0.09580014100038803,0.19083541163333473,0.19160028200077606,5.0,10.0,1,0.03333333333333333,0.12,0.9960079893439915,oct_selloff_2023_rates,orthogonal,max,max,max,2023-05-25,2023-10-27,0.36,1,1,rK52OtlkjovFyTcxPrxJ,Will the Real-time Sahm Rule Recession Indicator read above 0.5 percentage points by the end of 2023?,0.099873,rK52OtlkjovFyTcxPrxJ,Will the Real-time Sahm Rule Recession Indicator read above 0.5 percentage points by the end of 2023?,0.099873,0.6962476974345049,0.5895365408675002,0.4104634591324998,1,0.7143600351303846,0.7143600351303846,0.7143600351303846,True,True,True
2023-11-24,china_taiwan_2024,Kinetic,geopolitical,Will China inspecting ships in the Taiwan strait escalate to an armed conflict before 2024?,0.04653,0.19887616783574252,0.04653,1.0,0.9048374180359595,0.4723665527410147,0.0038179553535863703,0.08205362891868408,0.07424519373126284,0.03875938983220923,10.0,10.0,255,8.5,0.1,0.42741493194872665,china_taiwan_2024_conflict,orthogonal,max,max,max,2023-04-06,2024-08-05,0.73,1,1,bB0Zbz10f5aqWn3JIAju,Will China inspecting ships in the Taiwan strait escalate to an armed conflict before 2024?,0.04653,bB0Zbz10f5aqWn3JIAju,Will China inspecting ships in the Taiwan strait escalate to an armed conflict before 2024?,0.04653,0.6962476974345049,0.5895365408675002,0.4104634591324998,2,0.2856399648696153,0.2856399648696153,0.2856399648696153,False,False,False
2023-11-27,oct_selloff_2023,Monetary,monetary_policy,Will the Real-time Sahm Rule Recession Indicator read above 0.5 percentage points by the end of 2023?,0.099873,0.4973715295987623,0.099873,0.5,0.9960079893439915,1.0,0.019135694964263508,0.09580014100038803,0.19083541163333473,0.19160028200077606,5.0,10.0,1,0.03333333333333333,0.12,0.9960079893439915,oct_selloff_2023_rates,orthogonal,max,max,max,2023-05-25,2023-10-27,0.36,1,1,rK52OtlkjovFyTcxPrxJ,Will the Real-time Sahm Rule Recession Indicator read above 0.5 percentage points by the end of 2023?,0.099873,rK52OtlkjovFyTcxPrxJ,Will the Real-time Sahm Rule Recession Indicator read above 0.5 percentage points by the end of 2023?,0.099873,0.6982464361503131,0.5888426901497641,0.4111573098502359,1,0.7123151710461318,0.7123151710461318,0.7123151710461318,True,True,True
2023-11-27,china_taiwan_2024,Kinetic,geopolitical,Will China inspecting ships in the Taiwan strait escalate to an armed conflict before 2024?,0.04653,0.20087490655155077,0.04653,1.0,0.9048374180359595,0.4771139155210343,0.0038487878299453687,0.08271626541898493,0.07484477203129145,0.03946508127132903,10.0,10.0,252,8.4,0.1,0.4317105234290796,china_taiwan_2024_conflict,orthogonal,max,max,max,2023-04-06,2024-08-05,0.73,1,1,bB0Zbz10f5aqWn3JIAju,Will China inspecting ships in the Taiwan strait escalate to an armed conflict before 2024?,0.04653,bB0Zbz10f5aqWn3JIAju,Will China inspecting ships in the Taiwan strait escalate to an armed conflict before 2024?,0.04653,0.6982464361503131,0.5888426901497641,0.4111573098502359,2,0.28768482895386804,0.28768482895386804,0.28768482895386804,False,False,False
2023-11-28,oct_selloff_2023,Monetary,monetary_policy,Will the Real-time Sahm Rule Recession Indicator read above 0.5 percentage points by the end of 2023?,0.099873,0.4973715295987623,0.099873,0.5,0.9960079893439915,1.0,0.019135694964263508,0.09580014100038803,0.19083541163333473,0.19160028200077606,5.0,10.0,1,0.03333333333333333,0.12,0.9960079893439915,oct_selloff_2023_rates,orthogonal,max,max,max,2023-05-25,2023-10-27,0.36,1,1,rK52OtlkjovFyTcxPrxJ,Will the Real-time Sahm Rule Recession Indicator read above 0.5 percentage points by the end of 2023?,0.099873,rK52OtlkjovFyTcxPrxJ,Will the Real-time Sahm Rule Recession Indicator read above 0.5 percentage points by the end of 2023?,0.099873,0.6989171363848572,0.5886102262338174,0.4113897737661826,1,0.7116316136865841,0.7116316136865841,0.7116316136865841,True,True,True
2023-11-28,china_taiwan_2024,Kinetic,geopolitical,Will China inspecting ships in the Taiwan strait escalate to an armed conflict before 2024?,0.04653,0.2015456067860949,0.04653,1.0,0.9048374180359595,0.47870694881990533,0.0038591070346092127,0.08293804071801446,0.07504544262024948,0.03970301641322177,10.0,10.0,251,8.366666666666667,0.1,0.4331519595660754,china_taiwan_2024_conflict,orthogonal,max,max,max,2023-04-06,2024-08-05,0.73,1,1,bB0Zbz10f5aqWn3JIAju,Will China inspecting ships in the Taiwan strait escalate to an armed conflict before 2024?,0.04653,bB0Zbz10f5aqWn3JIAju,Will China inspecting ships in the Taiwan strait escalate to an armed conflict before 2024?,0.04653,0.6989171363848572,0.5886102262338174,0.4113897737661826,2,0.28836838631341594,0.28836838631341594,0.28836838631341594,False,False,False
2023-11-29,oct_selloff_2023,Monetary,monetary_policy,Will the Real-time Sahm Rule Recession Indicator read above 0.5 percentage points by the end of 2023?,0.099873,0.4973715295987623,0.099873,0.5,0.9960079893439915,1.0,0.019135694964263508,0.09580014100038803,0.19083541163333473,0.19160028200077606,5.0,10.0,1,0.03333333333333333,0.12,0.9960079893439915,oct_selloff_2023_rates,orthogonal,max,max,max,2023-05-25,2023-10-27,0.36,1,1,rK52OtlkjovFyTcxPrxJ,Will the Real-time Sahm Rule Recession Indicator read above 0.5 percentage points by the end of 2023?,0.099873,rK52OtlkjovFyTcxPrxJ,Will the Real-time Sahm Rule Recession Indicator read above 0.5 percentage points by the end of 2023?,0.099873,0.6995900760171058,0.588377170537171,0.411622829462829,1,0.7109470912314672,0.7109470912314672,0.7109470912314672,True,True,True
2023-11-29,china_taiwan_2024,Kinetic,geopolitical,Will China inspecting ships in the Taiwan strait escalate to an armed conflict before 2024?,0.04653,0.2022185464183435,0.04653,1.0,0.9048374180359595,0.48030530108979935,0.0038694471056238003,0.08316026446644745,0.07524651898300787,0.03994231586326439,10.0,10.0,250,8.333333333333334,0.1,0.4345982085070782,china_taiwan_2024_conflict,orthogonal,max,max,max,2023-04-06,2024-08-05,0.73,1,1,bB0Zbz10f5aqWn3JIAju,Will China inspecting ships in the Taiwan strait escalate to an armed conflict before 2024?,0.04653,bB0Zbz10f5aqWn3JIAju,Will China inspecting ships in the Taiwan strait escalate to an armed conflict before 2024?,0.04653,0.6995900760171058,0.588377170537171,0.411622829462829,2,0.28905290876853296,0.28905290876853296,0.28905290876853296,False,False,False
2023-11-30,oct_selloff_2023,Monetary,monetary_policy,Will the Real-time Sahm Rule Recession Indicator read above 0.5 percentage points by the end of 2023?,0.099873,0.4973715295987623,0.099873,0.5,0.9960079893439915,1.0,0.019135694964263508,0.09580014100038803,0.19083541163333473,0.19160028200077606,5.0,10.0,1,0.03333333333333333,0.12,0.9960079893439915,oct_selloff_2023_rates,orthogonal,max,max,max,2023-05-25,2023-10-27,0.36,1,1,rK52OtlkjovFyTcxPrxJ,Will the Real-time Sahm Rule Recession Indicator read above 0.5 percentage points by the end of 2023?,0.099873,rK52OtlkjovFyTcxPrxJ,Will the Real-time Sahm Rule Recession Indicator read above 0.5 percentage points by the end of 2023?,0.099873,0.7002652625241728,0.5881435220969133,0.41185647790308666,1,0.7102616054463979,0.7102616054463979,0.7102616054463979,True,True,True
2023-11-30,china_taiwan_2024,Kinetic,geopolitical,Will China inspecting ships in the Taiwan strait escalate to an armed conflict before 2024?,0.04653,0.2028937329254105,0.04653,1.0,0.9048374180359595,0.4819089900902024,0.0038798080487245108,0.0833829367875459,0.07544800123109865,0.040182986858041427,10.0,10.0,249,8.3,0.1,0.4360492863215355,china_taiwan_2024_conflict,orthogonal,max,max,max,2023-04-06,2024-08-05,0.73,1,1,bB0Zbz10f5aqWn3JIAju,Will China inspecting ships in the Taiwan strait escalate to an armed conflict before 2024?,0.04653,bB0Zbz10f5aqWn3JIAju,Will China inspecting ships in the Taiwan strait escalate to an armed conflict before 2024?,0.04653,0.7002652625241728,0.5881435220969133,0.41185647790308666,2,0.28973839455360206,0.28973839455360206,0.28973839455360206,False,False,False
2023-12-01,oct_selloff_2023,Monetary,monetary_policy,Will the Real-time Sahm Rule Recession Indicator read above 0.5 percentage points by the end of 2023?,0.099873,0.4973715295987623,0.099873,0.5,0.9960079893439915,1.0,0.019135694964263508,0.09580014100038803,0.19083541163333473,0.19160028200077606,5.0,10.0,1,0.03333333333333333,0.12,0.9960079893439915,oct_selloff_2023_rates,orthogonal,max,max,max,2023-05-25,2023-10-27,0.36,1,1,rK52OtlkjovFyTcxPrxJ,Will the Real-time Sahm Rule Recession Indicator read above 0.5 percentage points by the end of 2023?,0.099873,rK52OtlkjovFyTcxPrxJ,Will the Real-time Sahm Rule Recession Indicator read above 0.5 percentage points by the end of 2023?,0.099873,0.7009427034081375,0.5879092799518316,0.4120907200481684,1,0.7095751581126855,0.7095751581126855,0.7095751581126855,True,True,True
2023-12-01,china_taiwan_2024,Kinetic,geopolitical,Will China inspecting ships in the Taiwan strait escalate to an armed conflict before 2024?,0.04653,0.20357117380937517,0.04653,1.0,0.9048374180359595,0.48351803363989765,0.003890189869437523,0.08360605780007571,0.07564988947198571,0.04042503666787624,10.0,10.0,248,8.266666666666667,0.1,0.4375052091325492,china_taiwan_2024_conflict,orthogonal,max,max,max,2023-04-06,2024-08-05,0.73,1,1,bB0Zbz10f5aqWn3JIAju,Will China inspecting ships in the Taiwan strait escalate to an armed conflict before 2024?,0.04653,bB0Zbz10f5aqWn3JIAju,Will China inspecting ships in the Taiwan strait escalate to an armed conflict before 2024?,0.04653,0.7009427034081375,0.5879092799518316,0.4120907200481684,2,0.2904248418873146,0.2904248418873146,0.2904248418873146,False,False,False
2023-12-04,oct_selloff_2023,Monetary,monetary_policy,Will the Real-time Sahm Rule Recession Indicator read above 0.5 percentage points by the end of 2023?,0.099873,0.4973715295987623,0.099873,0.5,0.9960079893439915,1.0,0.019135694964263508,0.09580014100038803,0.19083541163333473,0.19160028200077606,5.0,10.0,1,0.03333333333333333,0.12,0.9960079893439915,oct_selloff_2023_rates,orthogonal,max,max,max,2023-05-25,2023-10-27,0.36,1,1,rK52OtlkjovFyTcxPrxJ,Will the Real-time Sahm Rule Recession Indicator read above 0.5 percentage points by the end of 2023?,0.099873,rK52OtlkjovFyTcxPrxJ,Will the Real-time Sahm Rule Recession Indicator read above 0.5 percentage points by the end of 2023?,0.099873,0.702988627718442,0.5872029817014912,0.4127970182985088,1,0.7075100648683146,0.7075100648683146,0.7075100648683146,True,True,True
2023-12-04,china_taiwan_2024,Kinetic,geopolitical,Will China inspecting ships in the Taiwan strait escalate to an armed conflict before 2024?,0.04653,0.20561709811967963,0.04653,1.0,0.9048374180359595,0.4883774706661871,0.003921460649354275,0.08427811410604502,0.07625799116465376,0.04115953219962657,10.0,10.0,245,8.166666666666666,0.1,0.4419022095845253,china_taiwan_2024_conflict,orthogonal,max,max,max,2023-04-06,2024-08-05,0.73,1,1,bB0Zbz10f5aqWn3JIAju,Will China inspecting ships in the Taiwan strait escalate to an armed conflict before 2024?,0.04653,bB0Zbz10f5aqWn3JIAju,Will China inspecting ships in the Taiwan strait escalate to an armed conflict before 2024?,0.04653,0.702988627718442,0.5872029817014912,0.4127970182985088,2,0.2924899351316854,0.2924899351316854,0.2924899351316854,False,False,False
2023-12-05,oct_selloff_2023,Monetary,monetary_policy,Will the Real-time Sahm Rule Recession Indicator read above 0.5 percentage points by the end of 2023?,0.099873,0.4973715295987623,0.099873,0.5,0.9960079893439915,1.0,0.019135694964263508,0.09580014100038803,0.19083541163333473,0.19160028200077606,5.0,10.0,1,0.03333333333333333,0.12,0.9960079893439915,oct_selloff_2023_rates,orthogonal,max,max,max,2023-05-25,2023-10-27,0.36,1,1,rK52OtlkjovFyTcxPrxJ,Will the Real-time Sahm Rule Recession Indicator read above 0.5 percentage points by the end of 2023?,0.099873,rK52OtlkjovFyTcxPrxJ,Will the Real-time Sahm Rule Recession Indicator read above 0.5 percentage points by the end of 2023?,0.099873,0.703675161633019,0.5869663551597905,0.41303364484020955,1,0.7068197894672197,0.7068197894672197,0.7068197894672197,True,True,True
2023-12-05,china_taiwan_2024,Kinetic,geopolitical,Will China inspecting ships in the Taiwan strait escalate to an armed conflict before 2024?,0.04653,0.20630363203425678,0.04653,1.0,0.9048374180359595,0.49000811179376774,0.003931926031561179,0.0845030309813277,0.07646150436935727,0.04140717065201065,10.0,10.0,244,8.133333333333333,0.1,0.4433776746921486,china_taiwan_2024_conflict,orthogonal,max,max,max,2023-04-06,2024-08-05,0.73,1,1,bB0Zbz10f5aqWn3JIAju,Will China inspecting ships in the Taiwan strait escalate to an armed conflict before 2024?,0.04653,bB0Zbz10f5aqWn3JIAju,Will China inspecting ships in the Taiwan strait escalate to an armed conflict before 2024?,0.04653,0.703675161633019,0.5869663551597905,0.41303364484020955,2,0.29318021053278037,0.29318021053278037,0.29318021053278037,False,False,False
2023-12-06,oct_selloff_2023,Monetary,monetary_policy,Will the Real-time Sahm Rule Recession Indicator read above 0.5 percentage points by the end of 2023?,0.099873,0.4973715295987623,0.099873,0.5,0.9960079893439915,1.0,0.019135694964263508,0.09580014100038803,0.19083541163333473,0.19160028200077606,5.0,10.0,1,0.03333333333333333,0.12,0.9960079893439915,oct_selloff_2023_rates,orthogonal,max,max,max,2023-05-25,2023-10-27,0.36,1,1,rK52OtlkjovFyTcxPrxJ,Will the Real-time Sahm Rule Recession Indicator read above 0.5 percentage points by the end of 2023?,0.099873,rK52OtlkjovFyTcxPrxJ,Will the Real-time Sahm Rule Recession Indicator read above 0.5 percentage points by the end of 2023?,0.099873,0.7043639878122968,0.5867291301335164,0.41327086986648365,1,0.7061285616596641,0.7061285616596641,0.7061285616596641,True,True,True
2023-12-06,china_taiwan_2024,Kinetic,geopolitical,Will China inspecting ships in the Taiwan strait escalate to an armed conflict before 2024?,0.04653,0.2069924582135345,0.04653,1.0,0.9048374180359595,0.4916441974609651,0.003942412315840209,0.08472839707372037,0.07666542404251069,0.04165622478146324,10.0,10.0,243,8.1,0.1,0.4448580662229411,china_taiwan_2024_conflict,orthogonal,max,max,max,2023-04-06,2024-08-05,0.73,1,1,bB0Zbz10f5aqWn3JIAju,Will China inspecting ships in the Taiwan strait escalate to an armed conflict before 2024?,0.04653,bB0Zbz10f5aqWn3JIAju,Will China inspecting ships in the Taiwan strait escalate to an armed conflict before 2024?,0.04653,0.7043639878122968,0.5867291301335164,0.41327086986648365,2,0.2938714383403359,0.2938714383403359,0.2938714383403359,False,False,False
2023-12-07,oct_selloff_2023,Monetary,monetary_policy,Will the Real-time Sahm Rule Recession Indicator read above 0.5 percentage points by the end of 2023?,0.099873,0.4973715295987623,0.099873,0.5,0.9960079893439915,1.0,0.019135694964263508,0.09580014100038803,0.19083541163333473,0.19160028200077606,5.0,10.0,1,0.03333333333333333,0.12,0.9960079893439915,oct_selloff_2023_rates,orthogonal,max,max,max,2023-05-25,2023-10-27,0.36,1,1,rK52OtlkjovFyTcxPrxJ,Will the Real-time Sahm Rule Recession Indicator read above 0.5 percentage points by the end of 2023?,0.099873,rK52OtlkjovFyTcxPrxJ,Will the Real-time Sahm Rule Recession Indicator read above 0.5 percentage points by the end of 2023?,0.099873,0.7050551139099065,0.5864913056721515,0.41350869432784854,1,0.7054363833212584,0.7054363833212584,0.7054363833212584,True,True,True
2023-12-07,china_taiwan_2024,Kinetic,geopolitical,Will China inspecting ships in the Taiwan strait escalate to an armed conflict before 2024?,0.04653,0.2076835843111442,0.04653,1.0,0.9048374180359595,0.4932857458465257,0.003952919506442537,0.08495421247458708,0.07686975026678368,0.04190670206333091,10.0,10.0,242,8.066666666666666,0.1,0.4463434006257128,china_taiwan_2024_conflict,orthogonal,max,max,max,2023-04-06,2024-08-05,0.73,1,1,bB0Zbz10f5aqWn3JIAju,Will China inspecting ships in the Taiwan strait escalate to an armed conflict before 2024?,0.04653,bB0Zbz10f5aqWn3JIAju,Will China inspecting ships in the Taiwan strait escalate to an armed conflict before 2024?,0.04653,0.7050551139099065,0.5864913056721515,0.41350869432784854,2,0.2945636166787416,0.2945636166787416,0.2945636166787416,False,False,False
2023-12-08,oct_selloff_2023,Monetary,monetary_policy,Will the Real-time Sahm Rule Recession Indicator read above 0.5 percentage points by the end of 2023?,0.067651,0.3369046824355519,0.067651,0.5,0.9960079893439915,1.0,0.008890394068081455,0.06570778013688974,0.1308909479568012,0.13141556027377949,5.0,10.0,1,0.03333333333333333,0.12,0.9960079893439915,oct_selloff_2023_rates,orthogonal,max,max,max,2023-05-25,2023-10-27,0.36,1,1,rK52OtlkjovFyTcxPrxJ,Will the Real-time Sahm Rule Recession Indicator read above 0.5 percentage points by the end of 2023?,0.067651,rK52OtlkjovFyTcxPrxJ,Will the Real-time Sahm Rule Recession Indicator read above 0.5 percentage points by the end of 2023?,0.067651,0.5452817004418237,0.647131199259062,0.35286880074093796,1,0.6178543717175347,0.6178543717175347,0.6178543717175347,True,True,True
2023-12-08,china_taiwan_2024,Kinetic,geopolitical,Will China inspecting ships in the Taiwan strait escalate to an armed conflict before 2024?,0.04653,0.20837701800627176,0.04653,1.0,0.9048374180359595,0.49493277518989276,0.003963447607403542,0.08518047727065424,0.0770744831206495,0.04215861000756448,10.0,10.0,241,8.033333333333333,0.1,0.44783369440419457,china_taiwan_2024_conflict,orthogonal,max,max,max,2023-04-06,2024-08-05,0.73,1,1,bB0Zbz10f5aqWn3JIAju,Will China inspecting ships in the Taiwan strait escalate to an armed conflict before 2024?,0.04653,bB0Zbz10f5aqWn3JIAju,Will China inspecting ships in the Taiwan strait escalate to an armed conflict before 2024?,0.04653,0.5452817004418237,0.647131199259062,0.35286880074093796,2,0.38214562828246534,0.38214562828246534,0.38214562828246534,False,False,False
2023-12-11,oct_selloff_2023,Monetary,monetary_policy,Will the Real-time Sahm Rule Recession Indicator read above 0.5 percentage points by the end of 2023?,0.067651,0.3369046824355519,0.067651,0.5,0.9960079893439915,1.0,0.008890394068081455,0.06570778013688974,0.1308909479568012,0.13141556027377949,5.0,10.0,1,0.03333333333333333,0.12,0.9960079893439915,oct_selloff_2023_rates,orthogonal,max,max,max,2023-05-25,2023-10-27,0.36,1,1,rK52OtlkjovFyTcxPrxJ,Will the Real-time Sahm Rule Recession Indicator read above 0.5 percentage points by the end of 2023?,0.067651,rK52OtlkjovFyTcxPrxJ,Will the Real-time Sahm Rule Recession Indicator read above 0.5 percentage points by the end of 2023?,0.067651,0.5473759242892874,0.6462553696893674,0.35374463031063264,1,0.6154905020219673,0.6154905020219673,0.6154905020219673,True,True,True
2023-12-11,china_taiwan_2024,Kinetic,geopolitical,Will China inspecting ships in the Taiwan strait escalate to an armed conflict before 2024?,0.04653,0.2104712418537355,0.04653,1.0,0.9048374180359595,0.4999069322759822,0.003995157409536006,0.08586196882733732,0.07769112218121195,0.04292299343565021,10.0,10.0,238,7.933333333333334,0.1,0.452334497858877,china_taiwan_2024_conflict,orthogonal,max,max,max,2023-04-06,2024-08-05,0.73,1,1,bB0Zbz10f5aqWn3JIAju,Will China inspecting ships in the Taiwan strait escalate to an armed conflict before 2024?,0.04653,bB0Zbz10f5aqWn3JIAju,Will China inspecting ships in the Taiwan strait escalate to an armed conflict before 2024?,0.04653,0.5473759242892874,0.6462553696893674,0.35374463031063264,2,0.38450949797803263,0.38450949797803263,0.38450949797803263,False,False,False
2023-12-12,oct_selloff_2023,Monetary,monetary_policy,Will the Real-time Sahm Rule Recession Indicator read above 0.5 percentage points by the end of 2023?,0.067651,0.3369046824355519,0.067651,0.5,0.9960079893439915,1.0,0.008890394068081455,0.06570778013688974,0.1308909479568012,0.13141556027377949,5.0,10.0,1,0.03333333333333333,0.12,0.9960079893439915,oct_selloff_2023_rates,orthogonal,max,max,max,2023-05-25,2023-10-27,0.36,1,1,rK52OtlkjovFyTcxPrxJ,Will the Real-time Sahm Rule Recession Indicator read above 0.5 percentage points by the end of 2023?,0.067651,rK52OtlkjovFyTcxPrxJ,Will the Real-time Sahm Rule Recession Indicator read above 0.5 percentage points by the end of 2023?,0.067651,0.5480786656804321,0.6459620057876496,0.3540379942123504,1,0.6147013257983494,0.6147013257983494,0.6147013257983494,True,True,True
2023-12-12,china_taiwan_2024,Kinetic,geopolitical,Will China inspecting ships in the Taiwan strait escalate to an armed conflict before 2024?,0.04653,0.21117398324488015,0.04653,1.0,0.9048374180359595,0.5015760690660555,0.004005769187937115,0.08609003197801665,0.07789748225362177,0.043180699825304605,10.0,10.0,237,7.9,0.1,0.4538447952823557,china_taiwan_2024_conflict,orthogonal,max,max,max,2023-04-06,2024-08-05,0.73,1,1,bB0Zbz10f5aqWn3JIAju,Will China inspecting ships in the Taiwan strait escalate to an armed conflict before 2024?,0.04653,bB0Zbz10f5aqWn3JIAju,Will China inspecting ships in the Taiwan strait escalate to an armed conflict before 2024?,0.04653,0.5480786656804321,0.6459620057876496,0.3540379942123504,2,0.38529867420165054,0.38529867420165054,0.38529867420165054,False,False,False
2023-12-13,oct_selloff_2023,Monetary,monetary_policy,Will the Real-time Sahm Rule Recession Indicator read above 0.5 percentage points by the end of 2023?,0.067651,0.3369046824355519,0.067651,0.5,0.9960079893439915,1.0,0.008890394068081455,0.06570778013688974,0.1308909479568012,0.13141556027377949,5.0,10.0,1,0.03333333333333333,0.12,0.9960079893439915,oct_selloff_2023_rates,orthogonal,max,max,max,2023-05-25,2023-10-27,0.36,1,1,rK52OtlkjovFyTcxPrxJ,Will the Real-time Sahm Rule Recession Indicator read above 0.5 percentage points by the end of 2023?,0.067651,rK52OtlkjovFyTcxPrxJ,Will the Real-time Sahm Rule Recession Indicator read above 0.5 percentage points by the end of 2023?,0.067651,0.5487837534513409,0.6456679299299078,0.35433207007009215,1,0.6139115458807478,0.6139115458807478,0.6139115458807478,True,True,True
2023-12-13,china_taiwan_2024,Kinetic,geopolitical,Will China inspecting ships in the Taiwan strait escalate to an armed conflict before 2024?,0.04653,0.21187907101578904,0.04653,1.0,0.9048374180359595,0.5032507789287232,0.004016401893604357,0.0863185448872632,0.07810424928441231,0.04343987495050916,10.0,10.0,236,7.866666666666666,0.1,0.45536013543045134,china_taiwan_2024_conflict,orthogonal,max,max,max,2023-04-06,2024-08-05,0.73,1,1,bB0Zbz10f5aqWn3JIAju,Will China inspecting ships in the Taiwan strait escalate to an armed conflict before 2024?,0.04653,bB0Zbz10f5aqWn3JIAju,Will China inspecting ships in the Taiwan strait escalate to an armed conflict before 2024?,0.04653,0.5487837534513409,0.6456679299299078,0.35433207007009215,2,0.3860884541192522,0.3860884541192522,0.3860884541192522,False,False,False
2023-12-14,oct_selloff_2023,Monetary,monetary_policy,Will the Real-time Sahm Rule Recession Indicator read above 0.5 percentage points by the end of 2023?,0.067651,0.3369046824355519,0.067651,0.5,0.9960079893439915,1.0,0.008890394068081455,0.06570778013688974,0.1308909479568012,0.13141556027377949,5.0,10.0,1,0.03333333333333333,0.12,0.9960079893439915,oct_selloff_2023_rates,orthogonal,max,max,max,2023-05-25,2023-10-27,0.36,1,1,rK52OtlkjovFyTcxPrxJ,Will the Real-time Sahm Rule Recession Indicator read above 0.5 percentage points by the end of 2023?,0.067651,rK52OtlkjovFyTcxPrxJ,Will the Real-time Sahm Rule Recession Indicator read above 0.5 percentage points by the end of 2023?,0.067651,0.5494911954363297,0.6453731411609631,0.3546268588390369,1,0.6131211659688721,0.6131211659688721,0.6131211659688721,True,True,True
2023-12-14,china_taiwan_2024,Kinetic,geopolitical,Will China inspecting ships in the Taiwan strait escalate to an armed conflict before 2024?,0.04653,0.21258651300077788,0.04653,1.0,0.9048374180359595,0.5049310804718897,0.00402705552925883,0.08654750761355748,0.0783114233264989,0.04370052653146268,10.0,10.0,235,7.833333333333333,0.1,0.456880535140292,china_taiwan_2024_conflict,orthogonal,max,max,max,2023-04-06,2024-08-05,0.73,1,1,bB0Zbz10f5aqWn3JIAju,Will China inspecting ships in the Taiwan strait escalate to an armed conflict before 2024?,0.04653,bB0Zbz10f5aqWn3JIAju,Will China inspecting ships in the Taiwan strait escalate to an armed conflict before 2024?,0.04653,0.5494911954363297,0.6453731411609631,0.3546268588390369,2,0.3868788340311279,0.3868788340311279,0.3868788340311279,False,False,False
2023-12-15,oct_selloff_2023,Monetary,monetary_policy,Will the Real-time Sahm Rule Recession Indicator read above 0.5 percentage points by the end of 2023?,0.067651,0.3369046824355519,0.067651,0.5,0.9960079893439915,1.0,0.008890394068081455,0.06570778013688974,0.1308909479568012,0.13141556027377949,5.0,10.0,1,0.03333333333333333,0.12,0.9960079893439915,oct_selloff_2023_rates,orthogonal,max,max,max,2023-05-25,2023-10-27,0.36,1,1,rK52OtlkjovFyTcxPrxJ,Will the Real-time Sahm Rule Recession Indicator read above 0.5 percentage points by the end of 2023?,0.067651,rK52OtlkjovFyTcxPrxJ,Will the Real-time Sahm Rule Recession Indicator read above 0.5 percentage points by the end of 2023?,0.067651,0.5502009994958724,0.6450776385289401,0.35492236147105993,1,0.6123301897747268,0.6123301897747268,0.6123301897747268,True,True,True
2023-12-15,china_taiwan_2024,Kinetic,geopolitical,Will China inspecting ships in the Taiwan strait escalate to an armed conflict before 2024?,0.04653,0.2132963170603205,0.04653,1.0,0.9048374180359595,0.5066169923655895,0.004037730097399344,0.0867769202106027,0.07851900442847422,0.04396266232384428,10.0,10.0,234,7.8,0.1,0.45840601130522346,china_taiwan_2024_conflict,orthogonal,max,max,max,2023-04-06,2024-08-05,0.73,1,1,bB0Zbz10f5aqWn3JIAju,Will China inspecting ships in the Taiwan strait escalate to an armed conflict before 2024?,0.04653,bB0Zbz10f5aqWn3JIAju,Will China inspecting ships in the Taiwan strait escalate to an armed conflict before 2024?,0.04653,0.5502009994958724,0.6450776385289401,0.35492236147105993,2,0.38766981022527325,0.38766981022527325,0.38766981022527325,False,False,False
2023-12-18,oct_selloff_2023,Monetary,monetary_policy,Will the Real-time Sahm Rule Recession Indicator read above 0.5 percentage points by the end of 2023?,0.067651,0.3369046824355519,0.067651,0.5,0.9960079893439915,1.0,0.008890394068081455,0.06570778013688974,0.1308909479568012,0.13141556027377949,5.0,10.0,1,0.03333333333333333,0.12,0.9960079893439915,oct_selloff_2023_rates,orthogonal,max,max,max,2023-05-25,2023-10-27,0.36,1,1,rK52OtlkjovFyTcxPrxJ,Will the Real-time Sahm Rule Recession Indicator read above 0.5 percentage points by the end of 2023?,0.067651,rK52OtlkjovFyTcxPrxJ,Will the Real-time Sahm Rule Recession Indicator read above 0.5 percentage points by the end of 2023?,0.067651,0.5523446631207662,0.6441868379858655,0.3558131620141345,1,0.609953720801843,0.609953720801843,0.609953720801843,True,True,True
2023-12-18,china_taiwan_2024,Kinetic,geopolitical,Will China inspecting ships in the Taiwan strait escalate to an armed conflict before 2024?,0.04653,0.21543998068521442,0.04653,1.0,0.9048374180359595,0.5117085777865424,0.004069879418371556,0.08746785769120044,0.07914419051444255,0.044758053061199864,10.0,10.0,231,7.7,0.1,0.463013068311228,china_taiwan_2024_conflict,orthogonal,max,max,max,2023-04-06,2024-08-05,0.73,1,1,bB0Zbz10f5aqWn3JIAju,Will China inspecting ships in the Taiwan strait escalate to an armed conflict before 2024?,0.04653,bB0Zbz10f5aqWn3JIAju,Will China inspecting ships in the Taiwan strait escalate to an armed conflict before 2024?,0.04653,0.5523446631207662,0.6441868379858655,0.3558131620141345,2,0.3900462791981571,0.3900462791981571,0.3900462791981571,False,False,False
2023-12-19,oct_selloff_2023,Monetary,monetary_policy,Will the Real-time Sahm Rule Recession Indicator read above 0.5 percentage points by the end of 2023?,0.067651,0.3369046824355519,0.067651,0.5,0.9960079893439915,1.0,0.008890394068081455,0.06570778013688974,0.1308909479568012,0.13141556027377949,5.0,10.0,1,0.03333333333333333,0.12,0.9960079893439915,oct_selloff_2023_rates,orthogonal,max,max,max,2023-05-25,2023-10-27,0.36,1,1,rK52OtlkjovFyTcxPrxJ,Will the Real-time Sahm Rule Recession Indicator read above 0.5 percentage points by the end of 2023?,0.067651,rK52OtlkjovFyTcxPrxJ,Will the Real-time Sahm Rule Recession Indicator read above 0.5 percentage points by the end of 2023?,0.067651,0.553063994609484,0.6438884704499565,0.35611152955004355,1,0.6091603968423921,0.6091603968423921,0.6091603968423921,True,True,True
2023-12-19,china_taiwan_2024,Kinetic,geopolitical,Will China inspecting ships in the Taiwan strait escalate to an armed conflict before 2024?,0.04653,0.2161593121739321,0.04653,1.0,0.9048374180359595,0.513417119032592,0.004080637736966348,0.0876990702120427,0.07935340025481905,0.04502620397010398,10.0,10.0,230,7.666666666666667,0.1,0.46455902036091146,china_taiwan_2024_conflict,orthogonal,max,max,max,2023-04-06,2024-08-05,0.73,1,1,bB0Zbz10f5aqWn3JIAju,Will China inspecting ships in the Taiwan strait escalate to an armed conflict before 2024?,0.04653,bB0Zbz10f5aqWn3JIAju,Will China inspecting ships in the Taiwan strait escalate to an armed conflict before 2024?,0.04653,0.553063994609484,0.6438884704499565,0.35611152955004355,2,0.3908396031576079,0.3908396031576079,0.3908396031576079,False,False,False
2023-12-20,oct_selloff_2023,Monetary,monetary_policy,Will the Real-time Sahm Rule Recession Indicator read above 0.5 percentage points by the end of 2023?,0.067651,0.3369046824355519,0.067651,0.5,0.9960079893439915,1.0,0.008890394068081455,0.06570778013688974,0.1308909479568012,0.13141556027377949,5.0,10.0,1,0.03333333333333333,0.12,0.9960079893439915,oct_selloff_2023_rates,orthogonal,max,max,max,2023-05-25,2023-10-27,0.36,1,1,rK52OtlkjovFyTcxPrxJ,Will the Real-time Sahm Rule Recession Indicator read above 0.5 percentage points by the end of 2023?,0.067651,rK52OtlkjovFyTcxPrxJ,Will the Real-time Sahm Rule Recession Indicator read above 0.5 percentage points by the end of 2023?,0.067651,0.5537857278705608,0.6435893843422571,0.3564106156577429,1,0.6083664953429395,0.6083664953429395,0.6083664953429395,True,True,True
2023-12-20,china_taiwan_2024,Kinetic,geopolitical,Will China inspecting ships in the Taiwan strait escalate to an armed conflict before 2024?,0.04653,0.2168810454350089,0.04653,1.0,0.9048374180359595,0.5151313649185795,0.004091416997174721,0.08793073279980058,0.07956301723258141,0.04529587840545218,10.0,10.0,229,7.633333333333334,0.1,0.4661101341822671,china_taiwan_2024_conflict,orthogonal,max,max,max,2023-04-06,2024-08-05,0.73,1,1,bB0Zbz10f5aqWn3JIAju,Will China inspecting ships in the Taiwan strait escalate to an armed conflict before 2024?,0.04653,bB0Zbz10f5aqWn3JIAju,Will China inspecting ships in the Taiwan strait escalate to an armed conflict before 2024?,0.04653,0.5537857278705608,0.6435893843422571,0.3564106156577429,2,0.3916335046570605,0.3916335046570605,0.3916335046570605,False,False,False
2023-12-21,oct_selloff_2023,Monetary,monetary_policy,Will the Real-time Sahm Rule Recession Indicator read above 0.5 percentage points by the end of 2023?,0.067651,0.3369046824355519,0.067651,0.5,0.9960079893439915,1.0,0.008890394068081455,0.06570778013688974,0.1308909479568012,0.13141556027377949,5.0,10.0,1,0.03333333333333333,0.12,0.9960079893439915,oct_selloff_2023_rates,orthogonal,max,max,max,2023-05-25,2023-10-27,0.36,1,1,rK52OtlkjovFyTcxPrxJ,Will the Real-time Sahm Rule Recession Indicator read above 0.5 percentage points by the end of 2023?,0.067651,rK52OtlkjovFyTcxPrxJ,Will the Real-time Sahm Rule Recession Indicator read above 0.5 percentage points by the end of 2023?,0.067651,0.5545098709232626,0.6432895787313816,0.3567104212686184,1,0.6075720200879442,0.6075720200879442,0.6075720200879442,True,True,True
2023-12-21,china_taiwan_2024,Kinetic,geopolitical,Will China inspecting ships in the Taiwan strait escalate to an armed conflict before 2024?,0.04653,0.21760518848771077,0.04653,1.0,0.9048374180359595,0.5168513344916992,0.0041022172001424825,0.08816284547909913,0.07977304147001132,0.045567084338457846,10.0,10.0,228,7.6,0.1,0.4676664270099091,china_taiwan_2024_conflict,orthogonal,max,max,max,2023-04-06,2024-08-05,0.73,1,1,bB0Zbz10f5aqWn3JIAju,Will China inspecting ships in the Taiwan strait escalate to an armed conflict before 2024?,0.04653,bB0Zbz10f5aqWn3JIAju,Will China inspecting ships in the Taiwan strait escalate to an armed conflict before 2024?,0.04653,0.5545098709232626,0.6432895787313816,0.3567104212686184,2,0.3924279799120558,0.3924279799120558,0.3924279799120558,False,False,False
2023-12-22,oct_selloff_2023,Monetary,monetary_policy,Will the Real-time Sahm Rule Recession Indicator read above 0.5 percentage points by the end of 2023?,0.067651,0.3369046824355519,0.067651,0.5,0.9960079893439915,1.0,0.008890394068081455,0.06570778013688974,0.1308909479568012,0.13141556027377949,5.0,10.0,1,0.03333333333333333,0.12,0.9960079893439915,oct_selloff_2023_rates,orthogonal,max,max,max,2023-05-25,2023-10-27,0.36,1,1,rK52OtlkjovFyTcxPrxJ,Will the Real-time Sahm Rule Recession Indicator read above 0.5 percentage points by the end of 2023?,0.067651,rK52OtlkjovFyTcxPrxJ,Will the Real-time Sahm Rule Recession Indicator read above 0.5 percentage points by the end of 2023?,0.067651,0.5552364318136309,0.6429890526894713,0.35701094731052874,1,0.6067769748737172,0.6067769748737172,0.6067769748737172,True,True,True
2023-12-22,china_taiwan_2024,Kinetic,geopolitical,Will China inspecting ships in the Taiwan strait escalate to an armed conflict before 2024?,0.04653,0.21833174937807898,0.04653,1.0,0.9048374180359595,0.5185770468627418,0.004113038346786741,0.08839540826964841,0.07998347298494317,0.045839829776700654,10.0,10.0,227,7.566666666666666,0.1,0.469227916135996,china_taiwan_2024_conflict,orthogonal,max,max,max,2023-04-06,2024-08-05,0.73,1,1,bB0Zbz10f5aqWn3JIAju,Will China inspecting ships in the Taiwan strait escalate to an armed conflict before 2024?,0.04653,bB0Zbz10f5aqWn3JIAju,Will China inspecting ships in the Taiwan strait escalate to an armed conflict before 2024?,0.04653,0.5552364318136309,0.6429890526894713,0.35701094731052874,2,0.39322302512628277,0.39322302512628277,0.39322302512628277,False,False,False
2023-12-26,oct_selloff_2023,Monetary,monetary_policy,Will the Real-time Sahm Rule Recession Indicator read above 0.5 percentage points by the end of 2023?,0.067651,0.3369046824355519,0.067651,0.5,0.9960079893439915,1.0,0.008890394068081455,0.06570778013688974,0.1308909479568012,0.13141556027377949,5.0,10.0,1,0.03333333333333333,0.12,0.9960079893439915,oct_selloff_2023_rates,orthogonal,max,max,max,2023-05-25,2023-10-27,0.36,1,1,rK52OtlkjovFyTcxPrxJ,Will the Real-time Sahm Rule Recession Indicator read above 0.5 percentage points by the end of 2023?,0.067651,rK52OtlkjovFyTcxPrxJ,Will the Real-time Sahm Rule Recession Indicator read above 0.5 percentage points by the end of 2023?,0.067651,0.5510246123386898,0.6447350944948349,0.3552649055051651,1,0.6114149438908763,0.6114149438908763,0.6114149438908763,True,True,True
2023-12-26,china_taiwan_2024,Kinetic,geopolitical,Will China inspecting ships in the Taiwan strait escalate to an armed conflict before 2024?,0.045028,0.21411992990313797,0.045028,1.0,0.9048374180359595,0.5255377087797466,0.003894877605685556,0.08649901407314463,0.07826754455660032,0.04545849366770748,10.0,10.0,223,7.433333333333334,0.1,0.4755261834927999,china_taiwan_2024_conflict,orthogonal,max,max,max,2023-04-06,2024-08-05,0.73,1,1,bB0Zbz10f5aqWn3JIAju,Will China inspecting ships in the Taiwan strait escalate to an armed conflict before 2024?,0.045028,bB0Zbz10f5aqWn3JIAju,Will China inspecting ships in the Taiwan strait escalate to an armed conflict before 2024?,0.045028,0.5510246123386898,0.6447350944948349,0.3552649055051651,2,0.3885850561091238,0.3885850561091238,0.3885850561091238,False,False,False
2023-12-27,oct_selloff_2023,Monetary,monetary_policy,Will the Real-time Sahm Rule Recession Indicator read above 0.5 percentage points by the end of 2023?,0.067651,0.3369046824355519,0.067651,0.5,0.9960079893439915,1.0,0.008890394068081455,0.06570778013688974,0.1308909479568012,0.13141556027377949,5.0,10.0,1,0.03333333333333333,0.12,0.9960079893439915,oct_selloff_2023_rates,orthogonal,max,max,max,2023-05-25,2023-10-27,0.36,1,1,rK52OtlkjovFyTcxPrxJ,Will the Real-time Sahm Rule Recession Indicator read above 0.5 percentage points by the end of 2023?,0.067651,rK52OtlkjovFyTcxPrxJ,Will the Real-time Sahm Rule Recession Indicator read above 0.5 percentage points by the end of 2023?,0.067651,0.5276929949741032,0.6545817800368664,0.3454182199631336,1,0.6384482751227079,0.6384482751227079,0.6384482751227079,True,True,True
2023-12-27,china_taiwan_2024,Kinetic,geopolitical,Will China inspecting ships in the Taiwan strait escalate to an armed conflict before 2024?,0.039988,0.19078831253855122,0.039988,1.0,0.9048374180359595,0.5272924240430485,0.0030861162489630857,0.07717605904178967,0.06983178599756373,0.04069435125023471,10.0,10.0,222,7.4,0.1,0.4771139155210343,china_taiwan_2024_conflict,orthogonal,max,max,max,2023-04-06,2024-08-05,0.73,1,1,bB0Zbz10f5aqWn3JIAju,Will China inspecting ships in the Taiwan strait escalate to an armed conflict before 2024?,0.039988,bB0Zbz10f5aqWn3JIAju,Will China inspecting ships in the Taiwan strait escalate to an armed conflict before 2024?,0.039988,0.5276929949741032,0.6545817800368664,0.3454182199631336,2,0.3615517248772921,0.3615517248772921,0.3615517248772921,False,False,False
2023-12-28,oct_selloff_2023,Monetary,monetary_policy,Will the Real-time Sahm Rule Recession Indicator read above 0.5 percentage points by the end of 2023?,0.067651,0.3369046824355519,0.067651,0.5,0.9960079893439915,1.0,0.008890394068081455,0.06570778013688974,0.1308909479568012,0.13141556027377949,5.0,10.0,1,0.03333333333333333,0.12,0.9960079893439915,oct_selloff_2023_rates,orthogonal,max,max,max,2023-05-25,2023-10-27,0.36,1,1,rK52OtlkjovFyTcxPrxJ,Will the Real-time Sahm Rule Recession Indicator read above 0.5 percentage points by the end of 2023?,0.067651,rK52OtlkjovFyTcxPrxJ,Will the Real-time Sahm Rule Recession Indicator read above 0.5 percentage points by the end of 2023?,0.067651,0.5283300171296557,0.6543089442672153,0.3456910557327847,1,0.6376784803292244,0.6376784803292244,0.6376784803292244,True,True,True
2023-12-28,china_taiwan_2024,Kinetic,geopolitical,Will China inspecting ships in the Taiwan strait escalate to an armed conflict before 2024?,0.039988,0.19142533469410375,0.039988,1.0,0.9048374180359595,0.5290529981164869,0.0030942168514704075,0.07737863487722335,0.07001508419345402,0.04093739877195597,10.0,10.0,221,7.366666666666666,0.1,0.47870694881990533,china_taiwan_2024_conflict,orthogonal,max,max,max,2023-04-06,2024-08-05,0.73,1,1,bB0Zbz10f5aqWn3JIAju,Will China inspecting ships in the Taiwan strait escalate to an armed conflict before 2024?,0.039988,bB0Zbz10f5aqWn3JIAju,Will China inspecting ships in the Taiwan strait escalate to an armed conflict before 2024?,0.039988,0.5283300171296557,0.6543089442672153,0.3456910557327847,2,0.36232151967077564,0.36232151967077564,0.36232151967077564,False,False,False
2023-12-29,oct_selloff_2023,Monetary,monetary_policy,Will the Real-time Sahm Rule Recession Indicator read above 0.5 percentage points by the end of 2023?,0.067651,0.3369046824355519,0.067651,0.5,0.9960079893439915,1.0,0.008890394068081455,0.06570778013688974,0.1308909479568012,0.13141556027377949,5.0,10.0,1,0.03333333333333333,0.12,0.9960079893439915,oct_selloff_2023_rates,orthogonal,max,max,max,2023-05-25,2023-10-27,0.36,1,1,rK52OtlkjovFyTcxPrxJ,Will the Real-time Sahm Rule Recession Indicator read above 0.5 percentage points by the end of 2023?,0.067651,rK52OtlkjovFyTcxPrxJ,Will the Real-time Sahm Rule Recession Indicator read above 0.5 percentage points by the end of 2023?,0.067651,0.5289691662353408,0.654035426013345,0.34596457398665503,1,0.6369079786508036,0.6369079786508036,0.6369079786508036,True,True,True
2023-12-29,china_taiwan_2024,Kinetic,geopolitical,Will China inspecting ships in the Taiwan strait escalate to an armed conflict before 2024?,0.039988,0.192064483799789,0.039988,1.0,0.9048374180359595,0.530819450562014,0.0031023329216583137,0.07758159752071404,0.0701987323877479,0.041181820969668735,10.0,10.0,220,7.333333333333333,0.1,0.48030530108979935,china_taiwan_2024_conflict,orthogonal,max,max,max,2023-04-06,2024-08-05,0.73,1,1,bB0Zbz10f5aqWn3JIAju,Will China inspecting ships in the Taiwan strait escalate to an armed conflict before 2024?,0.039988,bB0Zbz10f5aqWn3JIAju,Will China inspecting ships in the Taiwan strait escalate to an armed conflict before 2024?,0.039988,0.5289691662353408,0.654035426013345,0.34596457398665503,2,0.3630920213491964,0.3630920213491964,0.3630920213491964,False,False,False
2024-01-02,china_taiwan_2024,Kinetic,geopolitical,[ACX 2024] Will there be 10 or more armed forces conflict deaths between China and Taiwan in 2024?,0.050412,0.2453815472745409,0.050412,1.0,0.9048374180359595,0.5379444375946745,0.004961577509613754,0.09842056473882715,0.08905460967992136,0.05294479534617862,10.0,10.0,216,7.2,0.1,0.4867522559599716,china_taiwan_2024_conflict,orthogonal,max,max,max,2024-01-01,2024-08-05,0.77,1,2,UjzOb7pBZuVnZvuKzR8n,[ACX 2024] Will there be 10 or more armed forces conflict deaths between China and Taiwan in 2024?,0.050412,UjzOb7pBZuVnZvuKzR8n,[ACX 2024] Will there be 10 or more armed forces conflict deaths between China and Taiwan in 2024?,0.050412,0.2453815472745409,0.8029667712585377,0.19703322874146234,1,1.0,1.0,1.0,True,True,True
2024-01-03,china_taiwan_2024,Kinetic,geopolitical,[ACX 2024] Will there be 10 or more armed forces conflict deaths between China and Taiwan in 2024?,0.082526,0.4030383914419775,0.082526,1.0,0.9048374180359595,0.5397405776236126,0.013161763959563328,0.15948627050339684,0.1443091452144782,0.08608121176453915,10.0,10.0,215,7.166666666666667,0.1,0.48837747066618703,china_taiwan_2024_conflict,orthogonal,max,max,max,2024-01-01,2024-08-05,0.77,1,1,UjzOb7pBZuVnZvuKzR8n,[ACX 2024] Will there be 10 or more armed forces conflict deaths between China and Taiwan in 2024?,0.082526,UjzOb7pBZuVnZvuKzR8n,[ACX 2024] Will there be 10 or more armed forces conflict deaths between China and Taiwan in 2024?,0.082526,0.4030383914419775,0.7127388716514355,0.28726112834856454,1,1.0,1.0,1.0,True,True,True
2024-01-04,china_taiwan_2024,Kinetic,geopolitical,[ACX 2024] Will there be 10 or more armed forces conflict deaths between China and Taiwan in 2024?,0.046518,0.22794197344422484,0.046518,1.0,0.9048374180359595,0.5415427147756329,0.004253444848434099,0.09143653743570444,0.08273520044747115,0.049516790712615166,10.0,10.0,214,7.133333333333334,0.1,0.4900081117937677,china_taiwan_2024_conflict,orthogonal,max,max,max,2024-01-01,2024-08-05,0.77,1,1,UjzOb7pBZuVnZvuKzR8n,[ACX 2024] Will there be 10 or more armed forces conflict deaths between China and Taiwan in 2024?,0.046518,UjzOb7pBZuVnZvuKzR8n,[ACX 2024] Will there be 10 or more armed forces conflict deaths between China and Taiwan in 2024?,0.046518,0.22794197344422484,0.8143707289320229,0.1856292710679771,1,1.0,1.0,1.0,True,True,True
2024-01-05,china_taiwan_2024,Kinetic,geopolitical,[ACX 2024] Will there be 10 or more armed forces conflict deaths between China and Taiwan in 2024?,0.046518,0.22870304777489173,0.046518,1.0,0.9048374180359595,0.5433508690744998,0.004264553479245452,0.09167534028215857,0.08295127819847635,0.04981187581501136,10.0,10.0,213,7.1,0.1,0.4916441974609651,china_taiwan_2024_conflict,orthogonal,max,max,max,2024-01-01,2024-08-05,0.77,1,1,UjzOb7pBZuVnZvuKzR8n,[ACX 2024] Will there be 10 or more armed forces conflict deaths between China and Taiwan in 2024?,0.046518,UjzOb7pBZuVnZvuKzR8n,[ACX 2024] Will there be 10 or more armed forces conflict deaths between China and Taiwan in 2024?,0.046518,0.22870304777489173,0.8138662973213427,0.18613370267865725,1,1.0,1.0,1.0,True,True,True
2024-01-08,china_taiwan_2024,Kinetic,geopolitical,[ACX 2024] Will there be 10 or more armed forces conflict deaths between China and Taiwan in 2024?,0.082203,0.4082080172756523,0.082203,1.0,0.9048374180359595,0.5488116360940264,0.013232603057209106,0.160974697483171,0.14565592963979213,0.08834478709548003,10.0,10.0,210,7.0,0.1,0.49658530379140947,china_taiwan_2024_conflict,orthogonal,max,max,max,2024-01-01,2024-08-05,0.77,1,1,UjzOb7pBZuVnZvuKzR8n,[ACX 2024] Will there be 10 or more armed forces conflict deaths between China and Taiwan in 2024?,0.082203,UjzOb7pBZuVnZvuKzR8n,[ACX 2024] Will there be 10 or more armed forces conflict deaths between China and Taiwan in 2024?,0.082203,0.4082080172756523,0.7101223595748447,0.2898776404251553,1,1.0,1.0,1.0,True,True,True
2024-01-09,china_taiwan_2024,Kinetic,geopolitical,[ACX 2024] Will there be 10 or more armed forces conflict deaths between China and Taiwan in 2024?,0.084603,0.4215288214110937,0.084603,1.0,0.9048374180359595,0.5506440605584249,0.014039927875775808,0.1659507094993772,0.15015841150465206,0.09137977253128864,10.0,10.0,209,6.966666666666667,0.1,0.4982433500125217,china_taiwan_2024_conflict,orthogonal,max,max,max,2024-01-01,2024-08-05,0.77,1,1,UjzOb7pBZuVnZvuKzR8n,[ACX 2024] Will there be 10 or more armed forces conflict deaths between China and Taiwan in 2024?,0.084603,UjzOb7pBZuVnZvuKzR8n,[ACX 2024] Will there be 10 or more armed forces conflict deaths between China and Taiwan in 2024?,0.084603,0.4215288214110937,0.7034679740135981,0.29653202598640194,1,1.0,1.0,1.0,True,True,True
2024-01-10,china_taiwan_2024,Kinetic,geopolitical,[ACX 2024] Will there be 10 or more armed forces conflict deaths between China and Taiwan in 2024?,0.093294,0.4663831733975548,0.093294,1.0,0.9048374180359595,0.5524826032958279,0.017058932247315337,0.18285133285436725,0.16545072790437945,0.10102218039149276,10.0,10.0,208,6.933333333333334,0.1,0.4999069322759822,china_taiwan_2024_conflict,orthogonal,max,max,max,2024-01-01,2024-08-05,0.77,1,1,UjzOb7pBZuVnZvuKzR8n,[ACX 2024] Will there be 10 or more armed forces conflict deaths between China and Taiwan in 2024?,0.093294,UjzOb7pBZuVnZvuKzR8n,[ACX 2024] Will there be 10 or more armed forces conflict deaths between China and Taiwan in 2024?,0.093294,0.4663831733975548,0.6819499965231035,0.3180500034768965,1,1.0,1.0,1.0,True,True,True
2024-01-11,china_taiwan_2024,Kinetic,geopolitical,[ACX 2024] Will there be 10 or more armed forces conflict deaths between China and Taiwan in 2024?,0.103335,0.5183036309694085,0.103335,1.0,0.9048374180359595,0.554327284734507,0.02090103879751408,0.20226485505892564,0.18301680921093585,0.11212092790203285,10.0,10.0,207,6.9,0.1,0.5015760690660555,china_taiwan_2024_conflict,orthogonal,max,max,max,2024-01-01,2024-08-05,0.77,1,1,UjzOb7pBZuVnZvuKzR8n,[ACX 2024] Will there be 10 or more armed forces conflict deaths between China and Taiwan in 2024?,0.103335,UjzOb7pBZuVnZvuKzR8n,[ACX 2024] Will there be 10 or more armed forces conflict deaths between China and Taiwan in 2024?,0.103335,0.5183036309694085,0.6586297889319535,0.34137021106804655,1,1.0,1.0,1.0,True,True,True
2024-01-12,china_taiwan_2024,Kinetic,geopolitical,[ACX 2024] Will there be 10 or more armed forces conflict deaths between China and Taiwan in 2024?,0.102023,0.5134315421864513,0.102023,1.0,0.9048374180359595,0.5561781253709418,0.020437393094705526,0.20032142844952144,0.18125832409554019,0.11141439654668409,10.0,10.0,206,6.866666666666666,0.1,0.5032507789287232,china_taiwan_2024_conflict,orthogonal,max,max,max,2024-01-01,2024-08-05,0.77,1,1,UjzOb7pBZuVnZvuKzR8n,[ACX 2024] Will there be 10 or more armed forces conflict deaths between China and Taiwan in 2024?,0.102023,UjzOb7pBZuVnZvuKzR8n,[ACX 2024] Will there be 10 or more armed forces conflict deaths between China and Taiwan in 2024?,0.102023,0.5134315421864513,0.6607500716915825,0.3392499283084175,1,1.0,1.0,1.0,True,True,True
2024-01-16,china_taiwan_2024,Kinetic,geopolitical,[ACX 2024] Will there be 10 or more armed forces conflict deaths between China and Taiwan in 2024?,0.114424,0.5835689475662624,0.114424,1.0,0.9048374180359595,0.5636434922238741,0.02585240091150111,0.22593512647260283,0.2044345564810979,0.12734686370106052,10.0,10.0,202,6.733333333333333,0.1,0.5100057221966217,china_taiwan_2024_conflict,orthogonal,max,max,max,2024-01-01,2024-08-05,0.77,1,1,UjzOb7pBZuVnZvuKzR8n,[ACX 2024] Will there be 10 or more armed forces conflict deaths between China and Taiwan in 2024?,0.114424,UjzOb7pBZuVnZvuKzR8n,[ACX 2024] Will there be 10 or more armed forces conflict deaths between China and Taiwan in 2024?,0.114424,0.5835689475662624,0.6314849767273276,0.3685150232726724,1,1.0,1.0,1.0,True,True,True
2024-01-17,china_taiwan_2024,Kinetic,geopolitical,[ACX 2024] Will there be 10 or more armed forces conflict deaths between China and Taiwan in 2024?,0.110205,0.5639284381496591,0.110205,1.0,0.9048374180359595,0.5655254386995371,0.024082968159148548,0.21852881592621523,0.19773304956913204,0.12358360449516324,10.0,10.0,201,6.7,0.1,0.5117085777865424,china_taiwan_2024_conflict,orthogonal,max,max,max,2024-01-01,2024-08-05,0.77,1,1,UjzOb7pBZuVnZvuKzR8n,[ACX 2024] Will there be 10 or more armed forces conflict deaths between China and Taiwan in 2024?,0.110205,UjzOb7pBZuVnZvuKzR8n,[ACX 2024] Will there be 10 or more armed forces conflict deaths between China and Taiwan in 2024?,0.110205,0.5639284381496591,0.6394154461332877,0.3605845538667123,1,1.0,1.0,1.0,True,True,True
2024-01-18,china_taiwan_2024,Kinetic,geopolitical,[ACX 2024] Will there be 10 or more armed forces conflict deaths between China and Taiwan in 2024?,0.133595,0.6858996001715911,0.133595,1.0,0.9048374180359595,0.5674136687970037,0.03516430135606756,0.2632156993605117,0.2381674137958948,0.14935218565911712,10.0,10.0,200,6.666666666666667,0.1,0.5134171190325919,china_taiwan_2024_conflict,orthogonal,max,max,max,2024-01-01,2024-08-05,0.77,1,1,UjzOb7pBZuVnZvuKzR8n,[ACX 2024] Will there be 10 or more armed forces conflict deaths between China and Taiwan in 2024?,0.133595,UjzOb7pBZuVnZvuKzR8n,[ACX 2024] Will there be 10 or more armed forces conflict deaths between China and Taiwan in 2024?,0.133595,0.6858996001715911,0.5931551320720522,0.40684486792794783,1,1.0,1.0,1.0,True,True,True
2024-01-19,china_taiwan_2024,Kinetic,geopolitical,[ACX 2024] Will there be 10 or more armed forces conflict deaths between China and Taiwan in 2024?,0.131705,0.6784537641660151,0.131705,1.0,0.9048374180359595,0.569308203496628,0.034290435634001123,0.2603578879617412,0.23558155910859754,0.14822388146167526,10.0,10.0,199,6.633333333333334,0.1,0.5151313649185795,china_taiwan_2024_conflict,orthogonal,max,max,max,2024-01-01,2024-08-05,0.77,1,1,UjzOb7pBZuVnZvuKzR8n,[ACX 2024] Will there be 10 or more armed forces conflict deaths between China and Taiwan in 2024?,0.131705,UjzOb7pBZuVnZvuKzR8n,[ACX 2024] Will there be 10 or more armed forces conflict deaths between China and Taiwan in 2024?,0.131705,0.6784537641660151,0.5957864442556611,0.4042135557443389,1,1.0,1.0,1.0,True,True,True
2024-01-22,china_taiwan_2024,Kinetic,geopolitical,[ACX 2024] Will there be 10 or more armed forces conflict deaths between China and Taiwan in 2024?,0.057599,0.2996925051296207,0.057599,1.0,0.9048374180359595,0.5750298460641567,0.006802844572628353,0.1181069909656132,0.10686762475732185,0.0679150448340573,10.0,10.0,196,6.533333333333333,0.1,0.5203085212063069,china_taiwan_2024_conflict,orthogonal,max,max,max,2024-01-01,2024-08-05,0.77,1,1,UjzOb7pBZuVnZvuKzR8n,[ACX 2024] Will there be 10 or more armed forces conflict deaths between China and Taiwan in 2024?,0.057599,UjzOb7pBZuVnZvuKzR8n,[ACX 2024] Will there be 10 or more armed forces conflict deaths between China and Taiwan in 2024?,0.057599,0.2996925051296207,0.7694127619057619,0.2305872380942381,1,1.0,1.0,1.0,True,True,True
2024-01-23,china_taiwan_2024,Kinetic,geopolitical,[ACX 2024] Will there be 10 or more armed forces conflict deaths between China and Taiwan in 2024?,0.05685,0.29678302408863755,0.05685,1.0,0.9048374180359595,0.5769498103804866,0.0066461307391933065,0.11690643340709424,0.10578131535586799,0.067449144586482,10.0,10.0,195,6.5,0.1,0.5220457767610159,china_taiwan_2024_conflict,orthogonal,max,max,max,2024-01-01,2024-08-05,0.77,1,1,UjzOb7pBZuVnZvuKzR8n,[ACX 2024] Will there be 10 or more armed forces conflict deaths between China and Taiwan in 2024?,0.05685,UjzOb7pBZuVnZvuKzR8n,[ACX 2024] Will there be 10 or more armed forces conflict deaths between China and Taiwan in 2024?,0.05685,0.29678302408863755,0.7711390274427653,0.2288609725572347,1,1.0,1.0,1.0,True,True,True
2024-01-24,china_taiwan_2024,Kinetic,geopolitical,[ACX 2024] Will there be 10 or more armed forces conflict deaths between China and Taiwan in 2024?,0.05685,0.2977739514636996,0.05685,1.0,0.9048374180359595,0.578876185256201,0.006663265237199645,0.11720783178891198,0.10605403188947217,0.06784882254811585,10.0,10.0,194,6.466666666666667,0.1,0.5237888328297267,china_taiwan_2024_conflict,orthogonal,max,max,max,2024-01-01,2024-08-05,0.77,1,1,UjzOb7pBZuVnZvuKzR8n,[ACX 2024] Will there be 10 or more armed forces conflict deaths between China and Taiwan in 2024?,0.05685,UjzOb7pBZuVnZvuKzR8n,[ACX 2024] Will there be 10 or more armed forces conflict deaths between China and Taiwan in 2024?,0.05685,0.2977739514636996,0.7705502170637235,0.2294497829362765,1,1.0,1.0,1.0,True,True,True
2024-01-25,china_taiwan_2024,Kinetic,geopolitical,[ACX 2024] Will there be 10 or more armed forces conflict deaths between China and Taiwan in 2024?,0.056484,0.29684471942715207,0.056484,1.0,0.9048374180359595,0.5808089920954849,0.006595640044782871,0.11677005957054866,0.10565791920572042,0.0678211006061001,10.0,10.0,193,6.433333333333334,0.1,0.5255377087797466,china_taiwan_2024_conflict,orthogonal,max,max,max,2024-01-01,2024-08-05,0.77,1,1,UjzOb7pBZuVnZvuKzR8n,[ACX 2024] Will there be 10 or more armed forces conflict deaths between China and Taiwan in 2024?,0.056484,UjzOb7pBZuVnZvuKzR8n,[ACX 2024] Will there be 10 or more armed forces conflict deaths between China and Taiwan in 2024?,0.056484,0.29684471942715207,0.7711023417219328,0.22889765827806718,1,1.0,1.0,1.0,True,True,True
2024-01-26,china_taiwan_2024,Kinetic,geopolitical,[ACX 2024] Will there be 10 or more armed forces conflict deaths between China and Taiwan in 2024?,0.056123,0.29593232714568013,0.056123,1.0,0.9048374180359595,0.5827482523739896,0.006529289375626624,0.11633892300173947,0.10526781070597824,0.06779630406233582,10.0,10.0,192,6.4,0.1,0.5272924240430485,china_taiwan_2024_conflict,orthogonal,max,max,max,2024-01-01,2024-08-05,0.77,1,1,UjzOb7pBZuVnZvuKzR8n,[ACX 2024] Will there be 10 or more armed forces conflict deaths between China and Taiwan in 2024?,0.056123,UjzOb7pBZuVnZvuKzR8n,[ACX 2024] Will there be 10 or more armed forces conflict deaths between China and Taiwan in 2024?,0.056123,0.29593232714568013,0.7716452310457617,0.22835476895423834,1,1.0,1.0,1.0,True,True,True
2024-01-29,china_taiwan_2024,Kinetic,geopolitical,[ACX 2024] Will there be 10 or more armed forces conflict deaths between China and Taiwan in 2024?,0.070777,0.37695249899865163,0.070777,1.0,0.9048374180359595,0.5886049696783552,0.01040455709423877,0.14700477689417138,0.13301542276387432,0.08652774224636711,10.0,10.0,189,6.3,0.1,0.5325918010068972,china_taiwan_2024_conflict,orthogonal,max,max,max,2024-01-01,2024-08-05,0.77,1,1,UjzOb7pBZuVnZvuKzR8n,[ACX 2024] Will there be 10 or more armed forces conflict deaths between China and Taiwan in 2024?,0.070777,UjzOb7pBZuVnZvuKzR8n,[ACX 2024] Will there be 10 or more armed forces conflict deaths between China and Taiwan in 2024?,0.070777,0.37695249899865163,0.7262414649214266,0.2737585350785734,1,1.0,1.0,1.0,True,True,True
2024-01-30,china_taiwan_2024,Kinetic,geopolitical,[ACX 2024] Will there be 10 or more armed forces conflict deaths between China and Taiwan in 2024?,0.070777,0.3782111038380047,0.070777,1.0,0.9048374180359595,0.5905702599079529,0.010431301973866563,0.1473826521873852,0.1333573384685255,0.0870398112082275,10.0,10.0,188,6.266666666666667,0.1,0.5343700691439376,china_taiwan_2024_conflict,orthogonal,max,max,max,2024-01-01,2024-08-05,0.77,1,1,UjzOb7pBZuVnZvuKzR8n,[ACX 2024] Will there be 10 or more armed forces conflict deaths between China and Taiwan in 2024?,0.070777,UjzOb7pBZuVnZvuKzR8n,[ACX 2024] Will there be 10 or more armed forces conflict deaths between China and Taiwan in 2024?,0.070777,0.3782111038380047,0.7255782493808295,0.2744217506191705,1,1.0,1.0,1.0,True,True,True
2024-01-31,china_taiwan_2024,Kinetic,geopolitical,[ACX 2024] Will there be 10 or more armed forces conflict deaths between China and Taiwan in 2024?,0.0468,0.2509202005744302,0.0468,1.0,0.9048374180359595,0.5925421120354032,0.004615659094841452,0.09862519433421904,0.0892397661946695,0.05843958095070023,10.0,10.0,187,6.233333333333333,0.1,0.5361542747316885,china_taiwan_2024_conflict,orthogonal,max,max,max,2024-01-01,2024-08-05,0.77,1,1,UjzOb7pBZuVnZvuKzR8n,[ACX 2024] Will there be 10 or more armed forces conflict deaths between China and Taiwan in 2024?,0.0468,UjzOb7pBZuVnZvuKzR8n,[ACX 2024] Will there be 10 or more armed forces conflict deaths between China and Taiwan in 2024?,0.0468,0.2509202005744302,0.799411504859218,0.20058849514078203,1,1.0,1.0,1.0,True,True,True
2024-02-01,china_taiwan_2024,Kinetic,geopolitical,[ACX 2024] Will there be 10 or more armed forces conflict deaths between China and Taiwan in 2024?,0.0468,0.25175799679430766,0.0468,1.0,0.9048374180359595,0.5945205479701944,0.004627471825110289,0.09887760310064721,0.089468155091174,0.058784766777376166,10.0,10.0,186,6.2,0.1,0.5379444375946745,china_taiwan_2024_conflict,orthogonal,max,max,max,2024-01-01,2024-08-05,0.77,1,1,UjzOb7pBZuVnZvuKzR8n,[ACX 2024] Will there be 10 or more armed forces conflict deaths between China and Taiwan in 2024?,0.0468,UjzOb7pBZuVnZvuKzR8n,[ACX 2024] Will there be 10 or more armed forces conflict deaths between China and Taiwan in 2024?,0.0468,0.25175799679430766,0.7988764621923345,0.20112353780766545,1,1.0,1.0,1.0,True,True,True
2024-02-02,china_taiwan_2024,Kinetic,geopolitical,[ACX 2024] Will there be 10 or more armed forces conflict deaths between China and Taiwan in 2024?,0.043321,0.2338210156323252,0.043321,1.0,0.9048374180359595,0.5965055896949684,0.003980627771459813,0.09188679327485084,0.08314260877842,0.054810985807594546,10.0,10.0,185,6.166666666666667,0.1,0.5397405776236126,china_taiwan_2024_conflict,orthogonal,max,max,max,2024-01-01,2024-08-05,0.77,1,1,UjzOb7pBZuVnZvuKzR8n,[ACX 2024] Will there be 10 or more armed forces conflict deaths between China and Taiwan in 2024?,0.043321,UjzOb7pBZuVnZvuKzR8n,[ACX 2024] Will there be 10 or more armed forces conflict deaths between China and Taiwan in 2024?,0.043321,0.2338210156323252,0.8104903282811295,0.18950967171887045,1,1.0,1.0,1.0,True,True,True
2024-02-05,china_taiwan_2024,Kinetic,geopolitical,[ACX 2024] Will there be 10 or more armed forces conflict deaths between China and Taiwan in 2024?,0.048549,0.26467218527595443,0.048549,1.0,0.9048374180359595,0.602500570538043,0.005027440563845677,0.10355394681343956,0.09369948586210572,0.06239131203656349,10.0,10.0,182,6.066666666666666,0.1,0.5451650606108353,china_taiwan_2024_conflict,orthogonal,max,max,max,2024-01-01,2024-08-05,0.77,1,1,UjzOb7pBZuVnZvuKzR8n,[ACX 2024] Will there be 10 or more armed forces conflict deaths between China and Taiwan in 2024?,0.048549,UjzOb7pBZuVnZvuKzR8n,[ACX 2024] Will there be 10 or more armed forces conflict deaths between China and Taiwan in 2024?,0.048549,0.26467218527595443,0.7907187424872459,0.20928125751275406,1,1.0,1.0,1.0,True,True,True
2024-02-06,china_taiwan_2024,Kinetic,geopolitical,[ACX 2024] Will there be 10 or more armed forces conflict deaths between China and Taiwan in 2024?,0.048285,0.2641118567125198,0.048285,1.0,0.9048374180359595,0.6045122567208023,0.004986107330819962,0.1032641054327423,0.09343722653555564,0.062424417413401906,10.0,10.0,181,6.033333333333333,0.1,0.5469853095423419,china_taiwan_2024_conflict,orthogonal,max,max,max,2024-01-01,2024-08-05,0.77,1,1,UjzOb7pBZuVnZvuKzR8n,[ACX 2024] Will there be 10 or more armed forces conflict deaths between China and Taiwan in 2024?,0.048285,UjzOb7pBZuVnZvuKzR8n,[ACX 2024] Will there be 10 or more armed forces conflict deaths between China and Taiwan in 2024?,0.048285,0.2641118567125198,0.7910692354398324,0.20893076456016757,1,1.0,1.0,1.0,True,True,True
2024-02-07,china_taiwan_2024,Kinetic,geopolitical,[ACX 2024] Will there be 10 or more armed forces conflict deaths between China and Taiwan in 2024?,0.07,0.3841681452658185,0.07,1.0,0.9048374180359595,0.6065306597126334,0.010417642644772167,0.1488234663538881,0.1346610410388136,0.09026599522834465,10.0,10.0,180,6.0,0.1,0.5488116360940264,china_taiwan_2024_conflict,orthogonal,max,max,max,2024-01-01,2024-08-05,0.77,1,1,UjzOb7pBZuVnZvuKzR8n,[ACX 2024] Will there be 10 or more armed forces conflict deaths between China and Taiwan in 2024?,0.07,UjzOb7pBZuVnZvuKzR8n,[ACX 2024] Will there be 10 or more armed forces conflict deaths between China and Taiwan in 2024?,0.07,0.3841681452658185,0.7224555798515057,0.27754442014849434,1,1.0,1.0,1.0,True,True,True
2024-02-08,china_taiwan_2024,Kinetic,geopolitical,[ACX 2024] Will there be 10 or more armed forces conflict deaths between China and Taiwan in 2024?,0.07,0.38545084239089733,0.07,1.0,0.9048374180359595,0.6085558019402568,0.010444232321555452,0.1492033188793636,0.1350047458171993,0.09079854537277898,10.0,10.0,179,5.966666666666667,0.1,0.5506440605584247,china_taiwan_2024_conflict,orthogonal,max,max,max,2024-01-01,2024-08-05,0.77,1,1,UjzOb7pBZuVnZvuKzR8n,[ACX 2024] Will there be 10 or more armed forces conflict deaths between China and Taiwan in 2024?,0.07,UjzOb7pBZuVnZvuKzR8n,[ACX 2024] Will there be 10 or more armed forces conflict deaths between China and Taiwan in 2024?,0.07,0.38545084239089733,0.7217867061051997,0.2782132938948003,1,1.0,1.0,1.0,True,True,True
2024-02-09,china_taiwan_2024,Kinetic,geopolitical,[ACX 2024] Will there be 10 or more armed forces conflict deaths between China and Taiwan in 2024?,0.07,0.3867378223070795,0.07,1.0,0.9048374180359595,0.6105877059052739,0.010470868914674823,0.14958384163821176,0.13534905704781938,0.0913340547063735,10.0,10.0,178,5.933333333333334,0.1,0.5524826032958278,china_taiwan_2024_conflict,orthogonal,max,max,max,2024-01-01,2024-08-05,0.77,1,1,UjzOb7pBZuVnZvuKzR8n,[ACX 2024] Will there be 10 or more armed forces conflict deaths between China and Taiwan in 2024?,0.07,UjzOb7pBZuVnZvuKzR8n,[ACX 2024] Will there be 10 or more armed forces conflict deaths between China and Taiwan in 2024?,0.07,0.3867378223070795,0.7211168426460931,0.2788831573539069,1,1.0,1.0,1.0,True,True,True
2024-02-12,china_taiwan_2024,Kinetic,geopolitical,[ACX 2024] Will there be 10 or more armed forces conflict deaths between China and Taiwan in 2024?,0.07,0.390624602039033,0.07,1.0,0.9048374180359595,0.6167242143691608,0.010551059948111573,0.15072942783016532,0.1363856262998843,0.09295848796087183,10.0,10.0,175,5.833333333333333,0.1,0.5580351457700471,china_taiwan_2024_conflict,orthogonal,max,max,max,2024-01-01,2024-08-05,0.77,1,1,UjzOb7pBZuVnZvuKzR8n,[ACX 2024] Will there be 10 or more armed forces conflict deaths between China and Taiwan in 2024?,0.07,UjzOb7pBZuVnZvuKzR8n,[ACX 2024] Will there be 10 or more armed forces conflict deaths between China and Taiwan in 2024?,0.07,0.390624602039033,0.7191013293837378,0.28089867061626217,1,1.0,1.0,1.0,True,True,True
2024-02-13,china_taiwan_2024,Kinetic,geopolitical,[ACX 2024] Will there be 10 or more armed forces conflict deaths between China and Taiwan in 2024?,0.069479,0.38901178610597564,0.069479,1.0,0.9048374180359595,0.6187833918061408,0.010423104341865995,0.1500180535394291,0.13574194822339736,0.09282868000128316,10.0,10.0,174,5.8,0.1,0.5598983665654019,china_taiwan_2024_conflict,orthogonal,max,max,max,2024-01-01,2024-08-05,0.77,1,1,UjzOb7pBZuVnZvuKzR8n,[ACX 2024] Will there be 10 or more armed forces conflict deaths between China and Taiwan in 2024?,0.069479,UjzOb7pBZuVnZvuKzR8n,[ACX 2024] Will there be 10 or more armed forces conflict deaths between China and Taiwan in 2024?,0.069479,0.38901178610597564,0.7199362957195989,0.28006370428040106,1,1.0,1.0,1.0,True,True,True
2024-02-14,china_taiwan_2024,Kinetic,geopolitical,[ACX 2024] Will there be 10 or more armed forces conflict deaths between China and Taiwan in 2024?,0.069479,0.3903106556395614,0.069479,1.0,0.9048374180359595,0.6208494446205071,0.010449580288260315,0.15039911755005564,0.1360867491988791,0.0933752086023664,10.0,10.0,173,5.766666666666667,0.1,0.561767808459479,china_taiwan_2024_conflict,orthogonal,max,max,max,2024-01-01,2024-08-05,0.77,1,1,UjzOb7pBZuVnZvuKzR8n,[ACX 2024] Will there be 10 or more armed forces conflict deaths between China and Taiwan in 2024?,0.069479,UjzOb7pBZuVnZvuKzR8n,[ACX 2024] Will there be 10 or more armed forces conflict deaths between China and Taiwan in 2024?,0.069479,0.3903106556395614,0.7192637098361205,0.28073629016387946,1,1.0,1.0,1.0,True,True,True
2024-02-15,china_taiwan_2024,Kinetic,geopolitical,[ACX 2024] Will there be 10 or more armed forces conflict deaths between China and Taiwan in 2024?,0.069479,0.3916138619622255,0.069479,1.0,0.9048374180359595,0.6229223957684231,0.010476102301666424,0.15078084459572566,0.13643215011327767,0.09392476495155573,10.0,10.0,172,5.733333333333333,0.1,0.5636434922238741,china_taiwan_2024_conflict,orthogonal,max,max,max,2024-01-01,2024-08-05,0.77,1,1,UjzOb7pBZuVnZvuKzR8n,[ACX 2024] Will there be 10 or more armed forces conflict deaths between China and Taiwan in 2024?,0.069479,UjzOb7pBZuVnZvuKzR8n,[ACX 2024] Will there be 10 or more armed forces conflict deaths between China and Taiwan in 2024?,0.069479,0.3916138619622255,0.7185901400766187,0.2814098599233813,1,1.0,1.0,1.0,True,True,True
2024-02-16,china_taiwan_2024,Kinetic,geopolitical,[ACX 2024] Will there be 10 or more armed forces conflict deaths between China and Taiwan in 2024?,0.069479,0.3929214195540513,0.069479,1.0,0.9048374180359595,0.6250022682827008,0.010502670354691993,0.1511632342821859,0.13677815060985793,0.09447736430731549,10.0,10.0,171,5.7,0.1,0.5655254386995371,china_taiwan_2024_conflict,orthogonal,max,max,max,2024-01-01,2024-08-05,0.77,1,1,UjzOb7pBZuVnZvuKzR8n,[ACX 2024] Will there be 10 or more armed forces conflict deaths between China and Taiwan in 2024?,0.069479,UjzOb7pBZuVnZvuKzR8n,[ACX 2024] Will there be 10 or more armed forces conflict deaths between China and Taiwan in 2024?,0.069479,0.3929214195540513,0.7179155880309124,0.2820844119690876,1,1.0,1.0,1.0,True,True,True
2024-02-20,china_taiwan_2024,Kinetic,geopolitical,[ACX 2024] Will there be 10 or more armed forces conflict deaths between China and Taiwan in 2024?,0.053406,0.30607847567651036,0.053406,1.0,0.9048374180359595,0.6333914353567085,0.006307380474753558,0.11810246928722536,0.1068635333735242,0.07480509254100726,10.0,10.0,167,5.566666666666666,0.1,0.5731162709742544,china_taiwan_2024_conflict,orthogonal,max,max,max,2024-01-01,2024-08-05,0.77,1,1,UjzOb7pBZuVnZvuKzR8n,[ACX 2024] Will there be 10 or more armed forces conflict deaths between China and Taiwan in 2024?,0.053406,UjzOb7pBZuVnZvuKzR8n,[ACX 2024] Will there be 10 or more armed forces conflict deaths between China and Taiwan in 2024?,0.053406,0.30607847567651036,0.7656507772107869,0.2343492227892131,1,1.0,1.0,1.0,True,True,True
2024-02-21,china_taiwan_2024,Kinetic,geopolitical,[ACX 2024] Will there be 10 or more armed forces conflict deaths between China and Taiwan in 2024?,0.053406,0.3071004395890235,0.053406,1.0,0.9048374180359595,0.6355062628956224,0.006323280229108591,0.11840018404502474,0.10713291682628259,0.07524405848860756,10.0,10.0,166,5.533333333333333,0.1,0.5750298460641566,china_taiwan_2024_conflict,orthogonal,max,max,max,2024-01-01,2024-08-05,0.77,1,1,UjzOb7pBZuVnZvuKzR8n,[ACX 2024] Will there be 10 or more armed forces conflict deaths between China and Taiwan in 2024?,0.053406,UjzOb7pBZuVnZvuKzR8n,[ACX 2024] Will there be 10 or more armed forces conflict deaths between China and Taiwan in 2024?,0.053406,0.3071004395890235,0.7650521487961693,0.23494785120383066,1,1.0,1.0,1.0,True,True,True
2024-02-22,china_taiwan_2024,Kinetic,geopolitical,[ACX 2024] Will there be 10 or more armed forces conflict deaths between China and Taiwan in 2024?,0.053406,0.3081258157318027,0.053406,1.0,0.9048374180359595,0.6376281516217733,0.006339207034476809,0.11869840531919276,0.1074027585940042,0.07568544478412895,10.0,10.0,165,5.5,0.1,0.5769498103804866,china_taiwan_2024_conflict,orthogonal,max,max,max,2024-01-01,2024-08-05,0.77,1,1,UjzOb7pBZuVnZvuKzR8n,[ACX 2024] Will there be 10 or more armed forces conflict deaths between China and Taiwan in 2024?,0.053406,UjzOb7pBZuVnZvuKzR8n,[ACX 2024] Will there be 10 or more armed forces conflict deaths between China and Taiwan in 2024?,0.053406,0.3081258157318027,0.7644524616621617,0.23554753833783826,1,1.0,1.0,1.0,True,True,True
2024-02-23,china_taiwan_2024,Kinetic,geopolitical,[ACX 2024] Will there be 10 or more armed forces conflict deaths between China and Taiwan in 2024?,0.053406,0.30915461549792667,0.053406,1.0,0.9048374180359595,0.6397571251117243,0.006355160871243789,0.11899713274245943,0.10767305834436934,0.0761292635398541,10.0,10.0,164,5.466666666666667,0.1,0.578876185256201,china_taiwan_2024_conflict,orthogonal,max,max,max,2024-01-01,2024-08-05,0.77,1,1,UjzOb7pBZuVnZvuKzR8n,[ACX 2024] Will there be 10 or more armed forces conflict deaths between China and Taiwan in 2024?,0.053406,UjzOb7pBZuVnZvuKzR8n,[ACX 2024] Will there be 10 or more armed forces conflict deaths between China and Taiwan in 2024?,0.053406,0.30915461549792667,0.7638517163380719,0.23614828366192808,1,1.0,1.0,1.0,True,True,True
2024-02-26,china_taiwan_2024,Kinetic,geopolitical,[ACX 2024] Will there be 10 or more armed forces conflict deaths between China and Taiwan in 2024?,0.053406,0.31226167103852265,0.053406,1.0,0.9048374180359595,0.6461867911123843,0.006403184368275567,0.11989634813083862,0.10848670207464856,0.07747543646475992,10.0,10.0,161,5.366666666666666,0.1,0.5846939876390718,china_taiwan_2024_conflict,orthogonal,max,max,max,2024-01-01,2024-08-05,0.77,1,1,UjzOb7pBZuVnZvuKzR8n,[ACX 2024] Will there be 10 or more armed forces conflict deaths between China and Taiwan in 2024?,0.053406,UjzOb7pBZuVnZvuKzR8n,[ACX 2024] Will there be 10 or more armed forces conflict deaths between China and Taiwan in 2024?,0.053406,0.31226167103852265,0.7620431367233342,0.23795686327666576,1,1.0,1.0,1.0,True,True,True
2024-02-27,china_taiwan_2024,Kinetic,geopolitical,[ACX 2024] Will there be 10 or more armed forces conflict deaths between China and Taiwan in 2024?,0.053406,0.31330427999152755,0.053406,1.0,0.9048374180359595,0.6483443410015097,0.0064192461271306836,0.12019709633993715,0.10875883030764821,0.07792910721681152,10.0,10.0,160,5.333333333333333,0.1,0.5866462195100317,china_taiwan_2024_conflict,orthogonal,max,max,max,2024-01-01,2024-08-05,0.77,1,1,UjzOb7pBZuVnZvuKzR8n,[ACX 2024] Will there be 10 or more armed forces conflict deaths between China and Taiwan in 2024?,0.053406,UjzOb7pBZuVnZvuKzR8n,[ACX 2024] Will there be 10 or more armed forces conflict deaths between China and Taiwan in 2024?,0.053406,0.31330427999152755,0.7614381642055192,0.23856183579448076,1,1.0,1.0,1.0,True,True,True
2024-02-28,china_taiwan_2024,Kinetic,geopolitical,[ACX 2024] Will there be 10 or more armed forces conflict deaths between China and Taiwan in 2024?,0.053406,0.31435037010642236,0.053406,1.0,0.9048374180359595,0.6505090947233165,0.006435334813782979,0.12049834875824773,0.10903141476800945,0.0783852717663822,10.0,10.0,159,5.3,0.1,0.5886049696783552,china_taiwan_2024_conflict,orthogonal,max,max,max,2024-01-01,2024-08-05,0.77,1,1,UjzOb7pBZuVnZvuKzR8n,[ACX 2024] Will there be 10 or more armed forces conflict deaths between China and Taiwan in 2024?,0.053406,UjzOb7pBZuVnZvuKzR8n,[ACX 2024] Will there be 10 or more armed forces conflict deaths between China and Taiwan in 2024?,0.053406,0.31435037010642236,0.760832136349633,0.23916786365036702,1,1.0,1.0,1.0,True,True,True
2024-02-29,china_taiwan_2024,Kinetic,geopolitical,[ACX 2024] Will there be 10 or more armed forces conflict deaths between China and Taiwan in 2024?,0.053406,0.3153999530064413,0.053406,1.0,0.9048374180359595,0.6526810763306461,0.006451450406400327,0.12080010497697499,0.1093044550858389,0.07884394253722707,10.0,10.0,158,5.266666666666667,0.1,0.5905702599079529,china_taiwan_2024_conflict,orthogonal,max,max,max,2024-01-01,2024-08-05,0.77,1,1,UjzOb7pBZuVnZvuKzR8n,[ACX 2024] Will there be 10 or more armed forces conflict deaths between China and Taiwan in 2024?,0.053406,UjzOb7pBZuVnZvuKzR8n,[ACX 2024] Will there be 10 or more armed forces conflict deaths between China and Taiwan in 2024?,0.053406,0.3153999530064413,0.7602250537674324,0.23977494623256757,1,1.0,1.0,1.0,True,True,True
2024-03-01,china_taiwan_2024,Kinetic,geopolitical,[ACX 2024] Will there be 10 or more armed forces conflict deaths between China and Taiwan in 2024?,0.053406,0.31645304035362737,0.053406,1.0,0.9048374180359595,0.6548603099566497,0.0064675928827780645,0.12110236458034797,0.1095779508849315,0.07930513200556986,10.0,10.0,157,5.233333333333333,0.1,0.5925421120354031,china_taiwan_2024_conflict,orthogonal,max,max,max,2024-01-01,2024-08-05,0.77,1,1,UjzOb7pBZuVnZvuKzR8n,[ACX 2024] Will there be 10 or more armed forces conflict deaths between China and Taiwan in 2024?,0.053406,UjzOb7pBZuVnZvuKzR8n,[ACX 2024] Will there be 10 or more armed forces conflict deaths between China and Taiwan in 2024?,0.053406,0.31645304035362737,0.759616917084546,0.24038308291545396,1,1.0,1.0,1.0,True,True,True
2024-03-04,china_taiwan_2024,Kinetic,geopolitical,[ACX 2024] Will there be 10 or more armed forces conflict deaths between China and Taiwan in 2024?,0.053406,0.3196334462834743,0.053406,1.0,0.9048374180359595,0.6614417654885041,0.006516181386821902,0.12201215943567954,0.11040116731277211,0.08070393814820072,10.0,10.0,154,5.133333333333334,0.1,0.5984972592657647,china_taiwan_2024_conflict,orthogonal,max,max,max,2024-01-01,2024-08-05,0.77,1,1,UjzOb7pBZuVnZvuKzR8n,[ACX 2024] Will there be 10 or more armed forces conflict deaths between China and Taiwan in 2024?,0.053406,UjzOb7pBZuVnZvuKzR8n,[ACX 2024] Will there be 10 or more armed forces conflict deaths between China and Taiwan in 2024?,0.053406,0.3196334462834743,0.7577861888968728,0.24221381110312723,1,1.0,1.0,1.0,True,True,True
2024-03-05,china_taiwan_2024,Kinetic,geopolitical,[ACX 2024] Will there be 10 or more armed forces conflict deaths between China and Taiwan in 2024?,0.053406,0.32070066882047876,0.053406,1.0,0.9048374180359595,0.6636502501363194,0.00653243116871553,0.12231642827988486,0.11067648114815164,0.08117532822372675,10.0,10.0,153,5.1,0.1,0.6004955788122659,china_taiwan_2024_conflict,orthogonal,max,max,max,2024-01-01,2024-08-05,0.77,1,1,UjzOb7pBZuVnZvuKzR8n,[ACX 2024] Will there be 10 or more armed forces conflict deaths between China and Taiwan in 2024?,0.053406,UjzOb7pBZuVnZvuKzR8n,[ACX 2024] Will there be 10 or more armed forces conflict deaths between China and Taiwan in 2024?,0.053406,0.32070066882047876,0.7571738423462014,0.24282615765379856,1,1.0,1.0,1.0,True,True,True
2024-03-06,china_taiwan_2024,Kinetic,geopolitical,[ACX 2024] Will there be 10 or more armed forces conflict deaths between China and Taiwan in 2024?,0.053406,0.3217714547015472,0.053406,1.0,0.9048374180359595,0.6658661086826304,0.0065487077177299935,0.12262119832471995,0.11095224848861492,0.08164930017048234,10.0,10.0,152,5.066666666666666,0.1,0.602500570538043,china_taiwan_2024_conflict,orthogonal,max,max,max,2024-01-01,2024-08-05,0.77,1,1,UjzOb7pBZuVnZvuKzR8n,[ACX 2024] Will there be 10 or more armed forces conflict deaths between China and Taiwan in 2024?,0.053406,UjzOb7pBZuVnZvuKzR8n,[ACX 2024] Will there be 10 or more armed forces conflict deaths between China and Taiwan in 2024?,0.053406,0.3217714547015472,0.7565604450323052,0.24343955496769476,1,1.0,1.0,1.0,True,True,True
2024-03-07,china_taiwan_2024,Kinetic,geopolitical,[ACX 2024] Will there be 10 or more armed forces conflict deaths between China and Taiwan in 2024?,0.053095,0.32096578270591003,0.053095,1.0,0.9048374180359595,0.6680893657481107,0.006489541837773109,0.12222510288677105,0.11059384651524541,0.08165729146612045,10.0,10.0,151,5.033333333333333,0.1,0.6045122567208023,china_taiwan_2024_conflict,orthogonal,max,max,max,2024-01-01,2024-08-05,0.77,1,1,UjzOb7pBZuVnZvuKzR8n,[ACX 2024] Will there be 10 or more armed forces conflict deaths between China and Taiwan in 2024?,0.053095,UjzOb7pBZuVnZvuKzR8n,[ACX 2024] Will there be 10 or more armed forces conflict deaths between China and Taiwan in 2024?,0.053095,0.32096578270591003,0.7570218798185422,0.2429781201814578,1,1.0,1.0,1.0,True,True,True
2024-03-08,china_taiwan_2024,Kinetic,geopolitical,[ACX 2024] Will there be 10 or more armed forces conflict deaths between China and Taiwan in 2024?,0.05884,0.3568826401749135,0.05884,1.0,0.9048374180359595,0.6703200460356393,0.007972283509883101,0.13549088222099082,0.12259722003625563,0.09082225440778395,10.0,10.0,150,5.0,0.1,0.6065306597126334,china_taiwan_2024_conflict,orthogonal,max,max,max,2024-01-01,2024-08-05,0.77,1,1,UjzOb7pBZuVnZvuKzR8n,[ACX 2024] Will there be 10 or more armed forces conflict deaths between China and Taiwan in 2024?,0.05884,UjzOb7pBZuVnZvuKzR8n,[ACX 2024] Will there be 10 or more armed forces conflict deaths between China and Taiwan in 2024?,0.05884,0.3568826401749135,0.7369834135921229,0.26301658640787706,1,1.0,1.0,1.0,True,True,True
2024-03-11,china_taiwan_2024,Kinetic,geopolitical,[ACX 2024] Will there be 10 or more armed forces conflict deaths between China and Taiwan in 2024?,0.05884,0.3604693703381104,0.05884,1.0,0.9048374180359595,0.6770568744981647,0.008031863641358888,0.13650346093403956,0.12351343914452881,0.09242060661818313,10.0,10.0,147,4.9,0.1,0.612626394184416,china_taiwan_2024_conflict,orthogonal,max,max,max,2024-01-01,2024-08-05,0.77,1,1,UjzOb7pBZuVnZvuKzR8n,[ACX 2024] Will there be 10 or more armed forces conflict deaths between China and Taiwan in 2024?,0.05884,UjzOb7pBZuVnZvuKzR8n,[ACX 2024] Will there be 10 or more armed forces conflict deaths between China and Taiwan in 2024?,0.05884,0.3604693703381104,0.7350404366336268,0.26495956336637316,1,1.0,1.0,1.0,True,True,True
2024-03-12,china_taiwan_2024,Kinetic,geopolitical,[ACX 2024] Will there be 10 or more armed forces conflict deaths between China and Taiwan in 2024?,0.05884,0.3616729397404922,0.05884,1.0,0.9048374180359595,0.679317496356421,0.008051788392950045,0.1368420868958199,0.1238198405854661,0.09295922386625619,10.0,10.0,146,4.866666666666666,0.1,0.6146718894297963,china_taiwan_2024_conflict,orthogonal,max,max,max,2024-01-01,2024-08-05,0.77,1,1,UjzOb7pBZuVnZvuKzR8n,[ACX 2024] Will there be 10 or more armed forces conflict deaths between China and Taiwan in 2024?,0.05884,UjzOb7pBZuVnZvuKzR8n,[ACX 2024] Will there be 10 or more armed forces conflict deaths between China and Taiwan in 2024?,0.05884,0.3616729397404922,0.7343907415760059,0.2656092584239941,1,1.0,1.0,1.0,True,True,True
2024-03-13,china_taiwan_2024,Kinetic,geopolitical,[ACX 2024] Will there be 10 or more armed forces conflict deaths between China and Taiwan in 2024?,0.05884,0.3628805277348142,0.05884,1.0,0.9048374180359595,0.681585666193848,0.008071745445362107,0.13718126181784682,0.12412673874617548,0.0935007817254298,10.0,10.0,145,4.833333333333333,0.1,0.6167242143691608,china_taiwan_2024_conflict,orthogonal,max,max,max,2024-01-01,2024-08-05,0.77,1,1,UjzOb7pBZuVnZvuKzR8n,[ACX 2024] Will there be 10 or more armed forces conflict deaths between China and Taiwan in 2024?,0.05884,UjzOb7pBZuVnZvuKzR8n,[ACX 2024] Will there be 10 or more armed forces conflict deaths between China and Taiwan in 2024?,0.05884,0.3628805277348142,0.7337400305088059,0.2662599694911941,1,1.0,1.0,1.0,True,True,True
2024-03-14,china_taiwan_2024,Kinetic,geopolitical,[ACX 2024] Will there be 10 or more armed forces conflict deaths between China and Taiwan in 2024?,0.05884,0.3640921477387333,0.05884,1.0,0.9048374180359595,0.6838614092123558,0.00809173476606308,0.13752098514723113,0.12443413312638216,0.09404529469905694,10.0,10.0,144,4.8,0.1,0.6187833918061408,china_taiwan_2024_conflict,orthogonal,max,max,max,2024-01-01,2024-08-05,0.77,1,1,UjzOb7pBZuVnZvuKzR8n,[ACX 2024] Will there be 10 or more armed forces conflict deaths between China and Taiwan in 2024?,0.05884,UjzOb7pBZuVnZvuKzR8n,[ACX 2024] Will there be 10 or more armed forces conflict deaths between China and Taiwan in 2024?,0.05884,0.3640921477387333,0.7330883046704053,0.2669116953295947,1,1.0,1.0,1.0,True,True,True
2024-03-15,china_taiwan_2024,Kinetic,geopolitical,[ACX 2024] Will there be 10 or more armed forces conflict deaths between China and Taiwan in 2024?,0.05884,0.36530781321470635,0.05884,1.0,0.9048374180359595,0.6861447506980017,0.008111756322056556,0.13786125632319093,0.12474202321866969,0.09459277735078915,10.0,10.0,143,4.766666666666667,0.1,0.6208494446205071,china_taiwan_2024_conflict,orthogonal,max,max,max,2024-01-01,2024-08-05,0.77,1,1,UjzOb7pBZuVnZvuKzR8n,[ACX 2024] Will there be 10 or more armed forces conflict deaths between China and Taiwan in 2024?,0.05884,UjzOb7pBZuVnZvuKzR8n,[ACX 2024] Will there be 10 or more armed forces conflict deaths between China and Taiwan in 2024?,0.05884,0.36530781321470635,0.732435565314341,0.26756443468565905,1,1.0,1.0,1.0,True,True,True
2024-03-18,china_taiwan_2024,Kinetic,geopolitical,[ACX 2024] Will there be 10 or more armed forces conflict deaths between China and Taiwan in 2024?,0.056677,0.35541528086020996,0.056677,1.0,0.9048374180359595,0.6930406200864415,0.00758841748768642,0.13388883475989238,0.12114762754798425,0.09279040106464692,10.0,10.0,140,4.666666666666667,0.1,0.6270890852730561,china_taiwan_2024_conflict,orthogonal,max,max,max,2024-01-01,2024-08-05,0.77,1,1,UjzOb7pBZuVnZvuKzR8n,[ACX 2024] Will there be 10 or more armed forces conflict deaths between China and Taiwan in 2024?,0.056677,UjzOb7pBZuVnZvuKzR8n,[ACX 2024] Will there be 10 or more armed forces conflict deaths between China and Taiwan in 2024?,0.056677,0.35541528086020996,0.7377812646212408,0.26221873537875917,1,1.0,1.0,1.0,True,True,True
2024-03-19,china_taiwan_2024,Kinetic,geopolitical,[ACX 2024] Will there be 10 or more armed forces conflict deaths between China and Taiwan in 2024?,0.056677,0.3566019751881664,0.056677,1.0,0.9048374180359595,0.6953546099939927,0.00760712324714256,0.13421887621332393,0.12144626140455209,0.09332971432314784,10.0,10.0,139,4.633333333333334,0.1,0.629182869926366,china_taiwan_2024_conflict,orthogonal,max,max,max,2024-01-01,2024-08-05,0.77,1,1,UjzOb7pBZuVnZvuKzR8n,[ACX 2024] Will there be 10 or more armed forces conflict deaths between China and Taiwan in 2024?,0.056677,UjzOb7pBZuVnZvuKzR8n,[ACX 2024] Will there be 10 or more armed forces conflict deaths between China and Taiwan in 2024?,0.056677,0.3566019751881664,0.737135886788972,0.262864113211028,1,1.0,1.0,1.0,True,True,True
2024-03-20,china_taiwan_2024,Kinetic,geopolitical,[ACX 2024] Will there be 10 or more armed forces conflict deaths between China and Taiwan in 2024?,0.056677,0.35779263176396037,0.056677,1.0,0.9048374180359595,0.697676326071031,0.007625858744967896,0.13454944236582558,0.12174537002847177,0.09387196062469513,10.0,10.0,138,4.6,0.1,0.631283645506926,china_taiwan_2024_conflict,orthogonal,max,max,max,2024-01-01,2024-08-05,0.77,1,1,UjzOb7pBZuVnZvuKzR8n,[ACX 2024] Will there be 10 or more armed forces conflict deaths between China and Taiwan in 2024?,0.056677,UjzOb7pBZuVnZvuKzR8n,[ACX 2024] Will there be 10 or more armed forces conflict deaths between China and Taiwan in 2024?,0.056677,0.35779263176396037,0.7364894878688962,0.26351051213110377,1,1.0,1.0,1.0,True,True,True
2024-03-21,china_taiwan_2024,Kinetic,geopolitical,[ACX 2024] Will there be 10 or more armed forces conflict deaths between China and Taiwan in 2024?,0.056677,0.3589872638171216,0.056677,1.0,0.9048374180359595,0.7000057941144257,0.007644623947801664,0.1348805326287853,0.12204495288714509,0.09441715435338956,10.0,10.0,137,4.566666666666666,0.1,0.6333914353567084,china_taiwan_2024_conflict,orthogonal,max,max,max,2024-01-01,2024-08-05,0.77,1,1,UjzOb7pBZuVnZvuKzR8n,[ACX 2024] Will there be 10 or more armed forces conflict deaths between China and Taiwan in 2024?,0.056677,UjzOb7pBZuVnZvuKzR8n,[ACX 2024] Will there be 10 or more armed forces conflict deaths between China and Taiwan in 2024?,0.056677,0.3589872638171216,0.7358420690354385,0.2641579309645615,1,1.0,1.0,1.0,True,True,True
2024-03-22,china_taiwan_2024,Kinetic,geopolitical,[ACX 2024] Will there be 10 or more armed forces conflict deaths between China and Taiwan in 2024?,0.082497,0.5242736017010016,0.082497,1.0,0.9048374180359595,0.7023430400071788,0.016080366510189136,0.19492062147943728,0.1763714718614186,0.13690114184995658,10.0,10.0,136,4.533333333333333,0.1,0.6355062628956223,china_taiwan_2024_conflict,orthogonal,max,max,max,2024-01-01,2024-08-05,0.77,1,1,UjzOb7pBZuVnZvuKzR8n,[ACX 2024] Will there be 10 or more armed forces conflict deaths between China and Taiwan in 2024?,0.082497,UjzOb7pBZuVnZvuKzR8n,[ACX 2024] Will there be 10 or more armed forces conflict deaths between China and Taiwan in 2024?,0.082497,0.5242736017010016,0.6560501991795027,0.3439498008204973,1,1.0,1.0,1.0,True,True,True
2024-03-25,china_taiwan_2024,Kinetic,geopolitical,[ACX 2024] Will there be 10 or more armed forces conflict deaths between China and Taiwan in 2024?,0.082497,0.5295426389959151,0.082497,1.0,0.9048374180359595,0.7094017049096535,0.016199463758259248,0.19636427698291148,0.17767774537971562,0.13930115287502884,10.0,10.0,133,4.433333333333334,0.1,0.6418932070207585,china_taiwan_2024_conflict,orthogonal,max,max,max,2024-01-01,2024-08-05,0.77,1,1,UjzOb7pBZuVnZvuKzR8n,[ACX 2024] Will there be 10 or more armed forces conflict deaths between China and Taiwan in 2024?,0.082497,UjzOb7pBZuVnZvuKzR8n,[ACX 2024] Will there be 10 or more armed forces conflict deaths between China and Taiwan in 2024?,0.082497,0.5295426389959151,0.6537902079385384,0.34620979206146163,1,1.0,1.0,1.0,True,True,True
2024-03-26,china_taiwan_2024,Kinetic,geopolitical,[ACX 2024] Will there be 10 or more armed forces conflict deaths between China and Taiwan in 2024?,0.082497,0.5313107263009591,0.082497,1.0,0.9048374180359595,0.7117703227626097,0.016239288651940947,0.1968470205212426,0.17811454979651267,0.14010986733126288,10.0,10.0,132,4.4,0.1,0.6440364210831413,china_taiwan_2024_conflict,orthogonal,max,max,max,2024-01-01,2024-08-05,0.77,1,1,UjzOb7pBZuVnZvuKzR8n,[ACX 2024] Will there be 10 or more armed forces conflict deaths between China and Taiwan in 2024?,0.082497,UjzOb7pBZuVnZvuKzR8n,[ACX 2024] Will there be 10 or more armed forces conflict deaths between China and Taiwan in 2024?,0.082497,0.5313107263009591,0.6530353264197426,0.3469646735802574,1,1.0,1.0,1.0,True,True,True
2024-03-27,china_taiwan_2024,Kinetic,geopolitical,[ACX 2024] Will there be 10 or more armed forces conflict deaths between China and Taiwan in 2024?,0.082497,0.5330847170639836,0.082497,1.0,0.9048374180359595,0.7141468491820304,0.01627917633088616,0.19733052512074578,0.17855204284993564,0.1409229727624161,10.0,10.0,131,4.366666666666666,0.1,0.6461867911123842,china_taiwan_2024_conflict,orthogonal,max,max,max,2024-01-01,2024-08-05,0.77,1,1,UjzOb7pBZuVnZvuKzR8n,[ACX 2024] Will there be 10 or more armed forces conflict deaths between China and Taiwan in 2024?,0.082497,UjzOb7pBZuVnZvuKzR8n,[ACX 2024] Will there be 10 or more armed forces conflict deaths between China and Taiwan in 2024?,0.082497,0.5330847170639836,0.6522796743516587,0.3477203256483413,1,1.0,1.0,1.0,True,True,True
2024-03-28,china_taiwan_2024,Kinetic,geopolitical,[ACX 2024] Will there be 10 or more armed forces conflict deaths between China and Taiwan in 2024?,0.082497,0.5348646309960154,0.082497,1.0,0.9048374180359595,0.7165313105737893,0.016319126721564672,0.19781478989011325,0.1789902237334959,0.1417404906508416,10.0,10.0,130,4.333333333333333,0.1,0.6483443410015097,china_taiwan_2024_conflict,orthogonal,max,max,max,2024-01-01,2024-08-05,0.77,1,1,UjzOb7pBZuVnZvuKzR8n,[ACX 2024] Will there be 10 or more armed forces conflict deaths between China and Taiwan in 2024?,0.082497,UjzOb7pBZuVnZvuKzR8n,[ACX 2024] Will there be 10 or more armed forces conflict deaths between China and Taiwan in 2024?,0.082497,0.5348646309960154,0.6515232547583514,0.3484767452416486,1,1.0,1.0,1.0,True,True,True
2024-04-01,china_taiwan_2024,Kinetic,geopolitical,[ACX 2024] Will there be 10 or more armed forces conflict deaths between China and Taiwan in 2024?,0.082497,0.5420439149428273,0.082497,1.0,0.9048374180359595,0.7261490370736908,0.01647955389845244,0.19975943244545177,0.18074980908227126,0.14505511951665181,10.0,10.0,126,4.2,0.1,0.6570468198150566,china_taiwan_2024_conflict,orthogonal,max,max,max,2024-01-01,2024-08-05,0.77,1,1,UjzOb7pBZuVnZvuKzR8n,[ACX 2024] Will there be 10 or more armed forces conflict deaths between China and Taiwan in 2024?,0.082497,UjzOb7pBZuVnZvuKzR8n,[ACX 2024] Will there be 10 or more armed forces conflict deaths between China and Taiwan in 2024?,0.082497,0.5420439149428273,0.64848996212736,0.35151003787264,1,1.0,1.0,1.0,True,True,True
2024-04-02,china_taiwan_2024,Kinetic,geopolitical,[ACX 2024] Will there be 10 or more armed forces conflict deaths between China and Taiwan in 2024?,0.082497,0.54385374269646,0.082497,1.0,0.9048374180359595,0.7285735725113929,0.016519816712269295,0.20024748429966294,0.18119141666190336,0.1458950250226245,10.0,10.0,125,4.166666666666667,0.1,0.6592406302004437,china_taiwan_2024_conflict,orthogonal,max,max,max,2024-01-01,2024-08-05,0.77,1,1,UjzOb7pBZuVnZvuKzR8n,[ACX 2024] Will there be 10 or more armed forces conflict deaths between China and Taiwan in 2024?,0.082497,UjzOb7pBZuVnZvuKzR8n,[ACX 2024] Will there be 10 or more armed forces conflict deaths between China and Taiwan in 2024?,0.082497,0.54385374269646,0.647729750781588,0.352270249218412,1,1.0,1.0,1.0,True,True,True
2024-04-03,china_taiwan_2024,Kinetic,geopolitical,[ACX 2024] Will there be 10 or more armed forces conflict deaths between China and Taiwan in 2024?,0.082497,0.5456696132750511,0.082497,1.0,0.9048374180359595,0.7310062032185073,0.01656014177707345,0.20073629073873533,0.18163370701815298,0.14673947374108934,10.0,10.0,124,4.133333333333334,0.1,0.6614417654885041,china_taiwan_2024_conflict,orthogonal,max,max,max,2024-01-01,2024-08-05,0.77,1,1,UjzOb7pBZuVnZvuKzR8n,[ACX 2024] Will there be 10 or more armed forces conflict deaths between China and Taiwan in 2024?,0.082497,UjzOb7pBZuVnZvuKzR8n,[ACX 2024] Will there be 10 or more armed forces conflict deaths between China and Taiwan in 2024?,0.082497,0.5456696132750511,0.6469687903620904,0.35303120963790957,1,1.0,1.0,1.0,True,True,True
2024-04-04,china_taiwan_2024,Kinetic,geopolitical,[ACX 2024] Will there be 10 or more armed forces conflict deaths between China and Taiwan in 2024?,0.082497,0.5474915468549594,0.082497,1.0,0.9048374180359595,0.7334469562242892,0.016600529012800173,0.2012258507921521,0.18207667927286014,0.14758848777714695,10.0,10.0,123,4.1,0.1,0.6636502501363193,china_taiwan_2024_conflict,orthogonal,max,max,max,2024-01-01,2024-08-05,0.77,1,1,UjzOb7pBZuVnZvuKzR8n,[ACX 2024] Will there be 10 or more armed forces conflict deaths between China and Taiwan in 2024?,0.082497,UjzOb7pBZuVnZvuKzR8n,[ACX 2024] Will there be 10 or more armed forces conflict deaths between China and Taiwan in 2024?,0.082497,0.5474915468549594,0.6462070839949643,0.3537929160050357,1,1.0,1.0,1.0,True,True,True
2024-04-05,china_taiwan_2024,Kinetic,geopolitical,[ACX 2024] Will there be 10 or more armed forces conflict deaths between China and Taiwan in 2024?,0.061265,0.40794287148441355,0.061265,1.0,0.9048374180359595,0.7358958586482417,0.009249680222654573,0.15097821305238837,0.13661073647800612,0.11110424173136452,10.0,10.0,122,4.066666666666666,0.1,0.6658661086826304,china_taiwan_2024_conflict,orthogonal,max,max,max,2024-01-01,2024-08-05,0.77,1,1,UjzOb7pBZuVnZvuKzR8n,[ACX 2024] Will there be 10 or more armed forces conflict deaths between China and Taiwan in 2024?,0.061265,UjzOb7pBZuVnZvuKzR8n,[ACX 2024] Will there be 10 or more armed forces conflict deaths between China and Taiwan in 2024?,0.061265,0.40794287148441355,0.7102560908211327,0.2897439091788673,1,1.0,1.0,1.0,True,True,True
2024-04-08,china_taiwan_2024,Kinetic,geopolitical,[ACX 2024] Will there be 10 or more armed forces conflict deaths between China and Taiwan in 2024?,0.061265,0.4120427655036272,0.061265,1.0,0.9048374180359595,0.7432917349842038,0.00931713829840536,0.15207929973729473,0.13760704091101053,0.11303928655691656,10.0,10.0,119,3.966666666666667,0.1,0.6725581743305756,china_taiwan_2024_conflict,orthogonal,max,max,max,2024-01-01,2024-08-05,0.77,1,1,UjzOb7pBZuVnZvuKzR8n,[ACX 2024] Will there be 10 or more armed forces conflict deaths between China and Taiwan in 2024?,0.061265,UjzOb7pBZuVnZvuKzR8n,[ACX 2024] Will there be 10 or more armed forces conflict deaths between China and Taiwan in 2024?,0.061265,0.4120427655036272,0.7081938482531259,0.2918061517468741,1,1.0,1.0,1.0,True,True,True
2024-04-09,china_taiwan_2024,Kinetic,geopolitical,[ACX 2024] Will there be 10 or more armed forces conflict deaths between China and Taiwan in 2024?,0.061265,0.41341853306070914,0.061265,1.0,0.9048374180359595,0.7457735080913922,0.009339692197545957,0.15244743650609577,0.13794014483437658,0.11369125952269082,10.0,10.0,118,3.933333333333333,0.1,0.6748037755010351,china_taiwan_2024_conflict,orthogonal,max,max,max,2024-01-01,2024-08-05,0.77,1,1,UjzOb7pBZuVnZvuKzR8n,[ACX 2024] Will there be 10 or more armed forces conflict deaths between China and Taiwan in 2024?,0.061265,UjzOb7pBZuVnZvuKzR8n,[ACX 2024] Will there be 10 or more armed forces conflict deaths between China and Taiwan in 2024?,0.061265,0.41341853306070914,0.7075045194394999,0.2924954805605001,1,1.0,1.0,1.0,True,True,True
2024-04-10,china_taiwan_2024,Kinetic,geopolitical,[ACX 2024] Will there be 10 or more armed forces conflict deaths between China and Taiwan in 2024?,0.061265,0.4147988941613006,0.061265,1.0,0.9048374180359595,0.7482635675785653,0.009362279952472486,0.15281612588708865,0.13827374878193144,0.11434673953980808,10.0,10.0,117,3.9,0.1,0.6770568744981648,china_taiwan_2024_conflict,orthogonal,max,max,max,2024-01-01,2024-08-05,0.77,1,1,UjzOb7pBZuVnZvuKzR8n,[ACX 2024] Will there be 10 or more armed forces conflict deaths between China and Taiwan in 2024?,0.061265,UjzOb7pBZuVnZvuKzR8n,[ACX 2024] Will there be 10 or more armed forces conflict deaths between China and Taiwan in 2024?,0.061265,0.4147988941613006,0.7068142363744245,0.29318576362557547,1,1.0,1.0,1.0,True,True,True
2024-04-11,china_taiwan_2024,Kinetic,geopolitical,[ACX 2024] Will there be 10 or more armed forces conflict deaths between China and Taiwan in 2024?,0.061265,0.4161838641427613,0.061265,1.0,0.9048374180359595,0.7507619411130763,0.009384901513704014,0.1531853670726192,0.13860785202287945,0.11500574353355869,10.0,10.0,116,3.8666666666666667,0.1,0.679317496356421,china_taiwan_2024_conflict,orthogonal,max,max,max,2024-01-01,2024-08-05,0.77,1,1,UjzOb7pBZuVnZvuKzR8n,[ACX 2024] Will there be 10 or more armed forces conflict deaths between China and Taiwan in 2024?,0.061265,UjzOb7pBZuVnZvuKzR8n,[ACX 2024] Will there be 10 or more armed forces conflict deaths between China and Taiwan in 2024?,0.061265,0.4161838641427613,0.706123000917904,0.29387699908209597,1,1.0,1.0,1.0,True,True,True
2024-04-12,china_taiwan_2024,Kinetic,geopolitical,[ACX 2024] Will there be 10 or more armed forces conflict deaths between China and Taiwan in 2024?,0.061265,0.4175734583936609,0.061265,1.0,0.9048374180359595,0.7532686564546568,0.009407556831235212,0.15355515924647373,0.13894245381867987,0.11566828849727213,10.0,10.0,115,3.8333333333333335,0.1,0.6815856661938479,china_taiwan_2024_conflict,orthogonal,max,max,max,2024-01-01,2024-08-05,0.77,1,1,UjzOb7pBZuVnZvuKzR8n,[ACX 2024] Will there be 10 or more armed forces conflict deaths between China and Taiwan in 2024?,0.061265,UjzOb7pBZuVnZvuKzR8n,[ACX 2024] Will there be 10 or more armed forces conflict deaths between China and Taiwan in 2024?,0.061265,0.4175734583936609,0.7054308149456757,0.2945691850543243,1,1.0,1.0,1.0,True,True,True
2024-04-15,china_taiwan_2024,Kinetic,geopolitical,[ACX 2024] Will there be 10 or more armed forces conflict deaths between China and Taiwan in 2024?,0.061265,0.42177014142043107,0.061265,1.0,0.9048374180359595,0.7608391323112929,0.00947572481369549,0.1546678334072552,0.13994924303343673,0.11767734016604366,10.0,10.0,112,3.7333333333333334,0.1,0.68843571602127,china_taiwan_2024_conflict,orthogonal,max,max,max,2024-01-01,2024-08-05,0.77,1,1,UjzOb7pBZuVnZvuKzR8n,[ACX 2024] Will there be 10 or more armed forces conflict deaths between China and Taiwan in 2024?,0.061265,UjzOb7pBZuVnZvuKzR8n,[ACX 2024] Will there be 10 or more armed forces conflict deaths between China and Taiwan in 2024?,0.061265,0.42177014142043107,0.7033485729282103,0.2966514270717897,1,1.0,1.0,1.0,True,True,True
2024-04-16,china_taiwan_2024,Kinetic,geopolitical,[ACX 2024] Will there be 10 or more armed forces conflict deaths between China and Taiwan in 2024?,0.061265,0.4231783876649753,0.061265,1.0,0.9048374180359595,0.7633794943368531,0.009498514645864245,0.15503982120075485,0.14028583150804783,0.11835422031030836,10.0,10.0,111,3.7,0.1,0.6907343306373546,china_taiwan_2024_conflict,orthogonal,max,max,max,2024-01-01,2024-08-05,0.77,1,1,UjzOb7pBZuVnZvuKzR8n,[ACX 2024] Will there be 10 or more armed forces conflict deaths between China and Taiwan in 2024?,0.061265,UjzOb7pBZuVnZvuKzR8n,[ACX 2024] Will there be 10 or more armed forces conflict deaths between China and Taiwan in 2024?,0.061265,0.4231783876649753,0.7026526039653477,0.2973473960346523,1,1.0,1.0,1.0,True,True,True
2024-04-17,china_taiwan_2024,Kinetic,geopolitical,[ACX 2024] Will there be 10 or more armed forces conflict deaths between China and Taiwan in 2024?,0.061265,0.4245913358959584,0.061265,1.0,0.9048374180359595,0.7659283383646487,0.009521337976420482,0.15541235577279822,0.14062291472834468,0.11903472741839495,10.0,10.0,110,3.6666666666666665,0.1,0.6930406200864415,china_taiwan_2024_conflict,orthogonal,max,max,max,2024-01-01,2024-08-05,0.77,1,1,UjzOb7pBZuVnZvuKzR8n,[ACX 2024] Will there be 10 or more armed forces conflict deaths between China and Taiwan in 2024?,0.061265,UjzOb7pBZuVnZvuKzR8n,[ACX 2024] Will there be 10 or more armed forces conflict deaths between China and Taiwan in 2024?,0.061265,0.4245913358959584,0.701955694101619,0.29804430589838105,1,1.0,1.0,1.0,True,True,True
2024-04-18,china_taiwan_2024,Kinetic,geopolitical,[ACX 2024] Will there be 10 or more armed forces conflict deaths between China and Taiwan in 2024?,0.061265,0.42600900181281964,0.061265,1.0,0.9048374180359595,0.7684856927151948,0.009544194752200993,0.15578543625562707,0.14096049190914717,0.1197188788958444,10.0,10.0,109,3.6333333333333333,0.1,0.6953546099939927,china_taiwan_2024_conflict,orthogonal,max,max,max,2024-01-01,2024-08-05,0.77,1,1,UjzOb7pBZuVnZvuKzR8n,[ACX 2024] Will there be 10 or more armed forces conflict deaths between China and Taiwan in 2024?,0.061265,UjzOb7pBZuVnZvuKzR8n,[ACX 2024] Will there be 10 or more armed forces conflict deaths between China and Taiwan in 2024?,0.061265,0.42600900181281964,0.7012578453072498,0.29874215469275023,1,1.0,1.0,1.0,True,True,True
2024-04-19,china_taiwan_2024,Kinetic,geopolitical,[ACX 2024] Will there be 10 or more armed forces conflict deaths between China and Taiwan in 2024?,0.061265,0.4274314011674171,0.061265,1.0,0.9048374180359595,0.7710515858035663,0.009567084919514482,0.15615906177286348,0.1412985622574757,0.12040669221756345,10.0,10.0,108,3.6,0.1,0.697676326071031,china_taiwan_2024_conflict,orthogonal,max,max,max,2024-01-01,2024-08-05,0.77,1,1,UjzOb7pBZuVnZvuKzR8n,[ACX 2024] Will there be 10 or more armed forces conflict deaths between China and Taiwan in 2024?,0.061265,UjzOb7pBZuVnZvuKzR8n,[ACX 2024] Will there be 10 or more armed forces conflict deaths between China and Taiwan in 2024?,0.061265,0.4274314011674171,0.7005590595682254,0.2994409404317746,1,1.0,1.0,1.0,True,True,True
2024-04-22,china_taiwan_2024,Kinetic,geopolitical,[ACX 2024] Will there be 10 or more armed forces conflict deaths between China and Taiwan in 2024?,0.061265,0.4317271581661698,0.061265,1.0,0.9048374180359595,0.7788007830714049,0.009635955225809012,0.15728319963778686,0.14231572426068942,0.1224922790418845,10.0,10.0,105,3.5,0.1,0.7046880897187134,china_taiwan_2024_conflict,orthogonal,max,max,max,2024-01-01,2024-08-05,0.77,1,1,UjzOb7pBZuVnZvuKzR8n,[ACX 2024] Will there be 10 or more armed forces conflict deaths between China and Taiwan in 2024?,0.061265,UjzOb7pBZuVnZvuKzR8n,[ACX 2024] Will there be 10 or more armed forces conflict deaths between China and Taiwan in 2024?,0.061265,0.4317271581661698,0.6984571007794891,0.3015428992205109,1,1.0,1.0,1.0,True,True,True
2024-04-23,china_taiwan_2024,Kinetic,geopolitical,[ACX 2024] Will there be 10 or more armed forces conflict deaths between China and Taiwan in 2024?,0.057513,0.40664047267647746,0.057513,1.0,0.9048374180359595,0.781401117164081,0.008523772362404218,0.14820601189999164,0.1341023451449951,0.11580834326908652,10.0,10.0,104,3.466666666666667,0.1,0.7070409693051614,china_taiwan_2024_conflict,orthogonal,max,max,max,2024-01-01,2024-08-05,0.77,1,1,UjzOb7pBZuVnZvuKzR8n,[ACX 2024] Will there be 10 or more armed forces conflict deaths between China and Taiwan in 2024?,0.057513,UjzOb7pBZuVnZvuKzR8n,[ACX 2024] Will there be 10 or more armed forces conflict deaths between China and Taiwan in 2024?,0.057513,0.40664047267647746,0.7109137120854027,0.28908628791459734,1,1.0,1.0,1.0,True,True,True
2024-04-24,china_taiwan_2024,Kinetic,geopolitical,[ACX 2024] Will there be 10 or more armed forces conflict deaths between China and Taiwan in 2024?,0.057513,0.40799820254468905,0.057513,1.0,0.9048374180359595,0.7840101334994315,0.008544107804721472,0.14855959182656917,0.1344222774928289,0.11647222542056955,10.0,10.0,103,3.433333333333333,0.1,0.7094017049096535,china_taiwan_2024_conflict,orthogonal,max,max,max,2024-01-01,2024-08-05,0.77,1,1,UjzOb7pBZuVnZvuKzR8n,[ACX 2024] Will there be 10 or more armed forces conflict deaths between China and Taiwan in 2024?,0.057513,UjzOb7pBZuVnZvuKzR8n,[ACX 2024] Will there be 10 or more armed forces conflict deaths between China and Taiwan in 2024?,0.057513,0.40799820254468905,0.7102281794058332,0.28977182059416684,1,1.0,1.0,1.0,True,True,True
2024-04-25,china_taiwan_2024,Kinetic,geopolitical,[ACX 2024] Will there be 10 or more armed forces conflict deaths between China and Taiwan in 2024?,0.057513,0.40936046573045975,0.057513,1.0,0.9048374180359595,0.7866278610665535,0.00856447235124842,0.14891367779890494,0.13474266772979993,0.1171396478505065,10.0,10.0,102,3.4,0.1,0.7117703227626098,china_taiwan_2024_conflict,orthogonal,max,max,max,2024-01-01,2024-08-05,0.77,1,1,UjzOb7pBZuVnZvuKzR8n,[ACX 2024] Will there be 10 or more armed forces conflict deaths between China and Taiwan in 2024?,0.057513,UjzOb7pBZuVnZvuKzR8n,[ACX 2024] Will there be 10 or more armed forces conflict deaths between China and Taiwan in 2024?,0.057513,0.40936046573045975,0.7095416852648186,0.29045831473518136,1,1.0,1.0,1.0,True,True,True
2024-04-26,china_taiwan_2024,Kinetic,geopolitical,[ACX 2024] Will there be 10 or more armed forces conflict deaths between China and Taiwan in 2024?,0.057513,0.41072727737006115,0.057513,1.0,0.9048374180359595,0.7892543289513356,0.008584865951131969,0.14926826893279727,0.13506351505584951,0.11781062743028241,10.0,10.0,101,3.3666666666666667,0.1,0.7141468491820304,china_taiwan_2024_conflict,orthogonal,max,max,max,2024-01-01,2024-08-05,0.77,1,1,UjzOb7pBZuVnZvuKzR8n,[ACX 2024] Will there be 10 or more armed forces conflict deaths between China and Taiwan in 2024?,0.057513,UjzOb7pBZuVnZvuKzR8n,[ACX 2024] Will there be 10 or more armed forces conflict deaths between China and Taiwan in 2024?,0.057513,0.41072727737006115,0.7088542314601326,0.2911457685398674,1,1.0,1.0,1.0,True,True,True
2024-04-29,china_taiwan_2024,Kinetic,geopolitical,[ACX 2024] Will there be 10 or more armed forces conflict deaths between China and Taiwan in 2024?,0.057868,0.417415855846059,0.057868,1.0,0.9048374180359595,0.7971864668291995,0.008752161951909176,0.15124355346494048,0.13685082641180032,0.12056931401740902,10.0,10.0,98,3.2666666666666666,0.1,0.721324144338942,china_taiwan_2024_conflict,orthogonal,max,max,max,2024-01-01,2024-08-05,0.77,1,1,UjzOb7pBZuVnZvuKzR8n,[ACX 2024] Will there be 10 or more armed forces conflict deaths between China and Taiwan in 2024?,0.057868,UjzOb7pBZuVnZvuKzR8n,[ACX 2024] Will there be 10 or more armed forces conflict deaths between China and Taiwan in 2024?,0.057868,0.417415855846059,0.7055092518371029,0.2944907481628971,1,1.0,1.0,1.0,True,True,True
2024-04-30,china_taiwan_2024,Kinetic,geopolitical,[ACX 2024] Will there be 10 or more armed forces conflict deaths between China and Taiwan in 2024?,0.057868,0.41880956358797916,0.057868,1.0,0.9048374180359595,0.7998481887906757,0.00877292363334403,0.15160233001562226,0.13717546085957108,0.12125884907944176,10.0,10.0,97,3.2333333333333334,0.1,0.7237325699660937,china_taiwan_2024_conflict,orthogonal,max,max,max,2024-01-01,2024-08-05,0.77,1,1,UjzOb7pBZuVnZvuKzR8n,[ACX 2024] Will there be 10 or more armed forces conflict deaths between China and Taiwan in 2024?,0.057868,UjzOb7pBZuVnZvuKzR8n,[ACX 2024] Will there be 10 or more armed forces conflict deaths between China and Taiwan in 2024?,0.057868,0.41880956358797916,0.7048162245757169,0.2951837754242831,1,1.0,1.0,1.0,True,True,True
2024-05-01,china_taiwan_2024,Kinetic,geopolitical,[ACX 2024] Will there be 10 or more armed forces conflict deaths between China and Taiwan in 2024?,0.057868,0.42020792477380353,0.057868,1.0,0.9048374180359595,0.8025187979624785,0.008793714466307927,0.1519616103253599,0.13750055112738527,0.12195204885475039,10.0,10.0,96,3.2,0.1,0.7261490370736909,china_taiwan_2024_conflict,orthogonal,max,max,max,2024-01-01,2024-08-05,0.77,1,1,UjzOb7pBZuVnZvuKzR8n,[ACX 2024] Will there be 10 or more armed forces conflict deaths between China and Taiwan in 2024?,0.057868,UjzOb7pBZuVnZvuKzR8n,[ACX 2024] Will there be 10 or more armed forces conflict deaths between China and Taiwan in 2024?,0.057868,0.42020792477380353,0.7041222503805349,0.2958777496194651,1,1.0,1.0,1.0,True,True,True
2024-05-02,china_taiwan_2024,Kinetic,geopolitical,[ACX 2024] Will there be 10 or more armed forces conflict deaths between China and Taiwan in 2024?,0.057868,0.42161095494089296,0.057868,1.0,0.9048374180359595,0.8051983240180706,0.00881453439649396,0.15232139345569157,0.13782609636608747,0.12264893072261995,10.0,10.0,95,3.1666666666666665,0.1,0.7285735725113929,china_taiwan_2024_conflict,orthogonal,max,max,max,2024-01-01,2024-08-05,0.77,1,1,UjzOb7pBZuVnZvuKzR8n,[ACX 2024] Will there be 10 or more armed forces conflict deaths between China and Taiwan in 2024?,0.057868,UjzOb7pBZuVnZvuKzR8n,[ACX 2024] Will there be 10 or more armed forces conflict deaths between China and Taiwan in 2024?,0.057868,0.42161095494089296,0.7034273311727381,0.29657266882726185,1,1.0,1.0,1.0,True,True,True
2024-05-03,china_taiwan_2024,Kinetic,geopolitical,[ACX 2024] Will there be 10 or more armed forces conflict deaths between China and Taiwan in 2024?,0.057868,0.4230186696784859,0.057868,1.0,0.9048374180359595,0.8078867967299912,0.00883538336911935,0.15268167845993205,0.1381520957190815,0.123349512130353,10.0,10.0,94,3.1333333333333333,0.1,0.7310062032185073,china_taiwan_2024_conflict,orthogonal,max,max,max,2024-01-01,2024-08-05,0.77,1,1,UjzOb7pBZuVnZvuKzR8n,[ACX 2024] Will there be 10 or more armed forces conflict deaths between China and Taiwan in 2024?,0.057868,UjzOb7pBZuVnZvuKzR8n,[ACX 2024] Will there be 10 or more armed forces conflict deaths between China and Taiwan in 2024?,0.057868,0.4230186696784859,0.7027314688892579,0.29726853111074214,1,1.0,1.0,1.0,True,True,True
2024-05-06,china_taiwan_2024,Kinetic,geopolitical,[ACX 2024] Will there be 10 or more armed forces conflict deaths between China and Taiwan in 2024?,0.057868,0.4272700779884772,0.057868,1.0,0.9048374180359595,0.816006194022221,0.008898103986661392,0.1537655351258276,0.13913280978617149,0.1254736290898167,10.0,10.0,91,3.033333333333333,0.1,0.7383529377004167,china_taiwan_2024_conflict,orthogonal,max,max,max,2024-01-01,2024-08-05,0.77,1,1,UjzOb7pBZuVnZvuKzR8n,[ACX 2024] Will there be 10 or more armed forces conflict deaths between China and Taiwan in 2024?,0.057868,UjzOb7pBZuVnZvuKzR8n,[ACX 2024] Will there be 10 or more armed forces conflict deaths between China and Taiwan in 2024?,0.057868,0.4272700779884772,0.7006382431903496,0.2993617568096504,1,1.0,1.0,1.0,True,True,True
2024-05-07,china_taiwan_2024,Kinetic,geopolitical,[ACX 2024] Will there be 10 or more armed forces conflict deaths between China and Taiwan in 2024?,0.057868,0.42869668794409654,0.057868,1.0,0.9048374180359595,0.8187307530779818,0.008919068571691747,0.1541278179942584,0.13946061688144107,0.1261891844967053,10.0,10.0,90,3.0,0.1,0.7408182206817178,china_taiwan_2024_conflict,orthogonal,max,max,max,2024-01-01,2024-08-05,0.77,1,1,UjzOb7pBZuVnZvuKzR8n,[ACX 2024] Will there be 10 or more armed forces conflict deaths between China and Taiwan in 2024?,0.057868,UjzOb7pBZuVnZvuKzR8n,[ACX 2024] Will there be 10 or more armed forces conflict deaths between China and Taiwan in 2024?,0.057868,0.42869668794409654,0.6999386282885601,0.3000613717114399,1,1.0,1.0,1.0,True,True,True
2024-05-08,china_taiwan_2024,Kinetic,geopolitical,[ACX 2024] Will there be 10 or more armed forces conflict deaths between China and Taiwan in 2024?,0.057868,0.4301280612006591,0.057868,1.0,0.9048374180359595,0.8214644091505334,0.008940061918102413,0.15449059787969885,0.1397888736962984,0.12690852770655947,10.0,10.0,89,2.966666666666667,0.1,0.7432917349842038,china_taiwan_2024_conflict,orthogonal,max,max,max,2024-01-01,2024-08-05,0.77,1,1,UjzOb7pBZuVnZvuKzR8n,[ACX 2024] Will there be 10 or more armed forces conflict deaths between China and Taiwan in 2024?,0.057868,UjzOb7pBZuVnZvuKzR8n,[ACX 2024] Will there be 10 or more armed forces conflict deaths between China and Taiwan in 2024?,0.057868,0.4301280612006591,0.6992380802320972,0.3007619197679028,1,1.0,1.0,1.0,True,True,True
2024-05-09,china_taiwan_2024,Kinetic,geopolitical,[ACX 2024] Will there be 10 or more armed forces conflict deaths between China and Taiwan in 2024?,0.057868,0.4315642136623269,0.057868,1.0,0.9048374180359595,0.8242071926138603,0.008961083968251321,0.1548538737860531,0.14011757932943864,0.12763167657858387,10.0,10.0,88,2.933333333333333,0.1,0.7457735080913921,china_taiwan_2024_conflict,orthogonal,max,max,max,2024-01-01,2024-08-05,0.77,1,1,UjzOb7pBZuVnZvuKzR8n,[ACX 2024] Will there be 10 or more armed forces conflict deaths between China and Taiwan in 2024?,0.057868,UjzOb7pBZuVnZvuKzR8n,[ACX 2024] Will there be 10 or more armed forces conflict deaths between China and Taiwan in 2024?,0.057868,0.4315642136623269,0.6985366010524464,0.3014633989475536,1,1.0,1.0,1.0,True,True,True
2024-05-10,china_taiwan_2024,Kinetic,geopolitical,[ACX 2024] Will there be 10 or more armed forces conflict deaths between China and Taiwan in 2024?,0.057868,0.4330051612863642,0.057868,1.0,0.9048374180359595,0.8269591339433623,0.008982134664019295,0.1552176447089807,0.140446732872097,0.12835864904126718,10.0,10.0,87,2.9,0.1,0.7482635675785652,china_taiwan_2024_conflict,orthogonal,max,max,max,2024-01-01,2024-08-05,0.77,1,1,UjzOb7pBZuVnZvuKzR8n,[ACX 2024] Will there be 10 or more armed forces conflict deaths between China and Taiwan in 2024?,0.057868,UjzOb7pBZuVnZvuKzR8n,[ACX 2024] Will there be 10 or more armed forces conflict deaths between China and Taiwan in 2024?,0.057868,0.4330051612863642,0.6978341927968571,0.3021658072031429,1,1.0,1.0,1.0,True,True,True
2024-05-13,china_taiwan_2024,Kinetic,geopolitical,[ACX 2024] Will there be 10 or more armed forces conflict deaths between China and Taiwan in 2024?,0.057868,0.4373569355055993,0.057868,1.0,0.9048374180359595,0.835270211411272,0.00904545803668707,0.15631191741008968,0.14143687175759567,0.1305626883012269,10.0,10.0,84,2.8,0.1,0.7557837414557254,china_taiwan_2024_conflict,orthogonal,max,max,max,2024-01-01,2024-08-05,0.77,1,1,UjzOb7pBZuVnZvuKzR8n,[ACX 2024] Will there be 10 or more armed forces conflict deaths between China and Taiwan in 2024?,0.057868,UjzOb7pBZuVnZvuKzR8n,[ACX 2024] Will there be 10 or more armed forces conflict deaths between China and Taiwan in 2024?,0.057868,0.4373569355055993,0.6957214142833935,0.3042785857166065,1,1.0,1.0,1.0,True,True,True
2024-05-14,china_taiwan_2024,Kinetic,geopolitical,[ACX 2024] Will there be 10 or more armed forces conflict deaths between China and Taiwan in 2024?,0.057868,0.43881722442002286,0.057868,1.0,0.9048374180359595,0.8380590909996615,0.00906662272419381,0.15667765819094856,0.1417678077014185,0.131305135803462,10.0,10.0,83,2.7666666666666666,0.1,0.7583072240616969,china_taiwan_2024_conflict,orthogonal,max,max,max,2024-01-01,2024-08-05,0.77,1,1,UjzOb7pBZuVnZvuKzR8n,[ACX 2024] Will there be 10 or more armed forces conflict deaths between China and Taiwan in 2024?,0.057868,UjzOb7pBZuVnZvuKzR8n,[ACX 2024] Will there be 10 or more armed forces conflict deaths between China and Taiwan in 2024?,0.057868,0.43881722442002286,0.6950153105117942,0.3049846894882058,1,1.0,1.0,1.0,True,True,True
2024-05-15,china_taiwan_2024,Kinetic,geopolitical,[ACX 2024] Will there be 10 or more armed forces conflict deaths between China and Taiwan in 2024?,0.057868,0.44028238908589906,0.057868,1.0,0.9048374180359595,0.8408572823643508,0.009087815759563666,0.15704388884294715,0.14209918689897855,0.13205149758440973,10.0,10.0,82,2.7333333333333334,0.1,0.7608391323112929,china_taiwan_2024_conflict,orthogonal,max,max,max,2024-01-01,2024-08-05,0.77,1,1,UjzOb7pBZuVnZvuKzR8n,[ACX 2024] Will there be 10 or more armed forces conflict deaths between China and Taiwan in 2024?,0.057868,UjzOb7pBZuVnZvuKzR8n,[ACX 2024] Will there be 10 or more armed forces conflict deaths between China and Taiwan in 2024?,0.057868,0.44028238908589906,0.6943082881369311,0.30569171186306887,1,1.0,1.0,1.0,True,True,True
2024-05-16,china_taiwan_2024,Kinetic,geopolitical,[ACX 2024] Will there be 10 or more armed forces conflict deaths between China and Taiwan in 2024?,0.058245,0.44463038647650005,0.058245,1.0,0.9048374180359595,0.8436648165963836,0.009226871782672681,0.15841483016005978,0.14333966590063354,0.13364901863313408,10.0,10.0,81,2.7,0.1,0.763379494336853,china_taiwan_2024_conflict,orthogonal,max,max,max,2024-01-01,2024-08-05,0.77,1,1,UjzOb7pBZuVnZvuKzR8n,[ACX 2024] Will there be 10 or more armed forces conflict deaths between China and Taiwan in 2024?,0.058245,UjzOb7pBZuVnZvuKzR8n,[ACX 2024] Will there be 10 or more armed forces conflict deaths between China and Taiwan in 2024?,0.058245,0.44463038647650005,0.6922185836330303,0.30778141636696965,1,1.0,1.0,1.0,True,True,True
2024-05-17,china_taiwan_2024,Kinetic,geopolitical,[ACX 2024] Will there be 10 or more armed forces conflict deaths between China and Taiwan in 2024?,0.058245,0.4461149606804896,0.058245,1.0,0.9048374180359595,0.8464817248906141,0.009248397460600064,0.15878440141814856,0.1436740678035829,0.13440809399815806,10.0,10.0,80,2.6666666666666665,0.1,0.7659283383646487,china_taiwan_2024_conflict,orthogonal,max,max,max,2024-01-01,2024-08-05,0.77,1,1,UjzOb7pBZuVnZvuKzR8n,[ACX 2024] Will there be 10 or more armed forces conflict deaths between China and Taiwan in 2024?,0.058245,UjzOb7pBZuVnZvuKzR8n,[ACX 2024] Will there be 10 or more armed forces conflict deaths between China and Taiwan in 2024?,0.058245,0.4461149606804896,0.6915079555842754,0.30849204441572464,1,1.0,1.0,1.0,True,True,True
2024-05-20,china_taiwan_2024,Kinetic,geopolitical,[ACX 2024] Will there be 10 or more armed forces conflict deaths between China and Taiwan in 2024?,0.06,0.46417562768382753,0.06,1.0,0.9048374180359595,0.8549890076594595,0.009876685106304448,0.1646114184384075,0.14894657083904558,0.14074095330007008,10.0,10.0,77,2.566666666666667,0.1,0.7736260461397125,china_taiwan_2024_conflict,orthogonal,max,max,max,2024-01-01,2024-08-05,0.77,1,1,UjzOb7pBZuVnZvuKzR8n,[ACX 2024] Will there be 10 or more armed forces conflict deaths between China and Taiwan in 2024?,0.06,UjzOb7pBZuVnZvuKzR8n,[ACX 2024] Will there be 10 or more armed forces conflict deaths between China and Taiwan in 2024?,0.06,0.46417562768382753,0.6829781763147467,0.31702182368525333,1,1.0,1.0,1.0,True,True,True
2024-05-21,china_taiwan_2024,Kinetic,geopolitical,[ACX 2024] Will there be 10 or more armed forces conflict deaths between China and Taiwan in 2024?,0.06,0.4657254613972651,0.06,1.0,0.9048374180359595,0.8578437262393668,0.009899640184477839,0.16499400307463064,0.14929274773346596,0.1415390704046907,10.0,10.0,76,2.533333333333333,0.1,0.7762091023287752,china_taiwan_2024_conflict,orthogonal,max,max,max,2024-01-01,2024-08-05,0.77,1,1,UjzOb7pBZuVnZvuKzR8n,[ACX 2024] Will there be 10 or more armed forces conflict deaths between China and Taiwan in 2024?,0.06,UjzOb7pBZuVnZvuKzR8n,[ACX 2024] Will there be 10 or more armed forces conflict deaths between China and Taiwan in 2024?,0.06,0.4657254613972651,0.6822560065557621,0.31774399344423787,1,1.0,1.0,1.0,True,True,True
2024-05-22,china_taiwan_2024,Kinetic,geopolitical,[ACX 2024] Will there be 10 or more armed forces conflict deaths between China and Taiwan in 2024?,0.06,0.46728046984284294,0.06,1.0,0.9048374180359595,0.8607079764250578,0.009922625290512702,0.16537708817521168,0.14963937746676376,0.1423413789103548,10.0,10.0,75,2.5,0.1,0.7788007830714048,china_taiwan_2024_conflict,orthogonal,max,max,max,2024-01-01,2024-08-05,0.77,1,1,UjzOb7pBZuVnZvuKzR8n,[ACX 2024] Will there be 10 or more armed forces conflict deaths between China and Taiwan in 2024?,0.06,UjzOb7pBZuVnZvuKzR8n,[ACX 2024] Will there be 10 or more armed forces conflict deaths between China and Taiwan in 2024?,0.06,0.46728046984284294,0.6815329587990139,0.3184670412009861,1,1.0,1.0,1.0,True,True,True
2024-05-23,china_taiwan_2024,Kinetic,geopolitical,[ACX 2024] Will there be 10 or more armed forces conflict deaths between China and Taiwan in 2024?,0.06,0.4688406702984486,0.06,1.0,0.9048374180359595,0.8635817900415641,0.009945640355422128,0.1657606725903688,0.14998645899857338,0.14314789835408434,10.0,10.0,74,2.466666666666667,0.1,0.781401117164081,china_taiwan_2024_conflict,orthogonal,max,max,max,2024-01-01,2024-08-05,0.77,1,1,UjzOb7pBZuVnZvuKzR8n,[ACX 2024] Will there be 10 or more armed forces conflict deaths between China and Taiwan in 2024?,0.06,UjzOb7pBZuVnZvuKzR8n,[ACX 2024] Will there be 10 or more armed forces conflict deaths between China and Taiwan in 2024?,0.06,0.4688406702984486,0.6808090354665993,0.3191909645334007,1,1.0,1.0,1.0,True,True,True
2024-05-24,china_taiwan_2024,Kinetic,geopolitical,[ACX 2024] Will there be 10 or more armed forces conflict deaths between China and Taiwan in 2024?,0.06,0.47040608009965884,0.06,1.0,0.9048374180359595,0.8664651990201777,0.00996868530970595,0.16614475516176586,0.1503339912807889,0.14395864834739813,10.0,10.0,73,2.433333333333333,0.1,0.7840101334994314,china_taiwan_2024_conflict,orthogonal,max,max,max,2024-01-01,2024-08-05,0.77,1,1,UjzOb7pBZuVnZvuKzR8n,[ACX 2024] Will there be 10 or more armed forces conflict deaths between China and Taiwan in 2024?,0.06,UjzOb7pBZuVnZvuKzR8n,[ACX 2024] Will there be 10 or more armed forces conflict deaths between China and Taiwan in 2024?,0.06,0.47040608009965884,0.6800842389962258,0.31991576100377417,1,1.0,1.0,1.0,True,True,True
2024-05-28,china_taiwan_2024,Kinetic,geopolitical,[ACX 2024] Will there be 10 or more armed forces conflict deaths between China and Taiwan in 2024?,0.06,0.47672016150200036,0.06,1.0,0.9048374180359595,0.8780954309205613,0.01006116261262331,0.16768604354372185,0.15172860668076676,0.14724434866488845,10.0,10.0,69,2.3,0.1,0.7945336025033339,china_taiwan_2024_conflict,orthogonal,max,max,max,2024-01-01,2024-08-05,0.77,1,1,UjzOb7pBZuVnZvuKzR8n,[ACX 2024] Will there be 10 or more armed forces conflict deaths between China and Taiwan in 2024?,0.06,UjzOb7pBZuVnZvuKzR8n,[ACX 2024] Will there be 10 or more armed forces conflict deaths between China and Taiwan in 2024?,0.06,0.47672016150200036,0.6771763710349026,0.3228236289650974,1,1.0,1.0,1.0,True,True,True
2024-05-29,china_taiwan_2024,Kinetic,geopolitical,[ACX 2024] Will there be 10 or more armed forces conflict deaths between China and Taiwan in 2024?,0.06,0.4783118800975197,0.06,1.0,0.9048374180359595,0.8810272994231082,0.01008435595331982,0.16807259922199702,0.1520783767226244,0.14807654819957844,10.0,10.0,68,2.2666666666666666,0.1,0.7971864668291995,china_taiwan_2024_conflict,orthogonal,max,max,max,2024-01-01,2024-08-05,0.77,1,1,UjzOb7pBZuVnZvuKzR8n,[ACX 2024] Will there be 10 or more armed forces conflict deaths between China and Taiwan in 2024?,0.06,UjzOb7pBZuVnZvuKzR8n,[ACX 2024] Will there be 10 or more armed forces conflict deaths between China and Taiwan in 2024?,0.06,0.4783118800975197,0.6764472459857612,0.3235527540142388,1,1.0,1.0,1.0,True,True,True
2024-05-30,china_taiwan_2024,Kinetic,geopolitical,[ACX 2024] Will there be 10 or more armed forces conflict deaths between China and Taiwan in 2024?,0.06,0.47990891327440544,0.06,1.0,0.9048374180359595,0.883968957126935,0.010107578755617554,0.16845964592695922,0.15242859106380174,0.1489130975280269,10.0,10.0,67,2.2333333333333334,0.1,0.7998481887906757,china_taiwan_2024_conflict,orthogonal,max,max,max,2024-01-01,2024-08-05,0.77,1,1,UjzOb7pBZuVnZvuKzR8n,[ACX 2024] Will there be 10 or more armed forces conflict deaths between China and Taiwan in 2024?,0.06,UjzOb7pBZuVnZvuKzR8n,[ACX 2024] Will there be 10 or more armed forces conflict deaths between China and Taiwan in 2024?,0.06,0.47990891327440544,0.6757172627519539,0.3242827372480461,1,1.0,1.0,1.0,True,True,True
2024-05-31,china_taiwan_2024,Kinetic,geopolitical,[ACX 2024] Will there be 10 or more armed forces conflict deaths between China and Taiwan in 2024?,0.06,0.48151127877748706,0.06,1.0,0.9048374180359595,0.8869204367171575,0.010130830946427026,0.16884718244045044,0.1527792486020638,0.14975401678854586,10.0,10.0,66,2.2,0.1,0.8025187979624784,china_taiwan_2024_conflict,orthogonal,max,max,max,2024-01-01,2024-08-05,0.77,1,1,UjzOb7pBZuVnZvuKzR8n,[ACX 2024] Will there be 10 or more armed forces conflict deaths between China and Taiwan in 2024?,0.06,UjzOb7pBZuVnZvuKzR8n,[ACX 2024] Will there be 10 or more armed forces conflict deaths between China and Taiwan in 2024?,0.06,0.48151127877748706,0.6749864238800664,0.32501357611993364,1,1.0,1.0,1.0,True,True,True
2024-06-03,china_taiwan_2024,Kinetic,geopolitical,[ACX 2024] Will there be 10 or more armed forces conflict deaths between China and Taiwan in 2024?,0.06,0.4863505475821122,0.06,1.0,0.9048374180359595,0.8958341352965282,0.010200763111351534,0.17001271852252556,0.15383386926119638,0.15230319668703873,10.0,10.0,63,2.1,0.1,0.8105842459701871,china_taiwan_2024_conflict,orthogonal,max,max,max,2024-01-01,2024-08-05,0.77,1,1,UjzOb7pBZuVnZvuKzR8n,[ACX 2024] Will there be 10 or more armed forces conflict deaths between China and Taiwan in 2024?,0.06,UjzOb7pBZuVnZvuKzR8n,[ACX 2024] Will there be 10 or more armed forces conflict deaths between China and Taiwan in 2024?,0.06,0.4863505475821122,0.6727887991340453,0.3272112008659547,1,1.0,1.0,1.0,True,True,True
2024-06-04,china_taiwan_2024,Kinetic,geopolitical,[ACX 2024] Will there be 10 or more armed forces conflict deaths between China and Taiwan in 2024?,0.06,0.4879744210262066,0.06,1.0,0.9048374180359595,0.8988252314716089,0.010224132115075453,0.17040220191792424,0.1541862884110568,0.1531617985821501,10.0,10.0,62,2.066666666666667,0.1,0.8132907017103442,china_taiwan_2024_conflict,orthogonal,max,max,max,2024-01-01,2024-08-05,0.77,1,1,UjzOb7pBZuVnZvuKzR8n,[ACX 2024] Will there be 10 or more armed forces conflict deaths between China and Taiwan in 2024?,0.06,UjzOb7pBZuVnZvuKzR8n,[ACX 2024] Will there be 10 or more armed forces conflict deaths between China and Taiwan in 2024?,0.06,0.4879744210262066,0.6720545634852602,0.32794543651473984,1,1.0,1.0,1.0,True,True,True
2024-06-05,china_taiwan_2024,Kinetic,geopolitical,[ACX 2024] Will there be 10 or more armed forces conflict deaths between China and Taiwan in 2024?,0.06,0.48960371641333256,0.06,1.0,0.9048374180359595,0.9018263146029529,0.010247530134187596,0.17079216890312662,0.15453914513106656,0.15402487224495173,10.0,10.0,61,2.033333333333333,0.1,0.8160061940222209,china_taiwan_2024_conflict,orthogonal,max,max,max,2024-01-01,2024-08-05,0.77,1,1,UjzOb7pBZuVnZvuKzR8n,[ACX 2024] Will there be 10 or more armed forces conflict deaths between China and Taiwan in 2024?,0.06,UjzOb7pBZuVnZvuKzR8n,[ACX 2024] Will there be 10 or more armed forces conflict deaths between China and Taiwan in 2024?,0.06,0.48960371641333256,0.6713194851633425,0.3286805148366575,1,1.0,1.0,1.0,True,True,True
2024-06-06,china_taiwan_2024,Kinetic,geopolitical,[ACX 2024] Will there be 10 or more armed forces conflict deaths between China and Taiwan in 2024?,0.06,0.49123845184678905,0.06,1.0,0.9048374180359595,0.9048374180359595,0.01027095709252986,0.17118261820883102,0.1548924382727141,0.1548924382727141,10.0,10.0,60,2.0,0.1,0.8187307530779817,china_taiwan_2024_conflict,orthogonal,max,max,max,2024-01-01,2024-08-05,0.77,1,1,UjzOb7pBZuVnZvuKzR8n,[ACX 2024] Will there be 10 or more armed forces conflict deaths between China and Taiwan in 2024?,0.06,UjzOb7pBZuVnZvuKzR8n,[ACX 2024] Will there be 10 or more armed forces conflict deaths between China and Taiwan in 2024?,0.06,0.49123845184678905,0.6705835668075576,0.3294164331924424,1,1.0,1.0,1.0,True,True,True
2024-06-07,china_taiwan_2024,Kinetic,geopolitical,[ACX 2024] Will there be 10 or more armed forces conflict deaths between China and Taiwan in 2024?,0.06,0.4928786454903201,0.06,1.0,0.9048374180359595,0.9078585752273646,0.010294412913433698,0.17157354855722828,0.15524616667978977,0.15576451733986832,10.0,10.0,59,1.9666666666666666,0.1,0.8214644091505334,china_taiwan_2024_conflict,orthogonal,max,max,max,2024-01-01,2024-08-05,0.77,1,1,UjzOb7pBZuVnZvuKzR8n,[ACX 2024] Will there be 10 or more armed forces conflict deaths between China and Taiwan in 2024?,0.06,UjzOb7pBZuVnZvuKzR8n,[ACX 2024] Will there be 10 or more armed forces conflict deaths between China and Taiwan in 2024?,0.06,0.4928786454903201,0.6698468110725508,0.33015318892744916,1,1.0,1.0,1.0,True,True,True
2024-06-10,china_taiwan_2024,Kinetic,geopolitical,[ACX 2024] Will there be 10 or more armed forces conflict deaths between China and Taiwan in 2024?,0.06,0.4978321582297162,0.06,1.0,0.9048374180359595,0.9169827055971943,0.010364952777179411,0.1727492129529902,0.15630995181612778,0.15840804068341882,10.0,10.0,56,1.8666666666666667,0.1,0.8297202637161937,china_taiwan_2024_conflict,orthogonal,max,max,max,2024-01-01,2024-08-05,0.77,1,1,UjzOb7pBZuVnZvuKzR8n,[ACX 2024] Will there be 10 or more armed forces conflict deaths between China and Taiwan in 2024?,0.06,UjzOb7pBZuVnZvuKzR8n,[ACX 2024] Will there be 10 or more armed forces conflict deaths between China and Taiwan in 2024?,0.06,0.4978321582297162,0.6676315463689184,0.3323684536310816,1,1.0,1.0,1.0,True,True,True
2024-06-11,china_taiwan_2024,Kinetic,geopolitical,[ACX 2024] Will there be 10 or more armed forces conflict deaths between China and Taiwan in 2024?,0.06,0.49949436756696164,0.06,1.0,0.9048374180359595,0.9200444146293233,0.010388523271446909,0.17314205452411513,0.15666540956904168,0.1592983802023579,10.0,10.0,55,1.8333333333333333,0.1,0.8324906126116026,china_taiwan_2024_conflict,orthogonal,max,max,max,2024-01-01,2024-08-05,0.77,1,1,UjzOb7pBZuVnZvuKzR8n,[ACX 2024] Will there be 10 or more armed forces conflict deaths between China and Taiwan in 2024?,0.06,UjzOb7pBZuVnZvuKzR8n,[ACX 2024] Will there be 10 or more armed forces conflict deaths between China and Taiwan in 2024?,0.06,0.49949436756696164,0.6668914679703483,0.33310853202965174,1,1.0,1.0,1.0,True,True,True
2024-06-12,china_taiwan_2024,Kinetic,geopolitical,[ACX 2024] Will there be 10 or more armed forces conflict deaths between China and Taiwan in 2024?,0.06,0.5011621268467632,0.06,1.0,0.9048374180359595,0.9231163463866358,0.010412122237288587,0.17353537062147645,0.15702129669105006,0.16019333729694807,10.0,10.0,54,1.8,0.1,0.8352702114112719,china_taiwan_2024_conflict,orthogonal,max,max,max,2024-01-01,2024-08-05,0.77,1,1,UjzOb7pBZuVnZvuKzR8n,[ACX 2024] Will there be 10 or more armed forces conflict deaths between China and Taiwan in 2024?,0.06,UjzOb7pBZuVnZvuKzR8n,[ACX 2024] Will there be 10 or more armed forces conflict deaths between China and Taiwan in 2024?,0.06,0.5011621268467632,0.6661505656957456,0.3338494343042544,1,1.0,1.0,1.0,True,True,True
2024-06-13,china_taiwan_2024,Kinetic,geopolitical,[ACX 2024] Will there be 10 or more armed forces conflict deaths between China and Taiwan in 2024?,0.06,0.5028354545997968,0.06,1.0,0.9048374180359595,0.9261985350017385,0.010435749594980703,0.17392915991634506,0.1573776119798692,0.1610929331086019,10.0,10.0,53,1.7666666666666666,0.1,0.8380590909996614,china_taiwan_2024_conflict,orthogonal,max,max,max,2024-01-01,2024-08-05,0.77,1,1,UjzOb7pBZuVnZvuKzR8n,[ACX 2024] Will there be 10 or more armed forces conflict deaths between China and Taiwan in 2024?,0.06,UjzOb7pBZuVnZvuKzR8n,[ACX 2024] Will there be 10 or more armed forces conflict deaths between China and Taiwan in 2024?,0.06,0.5028354545997968,0.6654088422915859,0.3345911577084141,1,1.0,1.0,1.0,True,True,True
2024-06-14,china_taiwan_2024,Kinetic,geopolitical,[ACX 2024] Will there be 10 or more armed forces conflict deaths between China and Taiwan in 2024?,0.06,0.5045143694186104,0.06,1.0,0.9048374180359595,0.9292910147212036,0.01045940526429172,0.1743234210715287,0.1577343542255574,0.16199718885723255,10.0,10.0,52,1.7333333333333334,0.1,0.8408572823643506,china_taiwan_2024_conflict,orthogonal,max,max,max,2024-01-01,2024-08-05,0.77,1,1,UjzOb7pBZuVnZvuKzR8n,[ACX 2024] Will there be 10 or more armed forces conflict deaths between China and Taiwan in 2024?,0.06,UjzOb7pBZuVnZvuKzR8n,[ACX 2024] Will there be 10 or more armed forces conflict deaths between China and Taiwan in 2024?,0.06,0.5045143694186104,0.6646663005195691,0.3353336994804309,1,1.0,1.0,1.0,True,True,True
2024-06-17,china_taiwan_2024,Kinetic,geopolitical,[ACX 2024] Will there be 10 or more armed forces conflict deaths between China and Taiwan in 2024?,0.06,0.5095848231276311,0.06,1.0,0.9048374180359595,0.9386305446889677,0.010530541332015562,0.17550902220025935,0.15880713048969858,0.16473812910565758,10.0,10.0,49,1.6333333333333333,0.1,0.8493080385460519,china_taiwan_2024_conflict,orthogonal,max,max,max,2024-01-01,2024-08-05,0.77,1,1,UjzOb7pBZuVnZvuKzR8n,[ACX 2024] Will there be 10 or more armed forces conflict deaths between China and Taiwan in 2024?,0.06,UjzOb7pBZuVnZvuKzR8n,[ACX 2024] Will there be 10 or more armed forces conflict deaths between China and Taiwan in 2024?,0.06,0.5095848231276311,0.6624337928412339,0.33756620715876606,1,1.0,1.0,1.0,True,True,True
2024-06-18,china_taiwan_2024,Kinetic,geopolitical,[ACX 2024] Will there be 10 or more armed forces conflict deaths between China and Taiwan in 2024?,0.06,0.5112862733797268,0.06,1.0,0.9048374180359595,0.9417645335842487,0.01055430943534715,0.17590515725578584,0.15916556831053472,0.16566123837805907,10.0,10.0,48,1.6,0.1,0.8521437889662113,china_taiwan_2024_conflict,orthogonal,max,max,max,2024-01-01,2024-08-05,0.77,1,1,UjzOb7pBZuVnZvuKzR8n,[ACX 2024] Will there be 10 or more armed forces conflict deaths between China and Taiwan in 2024?,0.06,UjzOb7pBZuVnZvuKzR8n,[ACX 2024] Will there be 10 or more armed forces conflict deaths between China and Taiwan in 2024?,0.06,0.5112862733797268,0.661688005518422,0.338311994481578,1,1.0,1.0,1.0,True,True,True
2024-06-20,china_taiwan_2024,Kinetic,geopolitical,[ACX 2024] Will there be 10 or more armed forces conflict deaths between China and Taiwan in 2024?,0.06,0.5147062357436201,0.06,1.0,0.9048374180359595,0.9480639384933955,0.010601929267324292,0.17669882112207155,0.15988370507409308,0.16752178028013115,10.0,10.0,46,1.5333333333333334,0.1,0.8578437262393668,china_taiwan_2024_conflict,orthogonal,max,max,max,2024-01-01,2024-08-05,0.77,1,1,UjzOb7pBZuVnZvuKzR8n,[ACX 2024] Will there be 10 or more armed forces conflict deaths between China and Taiwan in 2024?,0.06,UjzOb7pBZuVnZvuKzR8n,[ACX 2024] Will there be 10 or more armed forces conflict deaths between China and Taiwan in 2024?,0.06,0.5147062357436201,0.6601940207297466,0.33980597927025336,1,1.0,1.0,1.0,True,True,True
2024-06-21,china_taiwan_2024,Kinetic,geopolitical,[ACX 2024] Will there be 10 or more armed forces conflict deaths between China and Taiwan in 2024?,0.06,0.5164247858550347,0.06,1.0,0.9048374180359595,0.951229424500714,0.010625780828929128,0.1770963471488188,0.1602434014977372,0.1684592563795496,10.0,10.0,45,1.5,0.1,0.8607079764250578,china_taiwan_2024_conflict,orthogonal,max,max,max,2024-01-01,2024-08-05,0.77,1,1,UjzOb7pBZuVnZvuKzR8n,[ACX 2024] Will there be 10 or more armed forces conflict deaths between China and Taiwan in 2024?,0.06,UjzOb7pBZuVnZvuKzR8n,[ACX 2024] Will there be 10 or more armed forces conflict deaths between China and Taiwan in 2024?,0.06,0.5164247858550347,0.6594458289839618,0.34055417101603824,1,1.0,1.0,1.0,True,True,True
2024-06-24,china_taiwan_2024,Kinetic,geopolitical,[ACX 2024] Will there be 10 or more armed forces conflict deaths between China and Taiwan in 2024?,0.06,0.5216149412392834,0.06,1.0,0.9048374180359595,0.9607894391523232,0.010697501083386742,0.17829168472311238,0.16132498766214232,0.17130076777064193,10.0,10.0,42,1.4,0.1,0.8693582353988057,china_taiwan_2024_conflict,orthogonal,max,max,max,2024-01-01,2024-08-05,0.77,1,1,UjzOb7pBZuVnZvuKzR8n,[ACX 2024] Will there be 10 or more armed forces conflict deaths between China and Taiwan in 2024?,0.06,UjzOb7pBZuVnZvuKzR8n,[ACX 2024] Will there be 10 or more armed forces conflict deaths between China and Taiwan in 2024?,0.06,0.5216149412392834,0.6571964909765853,0.3428035090234147,1,1.0,1.0,1.0,True,True,True
2024-06-25,china_taiwan_2024,Kinetic,geopolitical,[ACX 2024] Will there be 10 or more armed forces conflict deaths between China and Taiwan in 2024?,0.06,0.523356558793396,0.06,1.0,0.9048374180359595,0.9639974142710154,0.010721462740481549,0.17869104567469252,0.16168634439443447,0.17225770598378748,10.0,10.0,41,1.3666666666666667,0.1,0.8722609313223267,china_taiwan_2024_conflict,orthogonal,max,max,max,2024-01-01,2024-08-05,0.77,1,1,UjzOb7pBZuVnZvuKzR8n,[ACX 2024] Will there be 10 or more armed forces conflict deaths between China and Taiwan in 2024?,0.06,UjzOb7pBZuVnZvuKzR8n,[ACX 2024] Will there be 10 or more armed forces conflict deaths between China and Taiwan in 2024?,0.06,0.523356558793396,0.6564451337591438,0.3435548662408562,1,1.0,1.0,1.0,True,True,True
2024-06-26,china_taiwan_2024,Kinetic,geopolitical,[ACX 2024] Will there be 10 or more armed forces conflict deaths between China and Taiwan in 2024?,0.06,0.5251039914257685,0.06,1.0,0.9048374180359595,0.9672161004820059,0.01074545170699041,0.17909086178317352,0.1620481129697216,0.17321956496588298,10.0,10.0,40,1.3333333333333333,0.1,0.8751733190429474,china_taiwan_2024_conflict,orthogonal,max,max,max,2024-01-01,2024-08-05,0.77,1,1,UjzOb7pBZuVnZvuKzR8n,[ACX 2024] Will there be 10 or more armed forces conflict deaths between China and Taiwan in 2024?,0.06,UjzOb7pBZuVnZvuKzR8n,[ACX 2024] Will there be 10 or more armed forces conflict deaths between China and Taiwan in 2024?,0.06,0.5251039914257685,0.6556929924923569,0.3443070075076431,1,1.0,1.0,1.0,True,True,True
2024-06-27,china_taiwan_2024,Kinetic,geopolitical,[ACX 2024] Will there be 10 or more armed forces conflict deaths between China and Taiwan in 2024?,0.06,0.5268572585523368,0.06,1.0,0.9048374180359595,0.9704455335485082,0.01076946789612781,0.17949113160213018,0.16241029207922408,0.1741863669748547,10.0,10.0,39,1.3,0.1,0.8780954309205613,china_taiwan_2024_conflict,orthogonal,max,max,max,2024-01-01,2024-08-05,0.77,1,1,UjzOb7pBZuVnZvuKzR8n,[ACX 2024] Will there be 10 or more armed forces conflict deaths between China and Taiwan in 2024?,0.06,UjzOb7pBZuVnZvuKzR8n,[ACX 2024] Will there be 10 or more armed forces conflict deaths between China and Taiwan in 2024?,0.06,0.5268572585523368,0.6549400701334273,0.34505992986657275,1,1.0,1.0,1.0,True,True,True
2024-06-28,china_taiwan_2024,Kinetic,geopolitical,[ACX 2024] Will there be 10 or more armed forces conflict deaths between China and Taiwan in 2024?,0.06,0.5286163796538649,0.06,1.0,0.9048374180359595,0.973685749353145,0.010793511220608351,0.17989185367680588,0.16277288040662366,0.17515813434982705,10.0,10.0,38,1.2666666666666666,0.1,0.8810272994231082,china_taiwan_2024_conflict,orthogonal,max,max,max,2024-01-01,2024-08-05,0.77,1,1,UjzOb7pBZuVnZvuKzR8n,[ACX 2024] Will there be 10 or more armed forces conflict deaths between China and Taiwan in 2024?,0.06,UjzOb7pBZuVnZvuKzR8n,[ACX 2024] Will there be 10 or more armed forces conflict deaths between China and Taiwan in 2024?,0.06,0.5286163796538649,0.6541863696543909,0.3458136303456091,1,1.0,1.0,1.0,True,True,True
2024-07-01,china_taiwan_2024,Kinetic,geopolitical,[ACX 2024] Will there be 10 or more armed forces conflict deaths between China and Taiwan in 2024?,0.06,0.5339290625928143,0.06,1.0,0.9048374180359595,0.9834714538216175,0.010865803125771144,0.18109671876285238,0.16386308742016367,0.17810345328402705,10.0,10.0,35,1.1666666666666667,0.1,0.8898817709880238,china_taiwan_2024_conflict,orthogonal,max,max,max,2024-01-01,2024-08-05,0.77,1,1,UjzOb7pBZuVnZvuKzR8n,[ACX 2024] Will there be 10 or more armed forces conflict deaths between China and Taiwan in 2024?,0.06,UjzOb7pBZuVnZvuKzR8n,[ACX 2024] Will there be 10 or more armed forces conflict deaths between China and Taiwan in 2024?,0.06,0.5339290625928143,0.6519206294388158,0.3480793705611842,1,1.0,1.0,1.0,True,True,True
2024-07-02,china_taiwan_2024,Kinetic,geopolitical,[ACX 2024] Will there be 10 or more armed forces conflict deaths between China and Taiwan in 2024?,0.06,0.535711795705967,0.06,1.0,0.9048374180359595,0.9867551618071957,0.010889954108797107,0.18149923514661848,0.16422729930556773,0.17909530714498376,10.0,10.0,34,1.1333333333333333,0.1,0.8928529928432783,china_taiwan_2024_conflict,orthogonal,max,max,max,2024-01-01,2024-08-05,0.77,1,1,UjzOb7pBZuVnZvuKzR8n,[ACX 2024] Will there be 10 or more armed forces conflict deaths between China and Taiwan in 2024?,0.06,UjzOb7pBZuVnZvuKzR8n,[ACX 2024] Will there be 10 or more armed forces conflict deaths between China and Taiwan in 2024?,0.06,0.535711795705967,0.6511638464952337,0.34883615350476627,1,1.0,1.0,1.0,True,True,True
2024-07-03,china_taiwan_2024,Kinetic,geopolitical,[ACX 2024] Will there be 10 or more armed forces conflict deaths between China and Taiwan in 2024?,0.06,0.5375004811779169,0.06,1.0,0.9048374180359595,0.990049833749168,0.010914131783265809,0.18190219638776345,0.16459191371457393,0.1800922392923137,10.0,10.0,33,1.1,0.1,0.8958341352965281,china_taiwan_2024_conflict,orthogonal,max,max,max,2024-01-01,2024-08-05,0.77,1,1,UjzOb7pBZuVnZvuKzR8n,[ACX 2024] Will there be 10 or more armed forces conflict deaths between China and Taiwan in 2024?,0.06,UjzOb7pBZuVnZvuKzR8n,[ACX 2024] Will there be 10 or more armed forces conflict deaths between China and Taiwan in 2024?,0.06,0.5375004811779169,0.6504063005130739,0.3495936994869261,1,1.0,1.0,1.0,True,True,True
2024-07-05,china_taiwan_2024,Kinetic,geopolitical,[ACX 2024] Will there be 10 or more armed forces conflict deaths between China and Taiwan in 2024?,0.06,0.5410957887617718,0.06,1.0,0.9048374180359595,0.9966722160545233,0.01096256684495877,0.1827094474159795,0.16532234465065182,0.1821014298501817,10.0,10.0,31,1.0333333333333334,0.1,0.9018263146029528,china_taiwan_2024_conflict,orthogonal,max,max,max,2024-01-01,2024-08-05,0.77,1,1,UjzOb7pBZuVnZvuKzR8n,[ACX 2024] Will there be 10 or more armed forces conflict deaths between China and Taiwan in 2024?,0.06,UjzOb7pBZuVnZvuKzR8n,[ACX 2024] Will there be 10 or more armed forces conflict deaths between China and Taiwan in 2024?,0.06,0.5410957887617718,0.6488889316889722,0.3511110683110278,1,1.0,1.0,1.0,True,True,True
2024-07-08,china_taiwan_2024,Kinetic,geopolitical,[ACX 2024] Will there be 10 or more armed forces conflict deaths between China and Taiwan in 2024?,0.048962,0.4459898735438466,0.048962,1.0,0.9108898197456121,1.0,0.007377584257015469,0.1506797977414213,0.13725269380398852,0.1506797977414213,10.0,10.0,28,0.9333333333333333,0.1,0.9108898197456121,china_taiwan_2024_conflict,orthogonal,max,max,max,2024-01-01,2024-08-05,0.77,1,1,UjzOb7pBZuVnZvuKzR8n,[ACX 2024] Will there be 10 or more armed forces conflict deaths between China and Taiwan in 2024?,0.048962,UjzOb7pBZuVnZvuKzR8n,[ACX 2024] Will there be 10 or more armed forces conflict deaths between China and Taiwan in 2024?,0.048962,0.4459898735438466,0.6915677753324717,0.3084322246675283,1,1.0,1.0,1.0,True,True,True
2024-07-09,china_taiwan_2024,Kinetic,geopolitical,[ACX 2024] Will there be 10 or more armed forces conflict deaths between China and Taiwan in 2024?,0.048962,0.44747898693249877,0.048962,1.0,0.9139311852712282,1.0,0.00739461897145083,0.1510277147880158,0.1380289383850163,0.1510277147880158,10.0,10.0,27,0.9,0.1,0.9139311852712282,china_taiwan_2024_conflict,orthogonal,max,max,max,2024-01-01,2024-08-05,0.77,1,1,UjzOb7pBZuVnZvuKzR8n,[ACX 2024] Will there be 10 or more armed forces conflict deaths between China and Taiwan in 2024?,0.048962,UjzOb7pBZuVnZvuKzR8n,[ACX 2024] Will there be 10 or more armed forces conflict deaths between China and Taiwan in 2024?,0.048962,0.44747898693249877,0.6908563157239351,0.30914368427606487,1,1.0,1.0,1.0,True,True,True
2024-07-10,china_taiwan_2024,Kinetic,geopolitical,[ACX 2024] Will there be 10 or more armed forces conflict deaths between China and Taiwan in 2024?,0.048962,0.4489730723144983,0.048962,1.0,0.9169827055971943,1.0,0.0074116754520668834,0.15137607638713457,0.13880924408816223,0.15137607638713457,10.0,10.0,26,0.8666666666666667,0.1,0.9169827055971943,china_taiwan_2024_conflict,orthogonal,max,max,max,2024-01-01,2024-08-05,0.77,1,1,UjzOb7pBZuVnZvuKzR8n,[ACX 2024] Will there be 10 or more armed forces conflict deaths between China and Taiwan in 2024?,0.048962,UjzOb7pBZuVnZvuKzR8n,[ACX 2024] Will there be 10 or more armed forces conflict deaths between China and Taiwan in 2024?,0.048962,0.4489730723144983,0.690143950296235,0.309856049703765,1,1.0,1.0,1.0,True,True,True
2024-07-11,china_taiwan_2024,Kinetic,geopolitical,[ACX 2024] Will there be 10 or more armed forces conflict deaths between China and Taiwan in 2024?,0.048962,0.4504721462908093,0.048962,1.0,0.9200444146293233,1.0,0.0074287536456684525,0.1517248814523192,0.13959362974050246,0.1517248814523192,10.0,10.0,25,0.8333333333333334,0.1,0.9200444146293233,china_taiwan_2024_conflict,orthogonal,max,max,max,2024-01-01,2024-08-05,0.77,1,1,UjzOb7pBZuVnZvuKzR8n,[ACX 2024] Will there be 10 or more armed forces conflict deaths between China and Taiwan in 2024?,0.048962,UjzOb7pBZuVnZvuKzR8n,[ACX 2024] Will there be 10 or more armed forces conflict deaths between China and Taiwan in 2024?,0.048962,0.4504721462908093,0.6894306812834909,0.31056931871650906,1,1.0,1.0,1.0,True,True,True
2024-07-12,china_taiwan_2024,Kinetic,geopolitical,[ACX 2024] Will there be 10 or more armed forces conflict deaths between China and Taiwan in 2024?,0.048962,0.4519762255178246,0.048962,1.0,0.9231163463866358,1.0,0.007445853498683274,0.1520741288894096,0.14038211424032215,0.1520741288894096,10.0,10.0,24,0.8,0.1,0.9231163463866358,china_taiwan_2024_conflict,orthogonal,max,max,max,2024-01-01,2024-08-05,0.77,1,1,UjzOb7pBZuVnZvuKzR8n,[ACX 2024] Will there be 10 or more armed forces conflict deaths between China and Taiwan in 2024?,0.048962,UjzOb7pBZuVnZvuKzR8n,[ACX 2024] Will there be 10 or more armed forces conflict deaths between China and Taiwan in 2024?,0.048962,0.4519762255178246,0.6887165109355462,0.3112834890644538,1,1.0,1.0,1.0,True,True,True
2024-07-15,china_taiwan_2024,Kinetic,geopolitical,[ACX 2024] Will there be 10 or more armed forces conflict deaths between China and Taiwan in 2024?,0.048962,0.45651866210235037,0.048962,1.0,0.9323938199059483,1.0,0.007497282472831576,0.15312451437505772,0.14277235087940335,0.15312451437505772,10.0,10.0,21,0.7,0.1,0.9323938199059483,china_taiwan_2024_conflict,orthogonal,max,max,max,2024-01-01,2024-08-05,0.77,1,1,UjzOb7pBZuVnZvuKzR8n,[ACX 2024] Will there be 10 or more armed forces conflict deaths between China and Taiwan in 2024?,0.048962,UjzOb7pBZuVnZvuKzR8n,[ACX 2024] Will there be 10 or more armed forces conflict deaths between China and Taiwan in 2024?,0.048962,0.5404341058938857,0.6491676574634904,0.35083234253650963,1,0.8447258548704323,0.8447258548704323,0.8447258548704323,True,True,True
2024-07-15,aug_volatility_2024,Technology,trade_technology,Will the August 2024 volatility spike produce a short equity drawdown?,0.03,0.08391544379153534,0.03,0.3,0.9323938199059483,1.0,0.0011127431889160285,0.011127431889160287,0.03458382908292474,0.03709143963053429,3.0,10.0,21,0.7,0.1,0.9323938199059483,aug_volatility_2024,substitute,,weighted_average,max,2024-07-15,2024-08-16,0.5,1,1,,Will the August 2024 volatility spike produce a short equity drawdown?,0.03,,Will the August 2024 volatility spike produce a short equity drawdown?,0.03,0.5404341058938857,0.6491676574634904,0.35083234253650963,2,0.15527414512956764,0.15527414512956764,0.15527414512956764,False,False,False
2024-07-16,china_taiwan_2024,Kinetic,geopolitical,[ACX 2024] Will there be 10 or more armed forces conflict deaths between China and Taiwan in 2024?,0.048962,0.4580429300111807,0.048962,1.0,0.9355069850316178,1.0,0.00751446842024054,0.15347552020425106,0.14357742118243805,0.15347552020425106,10.0,10.0,20,0.6666666666666666,0.1,0.9355069850316178,china_taiwan_2024_conflict,orthogonal,max,max,max,2024-01-01,2024-08-05,0.77,1,1,UjzOb7pBZuVnZvuKzR8n,[ACX 2024] Will there be 10 or more armed forces conflict deaths between China and Taiwan in 2024?,0.048962,UjzOb7pBZuVnZvuKzR8n,[ACX 2024] Will there be 10 or more armed forces conflict deaths between China and Taiwan in 2024?,0.048962,0.5477449527779223,0.6461012831637285,0.3538987168362715,1,0.8362339583198123,0.8362339583198123,0.8362339583198123,True,True,True
2024-07-16,aug_volatility_2024,Technology,trade_technology,Will the August 2024 volatility spike produce a short equity drawdown?,0.031962,0.08970202276674169,0.031962,0.3,0.9355069850316178,1.0,0.0012644301071357848,0.011868125653611648,0.0370090481606221,0.03956041884537216,3.0,10.0,20,0.6666666666666666,0.1,0.9355069850316178,aug_volatility_2024,substitute,,weighted_average,max,2024-07-15,2024-08-16,0.5,1,1,,Will the August 2024 volatility spike produce a short equity drawdown?,0.031962,,Will the August 2024 volatility spike produce a short equity drawdown?,0.031962,0.5477449527779223,0.6461012831637285,0.3538987168362715,2,0.16376604168018774,0.16376604168018774,0.16376604168018774,False,False,False
2024-07-17,china_taiwan_2024,Kinetic,geopolitical,[ACX 2024] Will there be 10 or more armed forces conflict deaths between China and Taiwan in 2024?,0.048962,0.45957228729061234,0.048962,1.0,0.9386305446889677,1.0,0.007531675753550776,0.1538269628191409,0.1443866858987798,0.1538269628191409,10.0,10.0,19,0.6333333333333333,0.1,0.9386305446889677,china_taiwan_2024_conflict,orthogonal,max,max,max,2024-01-01,2024-08-05,0.77,1,1,UjzOb7pBZuVnZvuKzR8n,[ACX 2024] Will there be 10 or more armed forces conflict deaths between China and Taiwan in 2024?,0.048962,UjzOb7pBZuVnZvuKzR8n,[ACX 2024] Will there be 10 or more armed forces conflict deaths between China and Taiwan in 2024?,0.048962,0.5652949386916541,0.6388572372410827,0.3611427627589173,1,0.8129778914247288,0.8129778914247288,0.8129778914247288,True,True,True
2024-07-17,aug_volatility_2024,Technology,trade_technology,Will the August 2024 volatility spike produce a short equity drawdown?,0.037545,0.10572265140104187,0.037545,0.3,0.9386305446889677,1.0,0.0017438711860839878,0.01393424839060318,0.04359703718901078,0.04644749463534393,3.0,10.0,19,0.6333333333333333,0.1,0.9386305446889677,aug_volatility_2024,substitute,,weighted_average,max,2024-07-15,2024-08-16,0.5,1,1,,Will the August 2024 volatility spike produce a short equity drawdown?,0.037545,,Will the August 2024 volatility spike produce a short equity drawdown?,0.037545,0.5652949386916541,0.6388572372410827,0.3611427627589173,2,0.1870221085752713,0.1870221085752713,0.1870221085752713,False,False,False
2024-07-18,china_taiwan_2024,Kinetic,geopolitical,[ACX 2024] Will there be 10 or more armed forces conflict deaths between China and Taiwan in 2024?,0.048962,0.4611067509335199,0.048962,1.0,0.9417645335842487,1.0,0.007548904416931041,0.1541788410794298,0.14520016435772923,0.1541788410794298,10.0,10.0,18,0.6,0.1,0.9417645335842487,china_taiwan_2024_conflict,orthogonal,max,max,max,2024-01-01,2024-08-05,0.77,1,1,UjzOb7pBZuVnZvuKzR8n,[ACX 2024] Will there be 10 or more armed forces conflict deaths between China and Taiwan in 2024?,0.048962,UjzOb7pBZuVnZvuKzR8n,[ACX 2024] Will there be 10 or more armed forces conflict deaths between China and Taiwan in 2024?,0.048962,0.591906543473969,0.6281775799587648,0.3718224200412352,1,0.7790195192423963,0.7790195192423963,0.7790195192423963,True,True,True
2024-07-18,aug_volatility_2024,Technology,trade_technology,Will the August 2024 volatility spike produce a short equity drawdown?,0.046296,0.13079979254044913,0.046296,0.3,0.9417645335842487,1.0,0.0026465677400443056,0.017149868714646875,0.053837127036935044,0.05716622904882292,3.0,10.0,18,0.6,0.1,0.9417645335842487,aug_volatility_2024,substitute,,weighted_average,max,2024-07-15,2024-08-16,0.5,1,1,,Will the August 2024 volatility spike produce a short equity drawdown?,0.046296,,Will the August 2024 volatility spike produce a short equity drawdown?,0.046296,0.591906543473969,0.6281775799587648,0.3718224200412352,2,0.2209804807576037,0.2209804807576037,0.2209804807576037,False,False,False
2024-07-19,china_taiwan_2024,Kinetic,geopolitical,[ACX 2024] Will there be 10 or more armed forces conflict deaths between China and Taiwan in 2024?,0.048962,0.46264633798951493,0.048962,1.0,0.9449089865395918,1.0,0.007566154354174297,0.15453115383714508,0.1460178759610505,0.15453115383714508,10.0,10.0,17,0.5666666666666667,0.1,0.9449089865395918,china_taiwan_2024_conflict,orthogonal,max,max,max,2024-01-01,2024-08-05,0.77,1,1,UjzOb7pBZuVnZvuKzR8n,[ACX 2024] Will there be 10 or more armed forces conflict deaths between China and Taiwan in 2024?,0.048962,UjzOb7pBZuVnZvuKzR8n,[ACX 2024] Will there be 10 or more armed forces conflict deaths between China and Taiwan in 2024?,0.048962,0.6263915060849339,0.6148581053569384,0.3851418946430616,1,0.7385897374010426,0.7385897374010426,0.7385897374010426,True,True,True
2024-07-19,aug_volatility_2024,Technology,trade_technology,Will the August 2024 volatility spike produce a short equity drawdown?,0.057764,0.16374516809541895,0.057764,0.3,0.9449089865395918,1.0,0.004107650519702291,0.021333272555755962,0.06719333650077418,0.07111090851918654,3.0,10.0,17,0.5666666666666667,0.1,0.9449089865395918,aug_volatility_2024,substitute,,weighted_average,max,2024-07-15,2024-08-16,0.5,1,1,,Will the August 2024 volatility spike produce a short equity drawdown?,0.057764,,Will the August 2024 volatility spike produce a short equity drawdown?,0.057764,0.6263915060849339,0.6148581053569384,0.3851418946430616,2,0.26141026259895733,0.26141026259895733,0.26141026259895733,False,False,False
2024-07-22,china_taiwan_2024,Kinetic,geopolitical,[ACX 2024] Will there be 10 or more armed forces conflict deaths between China and Taiwan in 2024?,0.047695,0.45520369355896273,0.047695,1.0,0.9544054797336466,1.0,0.007231916556710645,0.15162840039229783,0.14471497621765644,0.15162840039229783,10.0,10.0,14,0.4666666666666667,0.1,0.9544054797336466,china_taiwan_2024_conflict,orthogonal,max,max,max,2024-01-01,2024-08-05,0.77,1,1,UjzOb7pBZuVnZvuKzR8n,[ACX 2024] Will there be 10 or more armed forces conflict deaths between China and Taiwan in 2024?,0.047695,UjzOb7pBZuVnZvuKzR8n,[ACX 2024] Will there be 10 or more armed forces conflict deaths between China and Taiwan in 2024?,0.047695,0.7527978206001908,0.5705164556044354,0.4294835443955646,1,0.6046825337459636,0.6046825337459636,0.6046825337459636,True,True,True
2024-07-22,aug_volatility_2024,Technology,trade_technology,Will the August 2024 volatility spike produce a short equity drawdown?,0.103937,0.29759412704122806,0.103937,0.3,0.9544054797336466,1.0,0.013115584800803616,0.037856349906588455,0.12043435931187448,0.12618783302196152,3.0,10.0,14,0.4666666666666667,0.1,0.9544054797336466,aug_volatility_2024,substitute,,weighted_average,max,2024-07-15,2024-08-16,0.5,1,1,,Will the August 2024 volatility spike produce a short equity drawdown?,0.103937,,Will the August 2024 volatility spike produce a short equity drawdown?,0.103937,0.7527978206001908,0.5705164556044354,0.4294835443955646,2,0.39531746625403635,0.39531746625403635,0.39531746625403635,False,False,False
2024-07-23,china_taiwan_2024,Kinetic,geopolitical,[ACX 2024] Will there be 10 or more armed forces conflict deaths between China and Taiwan in 2024?,0.045339,0.4341627001196209,0.045339,1.0,0.9575921394817286,1.0,0.006555096253096502,0.14457963901048773,0.13844832584554895,0.14457963901048773,10.0,10.0,13,0.43333333333333335,0.1,0.9575921394817286,china_taiwan_2024_conflict,orthogonal,max,max,max,2024-01-01,2024-08-05,0.77,1,1,UjzOb7pBZuVnZvuKzR8n,[ACX 2024] Will there be 10 or more armed forces conflict deaths between China and Taiwan in 2024?,0.045339,UjzOb7pBZuVnZvuKzR8n,[ACX 2024] Will there be 10 or more armed forces conflict deaths between China and Taiwan in 2024?,0.045339,0.7839002468539746,0.5605694610803299,0.4394305389196701,1,0.553849423905714,0.553849423905714,0.553849423905714,True,True,True
2024-07-23,aug_volatility_2024,Technology,trade_technology,Will the August 2024 volatility spike produce a short equity drawdown?,0.121742,0.3497375467343538,0.121742,0.3,0.9575921394817286,1.0,0.017894816750625903,0.04409690185135591,0.14075615529451901,0.14698967283785302,3.0,10.0,13,0.43333333333333335,0.1,0.9575921394817286,aug_volatility_2024,substitute,,weighted_average,max,2024-07-15,2024-08-16,0.5,1,1,,Will the August 2024 volatility spike produce a short equity drawdown?,0.121742,,Will the August 2024 volatility spike produce a short equity drawdown?,0.121742,0.7839002468539746,0.5605694610803299,0.4394305389196701,2,0.44615057609428604,0.44615057609428604,0.44615057609428604,False,False,False
2024-07-24,china_taiwan_2024,Kinetic,geopolitical,[ACX 2024] Will there be 10 or more armed forces conflict deaths between China and Taiwan in 2024?,0.045339,0.4356123238172718,0.045339,1.0,0.9607894391523232,1.0,0.00656998779304337,0.1449080878061574,0.13922616041191357,0.1449080878061574,10.0,10.0,12,0.4,0.1,0.9607894391523232,china_taiwan_2024_conflict,orthogonal,max,max,max,2024-01-01,2024-08-05,0.77,1,1,UjzOb7pBZuVnZvuKzR8n,[ACX 2024] Will there be 10 or more armed forces conflict deaths between China and Taiwan in 2024?,0.045339,UjzOb7pBZuVnZvuKzR8n,[ACX 2024] Will there be 10 or more armed forces conflict deaths between China and Taiwan in 2024?,0.045339,0.8391438882612475,0.5437312471214061,0.4562687528785939,1,0.5191151719163261,0.5191151719163261,0.5191151719163261,True,True,True
2024-07-24,aug_volatility_2024,Technology,trade_technology,Will the August 2024 volatility spike produce a short equity drawdown?,0.14,0.40353156444397575,0.14,0.3,0.9607894391523232,1.0,0.02353160093960752,0.05042485915630182,0.16149224049372704,0.1680828638543394,3.0,10.0,12,0.4,0.1,0.9607894391523232,aug_volatility_2024,substitute,,weighted_average,max,2024-07-15,2024-08-16,0.5,1,1,,Will the August 2024 volatility spike produce a short equity drawdown?,0.14,,Will the August 2024 volatility spike produce a short equity drawdown?,0.14,0.8391438882612475,0.5437312471214061,0.4562687528785939,2,0.480884828083674,0.480884828083674,0.480884828083674,False,False,False
2024-07-25,aug_volatility_2024,Technology,trade_technology,Will the August 2024 volatility spike produce a short equity drawdown?,0.158258,0.4576809083631071,0.158258,0.3,0.9639974142710154,1.0,0.029902571285005102,0.05668447336312559,0.1821456191712244,0.18894824454375198,3.0,10.0,11,0.36666666666666664,0.1,0.9639974142710154,aug_volatility_2024,substitute,,weighted_average,max,2024-07-15,2024-08-16,0.5,1,1,,Will the August 2024 volatility spike produce a short equity drawdown?,0.158258,,Will the August 2024 volatility spike produce a short equity drawdown?,0.158258,0.8947476960194427,0.527774754444002,0.472225245555998,1,0.5115195159476128,0.5115195159476128,0.5115195159476128,True,True,True
2024-07-25,china_taiwan_2024,Kinetic,geopolitical,[ACX 2024] Will there be 10 or more armed forces conflict deaths between China and Taiwan in 2024?,0.045339,0.4370667876563356,0.045339,1.0,0.9639974142710154,1.0,0.0065848972522903814,0.14523693183110306,0.14000802674183907,0.14523693183110306,10.0,10.0,11,0.36666666666666664,0.1,0.9639974142710154,china_taiwan_2024_conflict,orthogonal,max,max,max,2024-01-01,2024-08-05,0.77,1,1,UjzOb7pBZuVnZvuKzR8n,[ACX 2024] Will there be 10 or more armed forces conflict deaths between China and Taiwan in 2024?,0.045339,UjzOb7pBZuVnZvuKzR8n,[ACX 2024] Will there be 10 or more armed forces conflict deaths between China and Taiwan in 2024?,0.045339,0.8947476960194427,0.527774754444002,0.472225245555998,2,0.48848048405238725,0.48848048405238725,0.48848048405238725,False,False,False
2024-07-26,aug_volatility_2024,Technology,trade_technology,Will the August 2024 volatility spike produce a short equity drawdown?,0.176063,0.5108729048974902,0.176063,0.3,0.9672161004820059,1.0,0.03681356593162953,0.06272794272214412,0.20223825383656951,0.20909314240714705,3.0,10.0,10,0.3333333333333333,0.1,0.9672161004820059,aug_volatility_2024,substitute,,weighted_average,max,2024-07-15,2024-08-16,0.5,1,1,,Will the August 2024 volatility spike produce a short equity drawdown?,0.176063,,Will the August 2024 volatility spike produce a short equity drawdown?,0.176063,0.9493990126950267,0.5129786121197983,0.48702138788020166,1,0.5381013652492566,0.5381013652492566,0.5381013652492566,True,True,True
2024-07-26,china_taiwan_2024,Kinetic,geopolitical,[ACX 2024] Will there be 10 or more armed forces conflict deaths between China and Taiwan in 2024?,0.045339,0.4385261077975366,0.045339,1.0,0.9672161004820059,1.0,0.006599824580221406,0.14556616996893199,0.14079394327945127,0.14556616996893199,10.0,10.0,10,0.3333333333333333,0.1,0.9672161004820059,china_taiwan_2024_conflict,orthogonal,max,max,max,2024-01-01,2024-08-05,0.77,1,1,UjzOb7pBZuVnZvuKzR8n,[ACX 2024] Will there be 10 or more armed forces conflict deaths between China and Taiwan in 2024?,0.045339,UjzOb7pBZuVnZvuKzR8n,[ACX 2024] Will there be 10 or more armed forces conflict deaths between China and Taiwan in 2024?,0.045339,0.9493990126950267,0.5129786121197983,0.48702138788020166,2,0.46189863475074344,0.46189863475074344,0.46189863475074344,False,False,False
2024-07-29,aug_volatility_2024,Technology,trade_technology,Will the August 2024 volatility spike produce a short equity drawdown?,0.222236,0.6513315693192995,0.222236,0.3,0.9769367838983476,1.0,0.05791889363225853,0.07818565889269767,0.25460815381868435,0.2606188629756589,3.0,10.0,7,0.23333333333333334,0.1,0.9769367838983476,aug_volatility_2024,substitute,,weighted_average,max,2024-07-15,2024-08-16,0.5,1,1,,Will the August 2024 volatility spike produce a short equity drawdown?,0.222236,,Will the August 2024 volatility spike produce a short equity drawdown?,0.222236,1.0942649377709712,0.4774945050955917,0.5225054949044083,1,0.5952229179946755,0.5952229179946755,0.5952229179946755,True,True,True
2024-07-29,china_taiwan_2024,Kinetic,geopolitical,[ACX 2024] Will there be 10 or more armed forces conflict deaths between China and Taiwan in 2024?,0.045339,0.44293336845167175,0.045339,1.0,0.9769367838983476,1.0,0.006644713265156412,0.146556237789903,0.14317617960670934,0.146556237789903,10.0,10.0,7,0.23333333333333334,0.1,0.9769367838983476,china_taiwan_2024_conflict,orthogonal,max,max,max,2024-01-01,2024-08-05,0.77,1,1,UjzOb7pBZuVnZvuKzR8n,[ACX 2024] Will there be 10 or more armed forces conflict deaths between China and Taiwan in 2024?,0.045339,UjzOb7pBZuVnZvuKzR8n,[ACX 2024] Will there be 10 or more armed forces conflict deaths between China and Taiwan in 2024?,0.045339,1.0942649377709712,0.4774945050955917,0.5225054949044083,2,0.40477708200532453,0.40477708200532453,0.40477708200532453,False,False,False
2024-07-30,aug_volatility_2024,Technology,trade_technology,Will the August 2024 volatility spike produce a short equity drawdown?,0.233704,0.6872290522394457,0.233704,0.3,0.9801986733067553,1.0,0.06388798585161831,0.08201141510408677,0.2679582676034515,0.27337138368028924,3.0,10.0,6,0.2,0.1,0.9801986733067553,aug_volatility_2024,substitute,,weighted_average,max,2024-07-15,2024-08-16,0.5,1,1,,Will the August 2024 volatility spike produce a short equity drawdown?,0.233704,,Will the August 2024 volatility spike produce a short equity drawdown?,0.233704,1.1316413287299953,0.4691220734567889,0.5308779265432111,1,0.6072852190814741,0.6072852190814741,0.6072852190814741,True,True,True
2024-07-30,china_taiwan_2024,Kinetic,geopolitical,[ACX 2024] Will there be 10 or more armed forces conflict deaths between China and Taiwan in 2024?,0.045339,0.4444122764905497,0.045339,1.0,0.9801986733067553,1.0,0.006659711555263167,0.14688704107420028,0.143978482786886,0.14688704107420028,10.0,10.0,6,0.2,0.1,0.9801986733067553,china_taiwan_2024_conflict,orthogonal,max,max,max,2024-01-01,2024-08-05,0.77,1,1,UjzOb7pBZuVnZvuKzR8n,[ACX 2024] Will there be 10 or more armed forces conflict deaths between China and Taiwan in 2024?,0.045339,UjzOb7pBZuVnZvuKzR8n,[ACX 2024] Will there be 10 or more armed forces conflict deaths between China and Taiwan in 2024?,0.045339,1.1316413287299953,0.4691220734567889,0.5308779265432111,2,0.3927147809185259,0.3927147809185259,0.3927147809185259,False,False,False
2024-07-31,aug_volatility_2024,Technology,trade_technology,Will the August 2024 volatility spike produce a short equity drawdown?,0.242455,0.7153427140089608,0.242455,0.3,0.9834714538216175,1.0,0.06866328885492204,0.08496004065280818,0.27851924899186997,0.28320013550936063,3.0,10.0,5,0.16666666666666666,0.1,0.9834714538216175,aug_volatility_2024,substitute,,weighted_average,max,2024-07-15,2024-08-16,0.5,1,1,,Will the August 2024 volatility spike produce a short equity drawdown?,0.242455,,Will the August 2024 volatility spike produce a short equity drawdown?,0.242455,1.1401532084872084,0.46725626746454346,0.5327437325354565,1,0.627409289106067,0.627409289106067,0.627409289106067,True,True,True
2024-07-31,china_taiwan_2024,Kinetic,geopolitical,[ACX 2024] Will there be 10 or more armed forces conflict deaths between China and Taiwan in 2024?,0.043195,0.42481049447824765,0.043195,1.0,0.9834714538216175,1.0,0.006062673105527928,0.1403559001164007,0.1380360211399183,0.1403559001164007,10.0,10.0,5,0.16666666666666666,0.1,0.9834714538216175,china_taiwan_2024_conflict,orthogonal,max,max,max,2024-01-01,2024-08-05,0.77,1,1,UjzOb7pBZuVnZvuKzR8n,[ACX 2024] Will there be 10 or more armed forces conflict deaths between China and Taiwan in 2024?,0.043195,UjzOb7pBZuVnZvuKzR8n,[ACX 2024] Will there be 10 or more armed forces conflict deaths between China and Taiwan in 2024?,0.043195,1.1401532084872084,0.46725626746454346,0.5327437325354565,2,0.3725907108939331,0.3725907108939331,0.3725907108939331,False,False,False
2024-08-01,aug_volatility_2024,Technology,trade_technology,Will the August 2024 volatility spike produce a short equity drawdown?,0.248038,0.7342583304729997,0.248038,0.3,0.9867551618071957,1.0,0.07184963669541208,0.0869015675365211,0.2858352344526628,0.2896718917884037,3.0,10.0,4,0.13333333333333333,0.1,0.9867551618071957,aug_volatility_2024,substitute,,weighted_average,max,2024-07-15,2024-08-16,0.5,1,1,,Will the August 2024 volatility spike produce a short equity drawdown?,0.248038,,Will the August 2024 volatility spike produce a short equity drawdown?,0.248038,1.1604872226156178,0.46285855779759666,0.5371414422024033,1,0.6327155664997824,0.6327155664997824,0.6327155664997824,True,True,True
2024-08-01,china_taiwan_2024,Kinetic,geopolitical,[ACX 2024] Will there be 10 or more armed forces conflict deaths between China and Taiwan in 2024?,0.043195,0.4262288921426181,0.043195,1.0,0.9867551618071957,1.0,0.0060763233759327856,0.14067191517381145,0.13880873841906244,0.14067191517381145,10.0,10.0,4,0.13333333333333333,0.1,0.9867551618071957,china_taiwan_2024_conflict,orthogonal,max,max,max,2024-01-01,2024-08-05,0.77,1,1,UjzOb7pBZuVnZvuKzR8n,[ACX 2024] Will there be 10 or more armed forces conflict deaths between China and Taiwan in 2024?,0.043195,UjzOb7pBZuVnZvuKzR8n,[ACX 2024] Will there be 10 or more armed forces conflict deaths between China and Taiwan in 2024?,0.043195,1.1604872226156178,0.46285855779759666,0.5371414422024033,2,0.3672844335002176,0.3672844335002176,0.3672844335002176,False,False,False
2024-08-02,aug_volatility_2024,Technology,trade_technology,Will the August 2024 volatility spike produce a short equity drawdown?,0.25,0.742537375311876,0.25,0.3,0.9900498337491681,1.0,0.07308295347653425,0.08769954417184109,0.2894230637573637,0.292331813906137,3.0,10.0,3,0.1,0.1,0.9900498337491681,aug_volatility_2024,substitute,,weighted_average,max,2024-07-15,2024-08-16,0.5,1,1,,Will the August 2024 volatility spike produce a short equity drawdown?,0.25,,Will the August 2024 volatility spike produce a short equity drawdown?,0.25,1.170189400999829,0.46078927467772607,0.539210725322274,1,0.6345446084859766,0.6345446084859766,0.6345446084859766,True,True,True
2024-08-02,china_taiwan_2024,Kinetic,geopolitical,[ACX 2024] Will there be 10 or more armed forces conflict deaths between China and Taiwan in 2024?,0.043195,0.42765202568795313,0.043195,1.0,0.9900498337491681,1.0,0.0060899895201531554,0.14098829772318916,0.13958544072142165,0.14098829772318916,10.0,10.0,3,0.1,0.1,0.9900498337491681,china_taiwan_2024_conflict,orthogonal,max,max,max,2024-01-01,2024-08-05,0.77,1,1,UjzOb7pBZuVnZvuKzR8n,[ACX 2024] Will there be 10 or more armed forces conflict deaths between China and Taiwan in 2024?,0.043195,UjzOb7pBZuVnZvuKzR8n,[ACX 2024] Will there be 10 or more armed forces conflict deaths between China and Taiwan in 2024?,0.043195,1.170189400999829,0.46078927467772607,0.539210725322274,2,0.36545539151402345,0.36545539151402345,0.36545539151402345,False,False,False
2024-08-05,aug_volatility_2024,Technology,trade_technology,Will the August 2024 volatility spike produce a short equity drawdown?,0.222843,0.6663042799267145,0.222843,0.3,0.9966722160545233,1.0,0.058932465938517135,0.07933720054726934,0.2635772782833635,0.2644573351575644,3.0,10.0,1,0.03333333333333333,0.1,0.9966722160545233,aug_volatility_2024,substitute,,weighted_average,max,2024-07-15,2024-08-16,0.5,1,1,,Will the August 2024 volatility spike produce a short equity drawdown?,0.222843,,Will the August 2024 volatility spike produce a short equity drawdown?,0.222843,1.0968168436514658,0.476913376114705,0.5230866238852949,1,0.6074891024726505,0.6074891024726505,0.6074891024726505,True,True,True
2024-08-05,china_taiwan_2024,Kinetic,geopolitical,[ACX 2024] Will there be 10 or more armed forces conflict deaths between China and Taiwan in 2024?,0.043195,0.4305125637247513,0.043195,1.0,0.9966722160545233,1.0,0.006117369236353214,0.141622160813826,0.14115087286074604,0.141622160813826,10.0,10.0,1,0.03333333333333333,0.1,0.9966722160545233,china_taiwan_2024_conflict,orthogonal,max,max,max,2024-01-01,2024-08-05,0.77,1,1,UjzOb7pBZuVnZvuKzR8n,[ACX 2024] Will there be 10 or more armed forces conflict deaths between China and Taiwan in 2024?,0.043195,UjzOb7pBZuVnZvuKzR8n,[ACX 2024] Will there be 10 or more armed forces conflict deaths between China and Taiwan in 2024?,0.043195,1.0968168436514658,0.476913376114705,0.5230866238852949,2,0.39251089752734936,0.39251089752734936,0.39251089752734936,False,False,False
2024-08-06,aug_volatility_2024,Technology,trade_technology,Will the August 2024 volatility spike produce a short equity drawdown?,0.204402,0.61116538291793,0.204402,0.3,0.9966722160545233,1.0,0.04994790870150948,0.07330834634912009,0.24354797337023348,0.24436115449706697,3.0,10.0,1,0.03333333333333333,0.1,0.9966722160545233,aug_volatility_2024,substitute,,weighted_average,max,2024-07-15,2024-08-16,0.5,1,1,,Will the August 2024 volatility spike produce a short equity drawdown?,0.204402,,Will the August 2024 volatility spike produce a short equity drawdown?,0.204402,1.0416779466426813,0.4897932123155818,0.5102067876844182,1,0.5867124142233312,0.5867124142233312,0.5867124142233312,True,True,True
2024-08-06,china_taiwan_2024,Kinetic,geopolitical,[ACX 2024] Will there be 10 or more armed forces conflict deaths between China and Taiwan in 2024?,0.043195,0.4305125637247513,0.043195,1.0,0.9966722160545233,1.0,0.006117369236353214,0.141622160813826,0.14115087286074604,0.141622160813826,10.0,10.0,1,0.03333333333333333,0.1,0.9966722160545233,china_taiwan_2024_conflict,orthogonal,max,max,max,2024-01-01,2024-08-05,0.77,1,1,UjzOb7pBZuVnZvuKzR8n,[ACX 2024] Will there be 10 or more armed forces conflict deaths between China and Taiwan in 2024?,0.043195,UjzOb7pBZuVnZvuKzR8n,[ACX 2024] Will there be 10 or more armed forces conflict deaths between China and Taiwan in 2024?,0.043195,1.0416779466426813,0.4897932123155818,0.5102067876844182,2,0.4132875857766687,0.4132875857766687,0.4132875857766687,False,False,False
2024-08-07,aug_volatility_2024,Technology,trade_technology,Will the August 2024 volatility spike produce a short equity drawdown?,0.182945,0.5470085956982842,0.182945,0.3,0.9966722160545233,1.0,0.04035803868923539,0.0661806095098014,0.2198679157999094,0.220602031699338,3.0,10.0,1,0.03333333333333333,0.1,0.9966722160545233,aug_volatility_2024,substitute,,weighted_average,max,2024-07-15,2024-08-16,0.5,1,1,,Will the August 2024 volatility spike produce a short equity drawdown?,0.182945,,Will the August 2024 volatility spike produce a short equity drawdown?,0.182945,0.9775211594230355,0.5056835904055568,0.49431640959444323,1,0.5595874732994489,0.5595874732994489,0.5595874732994489,True,True,True
2024-08-07,china_taiwan_2024,Kinetic,geopolitical,[ACX 2024] Will there be 10 or more armed forces conflict deaths between China and Taiwan in 2024?,0.043195,0.4305125637247513,0.043195,1.0,0.9966722160545233,1.0,0.006117369236353214,0.141622160813826,0.14115087286074604,0.141622160813826,10.0,10.0,1,0.03333333333333333,0.1,0.9966722160545233,china_taiwan_2024_conflict,orthogonal,max,max,max,2024-01-01,2024-08-05,0.77,1,1,UjzOb7pBZuVnZvuKzR8n,[ACX 2024] Will there be 10 or more armed forces conflict deaths between China and Taiwan in 2024?,0.043195,UjzOb7pBZuVnZvuKzR8n,[ACX 2024] Will there be 10 or more armed forces conflict deaths between China and Taiwan in 2024?,0.043195,0.9775211594230355,0.5056835904055568,0.49431640959444323,2,0.4404125267005511,0.4404125267005511,0.4404125267005511,False,False,False
2024-08-08,aug_volatility_2024,Technology,trade_technology,Will the August 2024 volatility spike produce a short equity drawdown?,0.159475,0.47683290496588526,0.159475,0.3,0.9966722160545233,1.0,0.030960248238534945,0.05824157060078685,0.19349251745727397,0.1941385686692895,3.0,10.0,1,0.03333333333333333,0.1,0.9966722160545233,aug_volatility_2024,substitute,,weighted_average,max,2024-07-15,2024-08-16,0.5,1,1,,Will the August 2024 volatility spike produce a short equity drawdown?,0.159475,,Will the August 2024 volatility spike produce a short equity drawdown?,0.159475,0.9073454686906366,0.524288869748638,0.475711130251362,1,0.5255251956611287,0.5255251956611287,0.5255251956611287,True,True,True
2024-08-08,china_taiwan_2024,Kinetic,geopolitical,[ACX 2024] Will there be 10 or more armed forces conflict deaths between China and Taiwan in 2024?,0.043195,0.4305125637247513,0.043195,1.0,0.9966722160545233,1.0,0.006117369236353214,0.141622160813826,0.14115087286074604,0.141622160813826,10.0,10.0,1,0.03333333333333333,0.1,0.9966722160545233,china_taiwan_2024_conflict,orthogonal,max,max,max,2024-01-01,2024-08-05,0.77,1,1,UjzOb7pBZuVnZvuKzR8n,[ACX 2024] Will there be 10 or more armed forces conflict deaths between China and Taiwan in 2024?,0.043195,UjzOb7pBZuVnZvuKzR8n,[ACX 2024] Will there be 10 or more armed forces conflict deaths between China and Taiwan in 2024?,0.043195,0.9073454686906366,0.524288869748638,0.475711130251362,2,0.4744748043388713,0.4744748043388713,0.4744748043388713,False,False,False
2024-08-09,china_taiwan_2024,Kinetic,geopolitical,[ACX 2024] Will there be 10 or more armed forces conflict deaths between China and Taiwan in 2024?,0.043195,0.4305125637247513,0.043195,1.0,0.9966722160545233,1.0,0.006117369236353214,0.141622160813826,0.14115087286074604,0.141622160813826,10.0,10.0,1,0.03333333333333333,0.1,0.9966722160545233,china_taiwan_2024_conflict,orthogonal,max,max,max,2024-01-01,2024-08-05,0.77,1,1,UjzOb7pBZuVnZvuKzR8n,[ACX 2024] Will there be 10 or more armed forces conflict deaths between China and Taiwan in 2024?,0.043195,UjzOb7pBZuVnZvuKzR8n,[ACX 2024] Will there be 10 or more armed forces conflict deaths between China and Taiwan in 2024?,0.043195,0.8341648112268332,0.5452072757470042,0.4547927242529958,1,0.516100125455523,0.516100125455523,0.516100125455523,True,True,True
2024-08-09,aug_volatility_2024,Technology,trade_technology,Will the August 2024 volatility spike produce a short equity drawdown?,0.135,0.40365224750208195,0.135,0.3,0.9966722160545233,1.0,0.022409703517194447,0.04979934114932098,0.16544539900449654,0.16599780383106996,3.0,10.0,1,0.03333333333333333,0.1,0.9966722160545233,aug_volatility_2024,substitute,,weighted_average,max,2024-07-15,2024-08-16,0.5,1,1,,Will the August 2024 volatility spike produce a short equity drawdown?,0.135,,Will the August 2024 volatility spike produce a short equity drawdown?,0.135,0.8341648112268332,0.5452072757470042,0.4547927242529958,2,0.483899874544477,0.483899874544477,0.483899874544477,False,False,False
2024-08-12,china_taiwan_2024,Kinetic,geopolitical,[ACX 2024] Will there be 10 or more armed forces conflict deaths between China and Taiwan in 2024?,0.042194,0.4205358748420456,0.042194,1.0,0.9966722160545233,1.0,0.005839049645996955,0.13838578105884616,0.13792526307835629,0.13838578105884616,10.0,10.0,1,0.03333333333333333,0.1,0.9966722160545233,china_taiwan_2024_conflict,orthogonal,max,max,max,2024-01-01,2024-08-05,0.77,1,1,UjzOb7pBZuVnZvuKzR8n,[ACX 2024] Will there be 10 or more armed forces conflict deaths between China and Taiwan in 2024?,0.042194,UjzOb7pBZuVnZvuKzR8n,[ACX 2024] Will there be 10 or more armed forces conflict deaths between China and Taiwan in 2024?,0.042194,0.6166749869282795,0.6185535176121105,0.3814464823878895,1,0.6819408663496752,0.6819408663496752,0.6819408663496752,True,True,True
2024-08-12,aug_volatility_2024,Technology,trade_technology,Will the August 2024 volatility spike produce a short equity drawdown?,0.065598,0.19613911208623386,0.065598,0.3,0.9966722160545233,1.0,0.0054465968318062235,0.02490897663864549,0.08275361648696385,0.08302992212881831,3.0,10.0,1,0.03333333333333333,0.1,0.9966722160545233,aug_volatility_2024,substitute,,weighted_average,max,2024-07-15,2024-08-16,0.5,1,1,,Will the August 2024 volatility spike produce a short equity drawdown?,0.065598,,Will the August 2024 volatility spike produce a short equity drawdown?,0.065598,0.6166749869282795,0.6185535176121105,0.3814464823878895,2,0.3180591336503247,0.3180591336503247,0.3180591336503247,False,False,False
2024-08-13,china_taiwan_2024,Kinetic,geopolitical,[ACX 2024] Will there be 10 or more armed forces conflict deaths between China and Taiwan in 2024?,0.042194,0.4205358748420456,0.042194,1.0,0.9966722160545233,1.0,0.005839049645996955,0.13838578105884616,0.13792526307835629,0.13838578105884616,10.0,10.0,1,0.03333333333333333,0.1,0.9966722160545233,china_taiwan_2024_conflict,orthogonal,max,max,max,2024-01-01,2024-08-05,0.77,1,1,UjzOb7pBZuVnZvuKzR8n,[ACX 2024] Will there be 10 or more armed forces conflict deaths between China and Taiwan in 2024?,0.042194,UjzOb7pBZuVnZvuKzR8n,[ACX 2024] Will there be 10 or more armed forces conflict deaths between China and Taiwan in 2024?,0.042194,0.561536089919495,0.640395061283249,0.35960493871675103,1,0.748902666082132,0.748902666082132,0.748902666082132,True,True,True
2024-08-13,aug_volatility_2024,Technology,trade_technology,Will the August 2024 volatility spike produce a short equity drawdown?,0.047157,0.14100021507744945,0.047157,0.3,0.9966722160545233,1.0,0.0028368735643632356,0.018047417547956204,0.05995786547194267,0.060158058493187345,3.0,10.0,1,0.03333333333333333,0.1,0.9966722160545233,aug_volatility_2024,substitute,,weighted_average,max,2024-07-15,2024-08-16,0.5,1,1,,Will the August 2024 volatility spike produce a short equity drawdown?,0.047157,,Will the August 2024 volatility spike produce a short equity drawdown?,0.047157,0.561536089919495,0.640395061283249,0.35960493871675103,2,0.2510973339178681,0.2510973339178681,0.2510973339178681,False,False,False
2024-08-14,china_taiwan_2024,Kinetic,geopolitical,[ACX 2024] Will there be 10 or more armed forces conflict deaths between China and Taiwan in 2024?,0.042194,0.4205358748420456,0.042194,1.0,0.9966722160545233,1.0,0.005839049645996955,0.13838578105884616,0.13792526307835629,0.13838578105884616,10.0,10.0,1,0.03333333333333333,0.1,0.9966722160545233,china_taiwan_2024_conflict,orthogonal,max,max,max,2024-01-01,2024-08-05,0.77,1,1,UjzOb7pBZuVnZvuKzR8n,[ACX 2024] Will there be 10 or more armed forces conflict deaths between China and Taiwan in 2024?,0.042194,UjzOb7pBZuVnZvuKzR8n,[ACX 2024] Will there be 10 or more armed forces conflict deaths between China and Taiwan in 2024?,0.042194,0.518432009919569,0.6585741037249141,0.3414258962750859,1,0.8111688067009766,0.8111688067009766,0.8111688067009766,True,True,True
2024-08-14,aug_volatility_2024,Technology,trade_technology,Will the August 2024 volatility spike produce a short equity drawdown?,0.032741,0.09789613507752343,0.032741,0.3,0.9966722160545233,1.0,0.0013759762915752992,0.012607827722812064,0.04188623865376251,0.04202609240937355,3.0,10.0,1,0.03333333333333333,0.1,0.9966722160545233,aug_volatility_2024,substitute,,weighted_average,max,2024-07-15,2024-08-16,0.5,1,1,,Will the August 2024 volatility spike produce a short equity drawdown?,0.032741,,Will the August 2024 volatility spike produce a short equity drawdown?,0.032741,0.518432009919569,0.6585741037249141,0.3414258962750859,2,0.18883119329902356,0.18883119329902356,0.18883119329902356,False,False,False
2024-08-15,china_taiwan_2024,Kinetic,geopolitical,[ACX 2024] Will there be 10 or more armed forces conflict deaths between China and Taiwan in 2024?,0.042194,0.4205358748420456,0.042194,1.0,0.9966722160545233,1.0,0.005839049645996955,0.13838578105884616,0.13792526307835629,0.13838578105884616,10.0,10.0,1,0.03333333333333333,0.1,0.9966722160545233,china_taiwan_2024_conflict,orthogonal,max,max,max,2024-01-01,2024-08-05,0.77,1,1,UjzOb7pBZuVnZvuKzR8n,[ACX 2024] Will there be 10 or more armed forces conflict deaths between China and Taiwan in 2024?,0.042194,UjzOb7pBZuVnZvuKzR8n,[ACX 2024] Will there be 10 or more armed forces conflict deaths between China and Taiwan in 2024?,0.042194,0.4903617336266094,0.6709780434087131,0.32902195659128686,1,0.8576033691125389,0.8576033691125389,0.8576033691125389,True,True,True
2024-08-15,aug_volatility_2024,Technology,trade_technology,Will the August 2024 volatility spike produce a short equity drawdown?,0.023353,0.06982585878456385,0.023353,0.3,0.9966722160545233,1.0,0.0007028558435106238,0.009029107740041415,0.02999686940087375,0.030097025800138053,3.0,10.0,1,0.03333333333333333,0.1,0.9966722160545233,aug_volatility_2024,substitute,,weighted_average,max,2024-07-15,2024-08-16,0.5,1,1,,Will the August 2024 volatility spike produce a short equity drawdown?,0.023353,,Will the August 2024 volatility spike produce a short equity drawdown?,0.023353,0.4903617336266094,0.6709780434087131,0.32902195659128686,2,0.14239663088746116,0.14239663088746116,0.14239663088746116,False,False,False
2024-08-16,china_taiwan_2024,Kinetic,geopolitical,[ACX 2024] Will there be 10 or more armed forces conflict deaths between China and Taiwan in 2024?,0.042194,0.4205358748420456,0.042194,1.0,0.9966722160545233,1.0,0.005839049645996955,0.13838578105884616,0.13792526307835629,0.13838578105884616,10.0,10.0,1,0.03333333333333333,0.1,0.9966722160545233,china_taiwan_2024_conflict,orthogonal,max,max,max,2024-01-01,2024-08-05,0.77,1,1,UjzOb7pBZuVnZvuKzR8n,[ACX 2024] Will there be 10 or more armed forces conflict deaths between China and Taiwan in 2024?,0.042194,UjzOb7pBZuVnZvuKzR8n,[ACX 2024] Will there be 10 or more armed forces conflict deaths between China and Taiwan in 2024?,0.042194,0.48033620780531694,0.6755222190252019,0.32447778097479807,1,0.875503174669046,0.875503174669046,0.875503174669046,True,True,True
2024-08-16,aug_volatility_2024,Technology,trade_technology,Will the August 2024 volatility spike produce a short equity drawdown?,0.02,0.05980033296327139,0.02,0.3,0.9966722160545233,1.0,0.0005162606306481813,0.007743909459722719,0.025727131340491427,0.025813031532409065,3.0,10.0,1,0.03333333333333333,0.1,0.9966722160545233,aug_volatility_2024,substitute,,weighted_average,max,2024-07-15,2024-08-16,0.5,1,1,,Will the August 2024 volatility spike produce a short equity drawdown?,0.02,,Will the August 2024 volatility spike produce a short equity drawdown?,0.02,0.48033620780531694,0.6755222190252019,0.32447778097479807,2,0.12449682533095405,0.12449682533095405,0.12449682533095405,False,False,False
2024-08-19,china_taiwan_2024,Kinetic,geopolitical,[ACX 2024] Will there be 10 or more armed forces conflict deaths between China and Taiwan in 2024?,0.042194,0.4205358748420456,0.042194,1.0,0.9966722160545233,1.0,0.005839049645996955,0.13838578105884616,0.13792526307835629,0.13838578105884616,10.0,10.0,1,0.03333333333333333,0.1,0.9966722160545233,china_taiwan_2024_conflict,orthogonal,max,max,max,2024-01-01,2024-08-05,0.77,1,1,UjzOb7pBZuVnZvuKzR8n,[ACX 2024] Will there be 10 or more armed forces conflict deaths between China and Taiwan in 2024?,0.042194,UjzOb7pBZuVnZvuKzR8n,[ACX 2024] Will there be 10 or more armed forces conflict deaths between China and Taiwan in 2024?,0.042194,0.4205358748420456,0.7039596941620313,0.2960403058379687,1,1.0,1.0,1.0,True,True,True
2024-08-20,china_taiwan_2024,Kinetic,geopolitical,[ACX 2024] Will there be 10 or more armed forces conflict deaths between China and Taiwan in 2024?,0.042194,0.4205358748420456,0.042194,1.0,0.9966722160545233,1.0,0.005839049645996955,0.13838578105884616,0.13792526307835629,0.13838578105884616,10.0,10.0,1,0.03333333333333333,0.1,0.9966722160545233,china_taiwan_2024_conflict,orthogonal,max,max,max,2024-01-01,2024-08-05,0.77,1,1,UjzOb7pBZuVnZvuKzR8n,[ACX 2024] Will there be 10 or more armed forces conflict deaths between China and Taiwan in 2024?,0.042194,UjzOb7pBZuVnZvuKzR8n,[ACX 2024] Will there be 10 or more armed forces conflict deaths between China and Taiwan in 2024?,0.042194,0.4205358748420456,0.7039596941620313,0.2960403058379687,1,1.0,1.0,1.0,True,True,True
2024-08-21,china_taiwan_2024,Kinetic,geopolitical,[ACX 2024] Will there be 10 or more armed forces conflict deaths between China and Taiwan in 2024?,0.042194,0.4205358748420456,0.042194,1.0,0.9966722160545233,1.0,0.005839049645996955,0.13838578105884616,0.13792526307835629,0.13838578105884616,10.0,10.0,1,0.03333333333333333,0.1,0.9966722160545233,china_taiwan_2024_conflict,orthogonal,max,max,max,2024-01-01,2024-08-05,0.77,1,1,UjzOb7pBZuVnZvuKzR8n,[ACX 2024] Will there be 10 or more armed forces conflict deaths between China and Taiwan in 2024?,0.042194,UjzOb7pBZuVnZvuKzR8n,[ACX 2024] Will there be 10 or more armed forces conflict deaths between China and Taiwan in 2024?,0.042194,0.4205358748420456,0.7039596941620313,0.2960403058379687,1,1.0,1.0,1.0,True,True,True
2024-08-22,china_taiwan_2024,Kinetic,geopolitical,[ACX 2024] Will there be 10 or more armed forces conflict deaths between China and Taiwan in 2024?,0.042194,0.4205358748420456,0.042194,1.0,0.9966722160545233,1.0,0.005839049645996955,0.13838578105884616,0.13792526307835629,0.13838578105884616,10.0,10.0,1,0.03333333333333333,0.1,0.9966722160545233,china_taiwan_2024_conflict,orthogonal,max,max,max,2024-01-01,2024-08-05,0.77,1,1,UjzOb7pBZuVnZvuKzR8n,[ACX 2024] Will there be 10 or more armed forces conflict deaths between China and Taiwan in 2024?,0.042194,UjzOb7pBZuVnZvuKzR8n,[ACX 2024] Will there be 10 or more armed forces conflict deaths between China and Taiwan in 2024?,0.042194,0.4205358748420456,0.7039596941620313,0.2960403058379687,1,1.0,1.0,1.0,True,True,True
2024-08-23,china_taiwan_2024,Kinetic,geopolitical,[ACX 2024] Will there be 10 or more armed forces conflict deaths between China and Taiwan in 2024?,0.042194,0.4205358748420456,0.042194,1.0,0.9966722160545233,1.0,0.005839049645996955,0.13838578105884616,0.13792526307835629,0.13838578105884616,10.0,10.0,1,0.03333333333333333,0.1,0.9966722160545233,china_taiwan_2024_conflict,orthogonal,max,max,max,2024-01-01,2024-08-05,0.77,1,1,UjzOb7pBZuVnZvuKzR8n,[ACX 2024] Will there be 10 or more armed forces conflict deaths between China and Taiwan in 2024?,0.042194,UjzOb7pBZuVnZvuKzR8n,[ACX 2024] Will there be 10 or more armed forces conflict deaths between China and Taiwan in 2024?,0.042194,0.4205358748420456,0.7039596941620313,0.2960403058379687,1,1.0,1.0,1.0,True,True,True
2024-08-26,china_taiwan_2024,Kinetic,geopolitical,[ACX 2024] Will there be 10 or more armed forces conflict deaths between China and Taiwan in 2024?,0.042194,0.4205358748420456,0.042194,1.0,0.9966722160545233,1.0,0.005839049645996955,0.13838578105884616,0.13792526307835629,0.13838578105884616,10.0,10.0,1,0.03333333333333333,0.1,0.9966722160545233,china_taiwan_2024_conflict,orthogonal,max,max,max,2024-01-01,2024-08-05,0.77,1,1,UjzOb7pBZuVnZvuKzR8n,[ACX 2024] Will there be 10 or more armed forces conflict deaths between China and Taiwan in 2024?,0.042194,UjzOb7pBZuVnZvuKzR8n,[ACX 2024] Will there be 10 or more armed forces conflict deaths between China and Taiwan in 2024?,0.042194,0.4205358748420456,0.7039596941620313,0.2960403058379687,1,1.0,1.0,1.0,True,True,True
2024-08-27,china_taiwan_2024,Kinetic,geopolitical,[ACX 2024] Will there be 10 or more armed forces conflict deaths between China and Taiwan in 2024?,0.042194,0.4205358748420456,0.042194,1.0,0.9966722160545233,1.0,0.005839049645996955,0.13838578105884616,0.13792526307835629,0.13838578105884616,10.0,10.0,1,0.03333333333333333,0.1,0.9966722160545233,china_taiwan_2024_conflict,orthogonal,max,max,max,2024-01-01,2024-08-05,0.77,1,1,UjzOb7pBZuVnZvuKzR8n,[ACX 2024] Will there be 10 or more armed forces conflict deaths between China and Taiwan in 2024?,0.042194,UjzOb7pBZuVnZvuKzR8n,[ACX 2024] Will there be 10 or more armed forces conflict deaths between China and Taiwan in 2024?,0.042194,0.4205358748420456,0.7039596941620313,0.2960403058379687,1,1.0,1.0,1.0,True,True,True
2024-08-28,china_taiwan_2024,Kinetic,geopolitical,[ACX 2024] Will there be 10 or more armed forces conflict deaths between China and Taiwan in 2024?,0.042194,0.4205358748420456,0.042194,1.0,0.9966722160545233,1.0,0.005839049645996955,0.13838578105884616,0.13792526307835629,0.13838578105884616,10.0,10.0,1,0.03333333333333333,0.1,0.9966722160545233,china_taiwan_2024_conflict,orthogonal,max,max,max,2024-01-01,2024-08-05,0.77,1,1,UjzOb7pBZuVnZvuKzR8n,[ACX 2024] Will there be 10 or more armed forces conflict deaths between China and Taiwan in 2024?,0.042194,UjzOb7pBZuVnZvuKzR8n,[ACX 2024] Will there be 10 or more armed forces conflict deaths between China and Taiwan in 2024?,0.042194,0.4205358748420456,0.7039596941620313,0.2960403058379687,1,1.0,1.0,1.0,True,True,True
2024-08-29,china_taiwan_2024,Kinetic,geopolitical,[ACX 2024] Will there be 10 or more armed forces conflict deaths between China and Taiwan in 2024?,0.042194,0.4205358748420456,0.042194,1.0,0.9966722160545233,1.0,0.005839049645996955,0.13838578105884616,0.13792526307835629,0.13838578105884616,10.0,10.0,1,0.03333333333333333,0.1,0.9966722160545233,china_taiwan_2024_conflict,orthogonal,max,max,max,2024-01-01,2024-08-05,0.77,1,1,UjzOb7pBZuVnZvuKzR8n,[ACX 2024] Will there be 10 or more armed forces conflict deaths between China and Taiwan in 2024?,0.042194,UjzOb7pBZuVnZvuKzR8n,[ACX 2024] Will there be 10 or more armed forces conflict deaths between China and Taiwan in 2024?,0.042194,0.4205358748420456,0.7039596941620313,0.2960403058379687,1,1.0,1.0,1.0,True,True,True
2024-08-30,china_taiwan_2024,Kinetic,geopolitical,[ACX 2024] Will there be 10 or more armed forces conflict deaths between China and Taiwan in 2024?,0.042194,0.4205358748420456,0.042194,1.0,0.9966722160545233,1.0,0.005839049645996955,0.13838578105884616,0.13792526307835629,0.13838578105884616,10.0,10.0,1,0.03333333333333333,0.1,0.9966722160545233,china_taiwan_2024_conflict,orthogonal,max,max,max,2024-01-01,2024-08-05,0.77,1,1,UjzOb7pBZuVnZvuKzR8n,[ACX 2024] Will there be 10 or more armed forces conflict deaths between China and Taiwan in 2024?,0.042194,UjzOb7pBZuVnZvuKzR8n,[ACX 2024] Will there be 10 or more armed forces conflict deaths between China and Taiwan in 2024?,0.042194,0.4205358748420456,0.7039596941620313,0.2960403058379687,1,1.0,1.0,1.0,True,True,True
2024-09-03,china_taiwan_2024,Kinetic,geopolitical,[ACX 2024] Will there be 10 or more armed forces conflict deaths between China and Taiwan in 2024?,0.042194,0.4205358748420456,0.042194,1.0,0.9966722160545233,1.0,0.005839049645996955,0.13838578105884616,0.13792526307835629,0.13838578105884616,10.0,10.0,1,0.03333333333333333,0.1,0.9966722160545233,china_taiwan_2024_conflict,orthogonal,max,max,max,2024-01-01,2024-08-05,0.77,1,1,UjzOb7pBZuVnZvuKzR8n,[ACX 2024] Will there be 10 or more armed forces conflict deaths between China and Taiwan in 2024?,0.042194,UjzOb7pBZuVnZvuKzR8n,[ACX 2024] Will there be 10 or more armed forces conflict deaths between China and Taiwan in 2024?,0.042194,0.4205358748420456,0.7039596941620313,0.2960403058379687,1,1.0,1.0,1.0,True,True,True
2024-09-04,china_taiwan_2024,Kinetic,geopolitical,[ACX 2024] Will there be 10 or more armed forces conflict deaths between China and Taiwan in 2024?,0.042194,0.4205358748420456,0.042194,1.0,0.9966722160545233,1.0,0.005839049645996955,0.13838578105884616,0.13792526307835629,0.13838578105884616,10.0,10.0,1,0.03333333333333333,0.1,0.9966722160545233,china_taiwan_2024_conflict,orthogonal,max,max,max,2024-01-01,2024-08-05,0.77,1,1,UjzOb7pBZuVnZvuKzR8n,[ACX 2024] Will there be 10 or more armed forces conflict deaths between China and Taiwan in 2024?,0.042194,UjzOb7pBZuVnZvuKzR8n,[ACX 2024] Will there be 10 or more armed forces conflict deaths between China and Taiwan in 2024?,0.042194,0.4205358748420456,0.7039596941620313,0.2960403058379687,1,1.0,1.0,1.0,True,True,True
2024-09-05,china_taiwan_2024,Kinetic,geopolitical,[ACX 2024] Will there be 10 or more armed forces conflict deaths between China and Taiwan in 2024?,0.042194,0.4205358748420456,0.042194,1.0,0.9966722160545233,1.0,0.005839049645996955,0.13838578105884616,0.13792526307835629,0.13838578105884616,10.0,10.0,1,0.03333333333333333,0.1,0.9966722160545233,china_taiwan_2024_conflict,orthogonal,max,max,max,2024-01-01,2024-08-05,0.77,1,1,UjzOb7pBZuVnZvuKzR8n,[ACX 2024] Will there be 10 or more armed forces conflict deaths between China and Taiwan in 2024?,0.042194,UjzOb7pBZuVnZvuKzR8n,[ACX 2024] Will there be 10 or more armed forces conflict deaths between China and Taiwan in 2024?,0.042194,0.4205358748420456,0.7039596941620313,0.2960403058379687,1,1.0,1.0,1.0,True,True,True
2024-09-06,china_taiwan_2024,Kinetic,geopolitical,[ACX 2024] Will there be 10 or more armed forces conflict deaths between China and Taiwan in 2024?,0.042194,0.4205358748420456,0.042194,1.0,0.9966722160545233,1.0,0.005839049645996955,0.13838578105884616,0.13792526307835629,0.13838578105884616,10.0,10.0,1,0.03333333333333333,0.1,0.9966722160545233,china_taiwan_2024_conflict,orthogonal,max,max,max,2024-01-01,2024-08-05,0.77,1,1,UjzOb7pBZuVnZvuKzR8n,[ACX 2024] Will there be 10 or more armed forces conflict deaths between China and Taiwan in 2024?,0.042194,UjzOb7pBZuVnZvuKzR8n,[ACX 2024] Will there be 10 or more armed forces conflict deaths between China and Taiwan in 2024?,0.042194,0.4205358748420456,0.7039596941620313,0.2960403058379687,1,1.0,1.0,1.0,True,True,True
2024-09-09,china_taiwan_2024,Kinetic,geopolitical,[ACX 2024] Will there be 10 or more armed forces conflict deaths between China and Taiwan in 2024?,0.042194,0.4205358748420456,0.042194,1.0,0.9966722160545233,1.0,0.005839049645996955,0.13838578105884616,0.13792526307835629,0.13838578105884616,10.0,10.0,1,0.03333333333333333,0.1,0.9966722160545233,china_taiwan_2024_conflict,orthogonal,max,max,max,2024-01-01,2024-08-05,0.77,1,1,UjzOb7pBZuVnZvuKzR8n,[ACX 2024] Will there be 10 or more armed forces conflict deaths between China and Taiwan in 2024?,0.042194,UjzOb7pBZuVnZvuKzR8n,[ACX 2024] Will there be 10 or more armed forces conflict deaths between China and Taiwan in 2024?,0.042194,0.4205358748420456,0.7039596941620313,0.2960403058379687,1,1.0,1.0,1.0,True,True,True
2024-09-10,china_taiwan_2024,Kinetic,geopolitical,[ACX 2024] Will there be 10 or more armed forces conflict deaths between China and Taiwan in 2024?,0.042194,0.4205358748420456,0.042194,1.0,0.9966722160545233,1.0,0.005839049645996955,0.13838578105884616,0.13792526307835629,0.13838578105884616,10.0,10.0,1,0.03333333333333333,0.1,0.9966722160545233,china_taiwan_2024_conflict,orthogonal,max,max,max,2024-01-01,2024-08-05,0.77,1,1,UjzOb7pBZuVnZvuKzR8n,[ACX 2024] Will there be 10 or more armed forces conflict deaths between China and Taiwan in 2024?,0.042194,UjzOb7pBZuVnZvuKzR8n,[ACX 2024] Will there be 10 or more armed forces conflict deaths between China and Taiwan in 2024?,0.042194,0.4205358748420456,0.7039596941620313,0.2960403058379687,1,1.0,1.0,1.0,True,True,True
2024-09-11,china_taiwan_2024,Kinetic,geopolitical,[ACX 2024] Will there be 10 or more armed forces conflict deaths between China and Taiwan in 2024?,0.042194,0.4205358748420456,0.042194,1.0,0.9966722160545233,1.0,0.005839049645996955,0.13838578105884616,0.13792526307835629,0.13838578105884616,10.0,10.0,1,0.03333333333333333,0.1,0.9966722160545233,china_taiwan_2024_conflict,orthogonal,max,max,max,2024-01-01,2024-08-05,0.77,1,1,UjzOb7pBZuVnZvuKzR8n,[ACX 2024] Will there be 10 or more armed forces conflict deaths between China and Taiwan in 2024?,0.042194,UjzOb7pBZuVnZvuKzR8n,[ACX 2024] Will there be 10 or more armed forces conflict deaths between China and Taiwan in 2024?,0.042194,0.4205358748420456,0.7039596941620313,0.2960403058379687,1,1.0,1.0,1.0,True,True,True
2024-09-12,china_taiwan_2024,Kinetic,geopolitical,[ACX 2024] Will there be 10 or more armed forces conflict deaths between China and Taiwan in 2024?,0.042194,0.4205358748420456,0.042194,1.0,0.9966722160545233,1.0,0.005839049645996955,0.13838578105884616,0.13792526307835629,0.13838578105884616,10.0,10.0,1,0.03333333333333333,0.1,0.9966722160545233,china_taiwan_2024_conflict,orthogonal,max,max,max,2024-01-01,2024-08-05,0.77,1,1,UjzOb7pBZuVnZvuKzR8n,[ACX 2024] Will there be 10 or more armed forces conflict deaths between China and Taiwan in 2024?,0.042194,UjzOb7pBZuVnZvuKzR8n,[ACX 2024] Will there be 10 or more armed forces conflict deaths between China and Taiwan in 2024?,0.042194,0.4205358748420456,0.7039596941620313,0.2960403058379687,1,1.0,1.0,1.0,True,True,True
2024-09-13,china_taiwan_2024,Kinetic,geopolitical,[ACX 2024] Will there be 10 or more armed forces conflict deaths between China and Taiwan in 2024?,0.042194,0.4205358748420456,0.042194,1.0,0.9966722160545233,1.0,0.005839049645996955,0.13838578105884616,0.13792526307835629,0.13838578105884616,10.0,10.0,1,0.03333333333333333,0.1,0.9966722160545233,china_taiwan_2024_conflict,orthogonal,max,max,max,2024-01-01,2024-08-05,0.77,1,1,UjzOb7pBZuVnZvuKzR8n,[ACX 2024] Will there be 10 or more armed forces conflict deaths between China and Taiwan in 2024?,0.042194,UjzOb7pBZuVnZvuKzR8n,[ACX 2024] Will there be 10 or more armed forces conflict deaths between China and Taiwan in 2024?,0.042194,0.4205358748420456,0.7039596941620313,0.2960403058379687,1,1.0,1.0,1.0,True,True,True
2024-09-16,china_taiwan_2024,Kinetic,geopolitical,[ACX 2024] Will there be 10 or more armed forces conflict deaths between China and Taiwan in 2024?,0.042194,0.4205358748420456,0.042194,1.0,0.9966722160545233,1.0,0.005839049645996955,0.13838578105884616,0.13792526307835629,0.13838578105884616,10.0,10.0,1,0.03333333333333333,0.1,0.9966722160545233,china_taiwan_2024_conflict,orthogonal,max,max,max,2024-01-01,2024-08-05,0.77,1,1,UjzOb7pBZuVnZvuKzR8n,[ACX 2024] Will there be 10 or more armed forces conflict deaths between China and Taiwan in 2024?,0.042194,UjzOb7pBZuVnZvuKzR8n,[ACX 2024] Will there be 10 or more armed forces conflict deaths between China and Taiwan in 2024?,0.042194,0.4205358748420456,0.7039596941620313,0.2960403058379687,1,1.0,1.0,1.0,True,True,True
2024-09-17,china_taiwan_2024,Kinetic,geopolitical,[ACX 2024] Will there be 10 or more armed forces conflict deaths between China and Taiwan in 2024?,0.042194,0.4205358748420456,0.042194,1.0,0.9966722160545233,1.0,0.005839049645996955,0.13838578105884616,0.13792526307835629,0.13838578105884616,10.0,10.0,1,0.03333333333333333,0.1,0.9966722160545233,china_taiwan_2024_conflict,orthogonal,max,max,max,2024-01-01,2024-08-05,0.77,1,1,UjzOb7pBZuVnZvuKzR8n,[ACX 2024] Will there be 10 or more armed forces conflict deaths between China and Taiwan in 2024?,0.042194,UjzOb7pBZuVnZvuKzR8n,[ACX 2024] Will there be 10 or more armed forces conflict deaths between China and Taiwan in 2024?,0.042194,0.4205358748420456,0.7039596941620313,0.2960403058379687,1,1.0,1.0,1.0,True,True,True
2024-09-18,china_taiwan_2024,Kinetic,geopolitical,[ACX 2024] Will there be 10 or more armed forces conflict deaths between China and Taiwan in 2024?,0.042194,0.4205358748420456,0.042194,1.0,0.9966722160545233,1.0,0.005839049645996955,0.13838578105884616,0.13792526307835629,0.13838578105884616,10.0,10.0,1,0.03333333333333333,0.1,0.9966722160545233,china_taiwan_2024_conflict,orthogonal,max,max,max,2024-01-01,2024-08-05,0.77,1,1,UjzOb7pBZuVnZvuKzR8n,[ACX 2024] Will there be 10 or more armed forces conflict deaths between China and Taiwan in 2024?,0.042194,UjzOb7pBZuVnZvuKzR8n,[ACX 2024] Will there be 10 or more armed forces conflict deaths between China and Taiwan in 2024?,0.042194,0.4205358748420456,0.7039596941620313,0.2960403058379687,1,1.0,1.0,1.0,True,True,True
2024-09-19,china_taiwan_2024,Kinetic,geopolitical,[ACX 2024] Will there be 10 or more armed forces conflict deaths between China and Taiwan in 2024?,0.042194,0.4205358748420456,0.042194,1.0,0.9966722160545233,1.0,0.005839049645996955,0.13838578105884616,0.13792526307835629,0.13838578105884616,10.0,10.0,1,0.03333333333333333,0.1,0.9966722160545233,china_taiwan_2024_conflict,orthogonal,max,max,max,2024-01-01,2024-08-05,0.77,1,1,UjzOb7pBZuVnZvuKzR8n,[ACX 2024] Will there be 10 or more armed forces conflict deaths between China and Taiwan in 2024?,0.042194,UjzOb7pBZuVnZvuKzR8n,[ACX 2024] Will there be 10 or more armed forces conflict deaths between China and Taiwan in 2024?,0.042194,0.4205358748420456,0.7039596941620313,0.2960403058379687,1,1.0,1.0,1.0,True,True,True
2024-09-20,china_taiwan_2024,Kinetic,geopolitical,[ACX 2024] Will there be 10 or more armed forces conflict deaths between China and Taiwan in 2024?,0.042194,0.4205358748420456,0.042194,1.0,0.9966722160545233,1.0,0.005839049645996955,0.13838578105884616,0.13792526307835629,0.13838578105884616,10.0,10.0,1,0.03333333333333333,0.1,0.9966722160545233,china_taiwan_2024_conflict,orthogonal,max,max,max,2024-01-01,2024-08-05,0.77,1,1,UjzOb7pBZuVnZvuKzR8n,[ACX 2024] Will there be 10 or more armed forces conflict deaths between China and Taiwan in 2024?,0.042194,UjzOb7pBZuVnZvuKzR8n,[ACX 2024] Will there be 10 or more armed forces conflict deaths between China and Taiwan in 2024?,0.042194,0.4205358748420456,0.7039596941620313,0.2960403058379687,1,1.0,1.0,1.0,True,True,True
2024-09-23,china_taiwan_2024,Kinetic,geopolitical,[ACX 2024] Will there be 10 or more armed forces conflict deaths between China and Taiwan in 2024?,0.042194,0.4205358748420456,0.042194,1.0,0.9966722160545233,1.0,0.005839049645996955,0.13838578105884616,0.13792526307835629,0.13838578105884616,10.0,10.0,1,0.03333333333333333,0.1,0.9966722160545233,china_taiwan_2024_conflict,orthogonal,max,max,max,2024-01-01,2024-08-05,0.77,1,1,UjzOb7pBZuVnZvuKzR8n,[ACX 2024] Will there be 10 or more armed forces conflict deaths between China and Taiwan in 2024?,0.042194,UjzOb7pBZuVnZvuKzR8n,[ACX 2024] Will there be 10 or more armed forces conflict deaths between China and Taiwan in 2024?,0.042194,0.4205358748420456,0.7039596941620313,0.2960403058379687,1,1.0,1.0,1.0,True,True,True
2024-09-24,china_taiwan_2024,Kinetic,geopolitical,[ACX 2024] Will there be 10 or more armed forces conflict deaths between China and Taiwan in 2024?,0.042194,0.4205358748420456,0.042194,1.0,0.9966722160545233,1.0,0.005839049645996955,0.13838578105884616,0.13792526307835629,0.13838578105884616,10.0,10.0,1,0.03333333333333333,0.1,0.9966722160545233,china_taiwan_2024_conflict,orthogonal,max,max,max,2024-01-01,2024-08-05,0.77,1,1,UjzOb7pBZuVnZvuKzR8n,[ACX 2024] Will there be 10 or more armed forces conflict deaths between China and Taiwan in 2024?,0.042194,UjzOb7pBZuVnZvuKzR8n,[ACX 2024] Will there be 10 or more armed forces conflict deaths between China and Taiwan in 2024?,0.042194,0.4205358748420456,0.7039596941620313,0.2960403058379687,1,1.0,1.0,1.0,True,True,True
2024-09-25,china_taiwan_2024,Kinetic,geopolitical,[ACX 2024] Will there be 10 or more armed forces conflict deaths between China and Taiwan in 2024?,0.042194,0.4205358748420456,0.042194,1.0,0.9966722160545233,1.0,0.005839049645996955,0.13838578105884616,0.13792526307835629,0.13838578105884616,10.0,10.0,1,0.03333333333333333,0.1,0.9966722160545233,china_taiwan_2024_conflict,orthogonal,max,max,max,2024-01-01,2024-08-05,0.77,1,1,UjzOb7pBZuVnZvuKzR8n,[ACX 2024] Will there be 10 or more armed forces conflict deaths between China and Taiwan in 2024?,0.042194,UjzOb7pBZuVnZvuKzR8n,[ACX 2024] Will there be 10 or more armed forces conflict deaths between China and Taiwan in 2024?,0.042194,0.4205358748420456,0.7039596941620313,0.2960403058379687,1,1.0,1.0,1.0,True,True,True
2024-09-26,china_taiwan_2024,Kinetic,geopolitical,[ACX 2024] Will there be 10 or more armed forces conflict deaths between China and Taiwan in 2024?,0.042194,0.4205358748420456,0.042194,1.0,0.9966722160545233,1.0,0.005839049645996955,0.13838578105884616,0.13792526307835629,0.13838578105884616,10.0,10.0,1,0.03333333333333333,0.1,0.9966722160545233,china_taiwan_2024_conflict,orthogonal,max,max,max,2024-01-01,2024-08-05,0.77,1,1,UjzOb7pBZuVnZvuKzR8n,[ACX 2024] Will there be 10 or more armed forces conflict deaths between China and Taiwan in 2024?,0.042194,UjzOb7pBZuVnZvuKzR8n,[ACX 2024] Will there be 10 or more armed forces conflict deaths between China and Taiwan in 2024?,0.042194,0.4205358748420456,0.7039596941620313,0.2960403058379687,1,1.0,1.0,1.0,True,True,True
2024-09-27,china_taiwan_2024,Kinetic,geopolitical,[ACX 2024] Will there be 10 or more armed forces conflict deaths between China and Taiwan in 2024?,0.042194,0.4205358748420456,0.042194,1.0,0.9966722160545233,1.0,0.005839049645996955,0.13838578105884616,0.13792526307835629,0.13838578105884616,10.0,10.0,1,0.03333333333333333,0.1,0.9966722160545233,china_taiwan_2024_conflict,orthogonal,max,max,max,2024-01-01,2024-08-05,0.77,1,1,UjzOb7pBZuVnZvuKzR8n,[ACX 2024] Will there be 10 or more armed forces conflict deaths between China and Taiwan in 2024?,0.042194,UjzOb7pBZuVnZvuKzR8n,[ACX 2024] Will there be 10 or more armed forces conflict deaths between China and Taiwan in 2024?,0.042194,0.4205358748420456,0.7039596941620313,0.2960403058379687,1,1.0,1.0,1.0,True,True,True
2024-09-30,china_taiwan_2024,Kinetic,geopolitical,[ACX 2024] Will there be 10 or more armed forces conflict deaths between China and Taiwan in 2024?,0.042194,0.4205358748420456,0.042194,1.0,0.9966722160545233,1.0,0.005839049645996955,0.13838578105884616,0.13792526307835629,0.13838578105884616,10.0,10.0,1,0.03333333333333333,0.1,0.9966722160545233,china_taiwan_2024_conflict,orthogonal,max,max,max,2024-01-01,2024-08-05,0.77,1,1,UjzOb7pBZuVnZvuKzR8n,[ACX 2024] Will there be 10 or more armed forces conflict deaths between China and Taiwan in 2024?,0.042194,UjzOb7pBZuVnZvuKzR8n,[ACX 2024] Will there be 10 or more armed forces conflict deaths between China and Taiwan in 2024?,0.042194,0.4205358748420456,0.7039596941620313,0.2960403058379687,1,1.0,1.0,1.0,True,True,True
2024-10-01,china_taiwan_2024,Kinetic,geopolitical,[ACX 2024] Will there be 10 or more armed forces conflict deaths between China and Taiwan in 2024?,0.042194,0.4205358748420456,0.042194,1.0,0.9966722160545233,1.0,0.005839049645996955,0.13838578105884616,0.13792526307835629,0.13838578105884616,10.0,10.0,1,0.03333333333333333,0.1,0.9966722160545233,china_taiwan_2024_conflict,orthogonal,max,max,max,2024-01-01,2024-08-05,0.77,1,1,UjzOb7pBZuVnZvuKzR8n,[ACX 2024] Will there be 10 or more armed forces conflict deaths between China and Taiwan in 2024?,0.042194,UjzOb7pBZuVnZvuKzR8n,[ACX 2024] Will there be 10 or more armed forces conflict deaths between China and Taiwan in 2024?,0.042194,0.4205358748420456,0.7039596941620313,0.2960403058379687,1,1.0,1.0,1.0,True,True,True
2024-10-02,china_taiwan_2024,Kinetic,geopolitical,[ACX 2024] Will there be 10 or more armed forces conflict deaths between China and Taiwan in 2024?,0.042194,0.4205358748420456,0.042194,1.0,0.9966722160545233,1.0,0.005839049645996955,0.13838578105884616,0.13792526307835629,0.13838578105884616,10.0,10.0,1,0.03333333333333333,0.1,0.9966722160545233,china_taiwan_2024_conflict,orthogonal,max,max,max,2024-01-01,2024-08-05,0.77,1,1,UjzOb7pBZuVnZvuKzR8n,[ACX 2024] Will there be 10 or more armed forces conflict deaths between China and Taiwan in 2024?,0.042194,UjzOb7pBZuVnZvuKzR8n,[ACX 2024] Will there be 10 or more armed forces conflict deaths between China and Taiwan in 2024?,0.042194,0.4205358748420456,0.7039596941620313,0.2960403058379687,1,1.0,1.0,1.0,True,True,True
2024-10-03,china_taiwan_2024,Kinetic,geopolitical,[ACX 2024] Will there be 10 or more armed forces conflict deaths between China and Taiwan in 2024?,0.042194,0.4205358748420456,0.042194,1.0,0.9966722160545233,1.0,0.005839049645996955,0.13838578105884616,0.13792526307835629,0.13838578105884616,10.0,10.0,1,0.03333333333333333,0.1,0.9966722160545233,china_taiwan_2024_conflict,orthogonal,max,max,max,2024-01-01,2024-08-05,0.77,1,1,UjzOb7pBZuVnZvuKzR8n,[ACX 2024] Will there be 10 or more armed forces conflict deaths between China and Taiwan in 2024?,0.042194,UjzOb7pBZuVnZvuKzR8n,[ACX 2024] Will there be 10 or more armed forces conflict deaths between China and Taiwan in 2024?,0.042194,0.4205358748420456,0.7039596941620313,0.2960403058379687,1,1.0,1.0,1.0,True,True,True
2024-10-04,china_taiwan_2024,Kinetic,geopolitical,[ACX 2024] Will there be 10 or more armed forces conflict deaths between China and Taiwan in 2024?,0.042194,0.4205358748420456,0.042194,1.0,0.9966722160545233,1.0,0.005839049645996955,0.13838578105884616,0.13792526307835629,0.13838578105884616,10.0,10.0,1,0.03333333333333333,0.1,0.9966722160545233,china_taiwan_2024_conflict,orthogonal,max,max,max,2024-01-01,2024-08-05,0.77,1,1,UjzOb7pBZuVnZvuKzR8n,[ACX 2024] Will there be 10 or more armed forces conflict deaths between China and Taiwan in 2024?,0.042194,UjzOb7pBZuVnZvuKzR8n,[ACX 2024] Will there be 10 or more armed forces conflict deaths between China and Taiwan in 2024?,0.042194,0.4205358748420456,0.7039596941620313,0.2960403058379687,1,1.0,1.0,1.0,True,True,True
2024-10-07,china_taiwan_2024,Kinetic,geopolitical,[ACX 2024] Will there be 10 or more armed forces conflict deaths between China and Taiwan in 2024?,0.042194,0.4205358748420456,0.042194,1.0,0.9966722160545233,1.0,0.005839049645996955,0.13838578105884616,0.13792526307835629,0.13838578105884616,10.0,10.0,1,0.03333333333333333,0.1,0.9966722160545233,china_taiwan_2024_conflict,orthogonal,max,max,max,2024-01-01,2024-08-05,0.77,1,1,UjzOb7pBZuVnZvuKzR8n,[ACX 2024] Will there be 10 or more armed forces conflict deaths between China and Taiwan in 2024?,0.042194,UjzOb7pBZuVnZvuKzR8n,[ACX 2024] Will there be 10 or more armed forces conflict deaths between China and Taiwan in 2024?,0.042194,0.4205358748420456,0.7039596941620313,0.2960403058379687,1,1.0,1.0,1.0,True,True,True
2024-10-08,china_taiwan_2024,Kinetic,geopolitical,[ACX 2024] Will there be 10 or more armed forces conflict deaths between China and Taiwan in 2024?,0.042194,0.4205358748420456,0.042194,1.0,0.9966722160545233,1.0,0.005839049645996955,0.13838578105884616,0.13792526307835629,0.13838578105884616,10.0,10.0,1,0.03333333333333333,0.1,0.9966722160545233,china_taiwan_2024_conflict,orthogonal,max,max,max,2024-01-01,2024-08-05,0.77,1,1,UjzOb7pBZuVnZvuKzR8n,[ACX 2024] Will there be 10 or more armed forces conflict deaths between China and Taiwan in 2024?,0.042194,UjzOb7pBZuVnZvuKzR8n,[ACX 2024] Will there be 10 or more armed forces conflict deaths between China and Taiwan in 2024?,0.042194,0.4205358748420456,0.7039596941620313,0.2960403058379687,1,1.0,1.0,1.0,True,True,True
2024-10-09,china_taiwan_2024,Kinetic,geopolitical,[ACX 2024] Will there be 10 or more armed forces conflict deaths between China and Taiwan in 2024?,0.042194,0.4205358748420456,0.042194,1.0,0.9966722160545233,1.0,0.005839049645996955,0.13838578105884616,0.13792526307835629,0.13838578105884616,10.0,10.0,1,0.03333333333333333,0.1,0.9966722160545233,china_taiwan_2024_conflict,orthogonal,max,max,max,2024-01-01,2024-08-05,0.77,1,1,UjzOb7pBZuVnZvuKzR8n,[ACX 2024] Will there be 10 or more armed forces conflict deaths between China and Taiwan in 2024?,0.042194,UjzOb7pBZuVnZvuKzR8n,[ACX 2024] Will there be 10 or more armed forces conflict deaths between China and Taiwan in 2024?,0.042194,0.4205358748420456,0.7039596941620313,0.2960403058379687,1,1.0,1.0,1.0,True,True,True
2024-10-10,china_taiwan_2024,Kinetic,geopolitical,[ACX 2024] Will there be 10 or more armed forces conflict deaths between China and Taiwan in 2024?,0.042194,0.4205358748420456,0.042194,1.0,0.9966722160545233,1.0,0.005839049645996955,0.13838578105884616,0.13792526307835629,0.13838578105884616,10.0,10.0,1,0.03333333333333333,0.1,0.9966722160545233,china_taiwan_2024_conflict,orthogonal,max,max,max,2024-01-01,2024-08-05,0.77,1,1,UjzOb7pBZuVnZvuKzR8n,[ACX 2024] Will there be 10 or more armed forces conflict deaths between China and Taiwan in 2024?,0.042194,UjzOb7pBZuVnZvuKzR8n,[ACX 2024] Will there be 10 or more armed forces conflict deaths between China and Taiwan in 2024?,0.042194,0.4205358748420456,0.7039596941620313,0.2960403058379687,1,1.0,1.0,1.0,True,True,True
2024-10-11,china_taiwan_2024,Kinetic,geopolitical,[ACX 2024] Will there be 10 or more armed forces conflict deaths between China and Taiwan in 2024?,0.042194,0.4205358748420456,0.042194,1.0,0.9966722160545233,1.0,0.005839049645996955,0.13838578105884616,0.13792526307835629,0.13838578105884616,10.0,10.0,1,0.03333333333333333,0.1,0.9966722160545233,china_taiwan_2024_conflict,orthogonal,max,max,max,2024-01-01,2024-08-05,0.77,1,1,UjzOb7pBZuVnZvuKzR8n,[ACX 2024] Will there be 10 or more armed forces conflict deaths between China and Taiwan in 2024?,0.042194,UjzOb7pBZuVnZvuKzR8n,[ACX 2024] Will there be 10 or more armed forces conflict deaths between China and Taiwan in 2024?,0.042194,0.4205358748420456,0.7039596941620313,0.2960403058379687,1,1.0,1.0,1.0,True,True,True
2024-10-14,china_taiwan_2024,Kinetic,geopolitical,[ACX 2024] Will there be 10 or more armed forces conflict deaths between China and Taiwan in 2024?,0.042194,0.4205358748420456,0.042194,1.0,0.9966722160545233,1.0,0.005839049645996955,0.13838578105884616,0.13792526307835629,0.13838578105884616,10.0,10.0,1,0.03333333333333333,0.1,0.9966722160545233,china_taiwan_2024_conflict,orthogonal,max,max,max,2024-01-01,2024-08-05,0.77,1,1,UjzOb7pBZuVnZvuKzR8n,[ACX 2024] Will there be 10 or more armed forces conflict deaths between China and Taiwan in 2024?,0.042194,UjzOb7pBZuVnZvuKzR8n,[ACX 2024] Will there be 10 or more armed forces conflict deaths between China and Taiwan in 2024?,0.042194,0.4205358748420456,0.7039596941620313,0.2960403058379687,1,1.0,1.0,1.0,True,True,True
2024-10-15,china_taiwan_2024,Kinetic,geopolitical,[ACX 2024] Will there be 10 or more armed forces conflict deaths between China and Taiwan in 2024?,0.042194,0.4205358748420456,0.042194,1.0,0.9966722160545233,1.0,0.005839049645996955,0.13838578105884616,0.13792526307835629,0.13838578105884616,10.0,10.0,1,0.03333333333333333,0.1,0.9966722160545233,china_taiwan_2024_conflict,orthogonal,max,max,max,2024-01-01,2024-08-05,0.77,1,1,UjzOb7pBZuVnZvuKzR8n,[ACX 2024] Will there be 10 or more armed forces conflict deaths between China and Taiwan in 2024?,0.042194,UjzOb7pBZuVnZvuKzR8n,[ACX 2024] Will there be 10 or more armed forces conflict deaths between China and Taiwan in 2024?,0.042194,0.4205358748420456,0.7039596941620313,0.2960403058379687,1,1.0,1.0,1.0,True,True,True
2024-10-16,china_taiwan_2024,Kinetic,geopolitical,[ACX 2024] Will there be 10 or more armed forces conflict deaths between China and Taiwan in 2024?,0.042194,0.4205358748420456,0.042194,1.0,0.9966722160545233,1.0,0.005839049645996955,0.13838578105884616,0.13792526307835629,0.13838578105884616,10.0,10.0,1,0.03333333333333333,0.1,0.9966722160545233,china_taiwan_2024_conflict,orthogonal,max,max,max,2024-01-01,2024-08-05,0.77,1,1,UjzOb7pBZuVnZvuKzR8n,[ACX 2024] Will there be 10 or more armed forces conflict deaths between China and Taiwan in 2024?,0.042194,UjzOb7pBZuVnZvuKzR8n,[ACX 2024] Will there be 10 or more armed forces conflict deaths between China and Taiwan in 2024?,0.042194,0.4205358748420456,0.7039596941620313,0.2960403058379687,1,1.0,1.0,1.0,True,True,True
2024-10-17,china_taiwan_2024,Kinetic,geopolitical,[ACX 2024] Will there be 10 or more armed forces conflict deaths between China and Taiwan in 2024?,0.042194,0.4205358748420456,0.042194,1.0,0.9966722160545233,1.0,0.005839049645996955,0.13838578105884616,0.13792526307835629,0.13838578105884616,10.0,10.0,1,0.03333333333333333,0.1,0.9966722160545233,china_taiwan_2024_conflict,orthogonal,max,max,max,2024-01-01,2024-08-05,0.77,1,1,UjzOb7pBZuVnZvuKzR8n,[ACX 2024] Will there be 10 or more armed forces conflict deaths between China and Taiwan in 2024?,0.042194,UjzOb7pBZuVnZvuKzR8n,[ACX 2024] Will there be 10 or more armed forces conflict deaths between China and Taiwan in 2024?,0.042194,0.4205358748420456,0.7039596941620313,0.2960403058379687,1,1.0,1.0,1.0,True,True,True
2024-10-18,china_taiwan_2024,Kinetic,geopolitical,[ACX 2024] Will there be 10 or more armed forces conflict deaths between China and Taiwan in 2024?,0.042194,0.4205358748420456,0.042194,1.0,0.9966722160545233,1.0,0.005839049645996955,0.13838578105884616,0.13792526307835629,0.13838578105884616,10.0,10.0,1,0.03333333333333333,0.1,0.9966722160545233,china_taiwan_2024_conflict,orthogonal,max,max,max,2024-01-01,2024-08-05,0.77,1,1,UjzOb7pBZuVnZvuKzR8n,[ACX 2024] Will there be 10 or more armed forces conflict deaths between China and Taiwan in 2024?,0.042194,UjzOb7pBZuVnZvuKzR8n,[ACX 2024] Will there be 10 or more armed forces conflict deaths between China and Taiwan in 2024?,0.042194,0.4205358748420456,0.7039596941620313,0.2960403058379687,1,1.0,1.0,1.0,True,True,True
2024-10-21,china_taiwan_2024,Kinetic,geopolitical,[ACX 2024] Will there be 10 or more armed forces conflict deaths between China and Taiwan in 2024?,0.042194,0.4205358748420456,0.042194,1.0,0.9966722160545233,1.0,0.005839049645996955,0.13838578105884616,0.13792526307835629,0.13838578105884616,10.0,10.0,1,0.03333333333333333,0.1,0.9966722160545233,china_taiwan_2024_conflict,orthogonal,max,max,max,2024-01-01,2024-08-05,0.77,1,1,UjzOb7pBZuVnZvuKzR8n,[ACX 2024] Will there be 10 or more armed forces conflict deaths between China and Taiwan in 2024?,0.042194,UjzOb7pBZuVnZvuKzR8n,[ACX 2024] Will there be 10 or more armed forces conflict deaths between China and Taiwan in 2024?,0.042194,0.6470551797974595,0.6071442003072243,0.39285579969277573,1,0.6499227391606405,0.6499227391606405,0.6499227391606405,True,True,True
2024-10-21,eu_banking_contagion_2024,Sovereign,systemic_credit,Will EU banking contagion trigger a November 2024 equity drawdown?,0.032085,0.22651930495541397,0.032085,0.8,0.8824969025845955,1.0,0.002677344858364599,0.06675630003714132,0.07364028501348141,0.08344537504642664,8.0,10.0,25,0.8333333333333334,0.15,0.8824969025845955,eu_banking_contagion_2024,substitute,,weighted_average,max,2024-10-20,2024-11-30,0.5,1,1,,Will EU banking contagion trigger a November 2024 equity drawdown?,0.032085,,Will EU banking contagion trigger a November 2024 equity drawdown?,0.032085,0.6470551797974595,0.6071442003072243,0.39285579969277573,2,0.35007726083935964,0.35007726083935964,0.35007726083935964,False,False,False
2024-10-22,china_taiwan_2024,Kinetic,geopolitical,[ACX 2024] Will there be 10 or more armed forces conflict deaths between China and Taiwan in 2024?,0.042194,0.4205358748420456,0.042194,1.0,0.9966722160545233,1.0,0.005839049645996955,0.13838578105884616,0.13792526307835629,0.13838578105884616,10.0,10.0,1,0.03333333333333333,0.1,0.9966722160545233,china_taiwan_2024_conflict,orthogonal,max,max,max,2024-01-01,2024-08-05,0.77,1,1,UjzOb7pBZuVnZvuKzR8n,[ACX 2024] Will there be 10 or more armed forces conflict deaths between China and Taiwan in 2024?,0.042194,UjzOb7pBZuVnZvuKzR8n,[ACX 2024] Will there be 10 or more armed forces conflict deaths between China and Taiwan in 2024?,0.042194,0.6904151206898361,0.5915706667317985,0.4084293332682015,1,0.6091058295795468,0.6091058295795468,0.6091058295795468,True,True,True
2024-10-22,eu_banking_contagion_2024,Sovereign,systemic_credit,Will EU banking contagion trigger a November 2024 equity drawdown?,0.038036,0.2698792458477905,0.038036,0.8,0.8869204367171575,1.0,0.0037670793032688944,0.07923187092793973,0.0878404569566572,0.09903983865992466,8.0,10.0,24,0.8,0.15,0.8869204367171575,eu_banking_contagion_2024,substitute,,weighted_average,max,2024-10-20,2024-11-30,0.5,1,1,,Will EU banking contagion trigger a November 2024 equity drawdown?,0.038036,,Will EU banking contagion trigger a November 2024 equity drawdown?,0.038036,0.6904151206898361,0.5915706667317985,0.4084293332682015,2,0.3908941704204531,0.3908941704204531,0.3908941704204531,False,False,False
2024-10-23,china_taiwan_2024,Kinetic,geopolitical,[ACX 2024] Will there be 10 or more armed forces conflict deaths between China and Taiwan in 2024?,0.040313,0.40178847045805993,0.040313,1.0,0.9966722160545233,1.0,0.005333347862199465,0.13229846109690335,0.1318582004020538,0.13229846109690335,10.0,10.0,1,0.03333333333333333,0.1,0.9966722160545233,china_taiwan_2024_conflict,orthogonal,max,max,max,2024-01-01,2024-08-05,0.77,1,1,UjzOb7pBZuVnZvuKzR8n,[ACX 2024] Will there be 10 or more armed forces conflict deaths between China and Taiwan in 2024?,0.040313,UjzOb7pBZuVnZvuKzR8n,[ACX 2024] Will there be 10 or more armed forces conflict deaths between China and Taiwan in 2024?,0.040313,0.7397873812983791,0.5747828790744038,0.42521712092559616,1,0.5431134412605049,0.5431134412605049,0.5431134412605049,True,True,True
2024-10-23,eu_banking_contagion_2024,Sovereign,systemic_credit,Will EU banking contagion trigger a November 2024 equity drawdown?,0.047399,0.3379989108403192,0.047399,0.8,0.8913661439068313,1.0,0.00584964738965047,0.0987303089035713,0.1100060684176333,0.12341288612946412,8.0,10.0,23,0.7666666666666667,0.15,0.8913661439068313,eu_banking_contagion_2024,substitute,,weighted_average,max,2024-10-20,2024-11-30,0.5,1,1,,Will EU banking contagion trigger a November 2024 equity drawdown?,0.047399,,Will EU banking contagion trigger a November 2024 equity drawdown?,0.047399,0.7397873812983791,0.5747828790744038,0.42521712092559616,2,0.4568865587394952,0.4568865587394952,0.4568865587394952,False,False,False
2024-10-24,eu_banking_contagion_2024,Sovereign,systemic_credit,Will EU banking contagion trigger a November 2024 equity drawdown?,0.059719,0.42798654980618694,0.059719,0.8,0.8958341352965282,1.0,0.00927542584480965,0.12425426875613657,0.13913901926007002,0.1553178359451707,8.0,10.0,22,0.7333333333333333,0.15,0.8958341352965282,eu_banking_contagion_2024,substitute,,weighted_average,max,2024-10-20,2024-11-30,0.5,1,1,,Will EU banking contagion trigger a November 2024 equity drawdown?,0.059719,,Will EU banking contagion trigger a November 2024 equity drawdown?,0.059719,0.8297750202642469,0.5465152758810671,0.4534847241189329,1,0.5157862545318513,0.5157862545318513,0.5157862545318513,True,True,True
2024-10-24,china_taiwan_2024,Kinetic,geopolitical,[ACX 2024] Will there be 10 or more armed forces conflict deaths between China and Taiwan in 2024?,0.040313,0.40178847045805993,0.040313,1.0,0.9966722160545233,1.0,0.005333347862199465,0.13229846109690335,0.1318582004020538,0.13229846109690335,10.0,10.0,1,0.03333333333333333,0.1,0.9966722160545233,china_taiwan_2024_conflict,orthogonal,max,max,max,2024-01-01,2024-08-05,0.77,1,1,UjzOb7pBZuVnZvuKzR8n,[ACX 2024] Will there be 10 or more armed forces conflict deaths between China and Taiwan in 2024?,0.040313,UjzOb7pBZuVnZvuKzR8n,[ACX 2024] Will there be 10 or more armed forces conflict deaths between China and Taiwan in 2024?,0.040313,0.8297750202642469,0.5465152758810671,0.4534847241189329,2,0.48421374546814866,0.48421374546814866,0.48421374546814866,False,False,False
2024-10-25,eu_banking_contagion_2024,Sovereign,systemic_credit,Will EU banking contagion trigger a November 2024 equity drawdown?,0.07454,0.5368815193086419,0.07454,0.8,0.9003245225862656,1.0,0.014422018849398453,0.15478421088702393,0.17419502596343958,0.1934802636087799,8.0,10.0,21,0.7,0.15,0.9003245225862656,eu_banking_contagion_2024,substitute,,weighted_average,max,2024-10-20,2024-11-30,0.5,1,1,,Will EU banking contagion trigger a November 2024 equity drawdown?,0.07454,,Will EU banking contagion trigger a November 2024 equity drawdown?,0.07454,0.9386699897667019,0.5158175477407267,0.48418245225927325,1,0.5719598209825362,0.5719598209825362,0.5719598209825362,True,True,True
2024-10-25,china_taiwan_2024,Kinetic,geopolitical,[ACX 2024] Will there be 10 or more armed forces conflict deaths between China and Taiwan in 2024?,0.040313,0.40178847045805993,0.040313,1.0,0.9966722160545233,1.0,0.005333347862199465,0.13229846109690335,0.1318582004020538,0.13229846109690335,10.0,10.0,1,0.03333333333333333,0.1,0.9966722160545233,china_taiwan_2024_conflict,orthogonal,max,max,max,2024-01-01,2024-08-05,0.77,1,1,UjzOb7pBZuVnZvuKzR8n,[ACX 2024] Will there be 10 or more armed forces conflict deaths between China and Taiwan in 2024?,0.040313,UjzOb7pBZuVnZvuKzR8n,[ACX 2024] Will there be 10 or more armed forces conflict deaths between China and Taiwan in 2024?,0.040313,0.9386699897667019,0.5158175477407267,0.48418245225927325,2,0.4280401790174637,0.4280401790174637,0.4280401790174637,False,False,False
2024-10-28,eu_banking_contagion_2024,Sovereign,systemic_credit,Will EU banking contagion trigger a November 2024 equity drawdown?,0.129466,0.9465841186585986,0.129466,0.8,0.9139311852712282,1.0,0.04310001435644109,0.2663248380667733,0.30425321865191757,0.33290604758346665,8.0,10.0,18,0.6,0.15,0.9139311852712282,eu_banking_contagion_2024,substitute,,weighted_average,max,2024-10-20,2024-11-30,0.5,1,1,,Will EU banking contagion trigger a November 2024 equity drawdown?,0.129466,,Will EU banking contagion trigger a November 2024 equity drawdown?,0.129466,1.3483725891166585,0.42582680645925547,0.5741731935407446,1,0.7020196986344269,0.7020196986344269,0.7020196986344269,True,True,True
2024-10-28,china_taiwan_2024,Kinetic,geopolitical,[ACX 2024] Will there be 10 or more armed forces conflict deaths between China and Taiwan in 2024?,0.040313,0.40178847045805993,0.040313,1.0,0.9966722160545233,1.0,0.005333347862199465,0.13229846109690335,0.1318582004020538,0.13229846109690335,10.0,10.0,1,0.03333333333333333,0.1,0.9966722160545233,china_taiwan_2024_conflict,orthogonal,max,max,max,2024-01-01,2024-08-05,0.77,1,1,UjzOb7pBZuVnZvuKzR8n,[ACX 2024] Will there be 10 or more armed forces conflict deaths between China and Taiwan in 2024?,0.040313,UjzOb7pBZuVnZvuKzR8n,[ACX 2024] Will there be 10 or more armed forces conflict deaths between China and Taiwan in 2024?,0.040313,1.3483725891166585,0.42582680645925547,0.5741731935407446,2,0.2979803013655731,0.2979803013655731,0.2979803013655731,False,False,False
2024-10-29,eu_banking_contagion_2024,Sovereign,systemic_credit,Will EU banking contagion trigger a November 2024 equity drawdown?,0.149746,1.100348324319845,0.149746,0.8,0.9185122844014574,1.0,0.05744697437803582,0.30690355336655845,0.3523683548670527,0.38362944170819807,8.0,10.0,17,0.5666666666666667,0.15,0.9185122844014574,eu_banking_contagion_2024,substitute,,weighted_average,max,2024-10-20,2024-11-30,0.5,1,1,,Will EU banking contagion trigger a November 2024 equity drawdown?,0.149746,,Will EU banking contagion trigger a November 2024 equity drawdown?,0.149746,1.502136794777905,0.3996584048030684,0.6003415951969315,1,0.7325220500191093,0.7325220500191093,0.7325220500191093,True,True,True
2024-10-29,china_taiwan_2024,Kinetic,geopolitical,[ACX 2024] Will there be 10 or more armed forces conflict deaths between China and Taiwan in 2024?,0.040313,0.40178847045805993,0.040313,1.0,0.9966722160545233,1.0,0.005333347862199465,0.13229846109690335,0.1318582004020538,0.13229846109690335,10.0,10.0,1,0.03333333333333333,0.1,0.9966722160545233,china_taiwan_2024_conflict,orthogonal,max,max,max,2024-01-01,2024-08-05,0.77,1,1,UjzOb7pBZuVnZvuKzR8n,[ACX 2024] Will there be 10 or more armed forces conflict deaths between China and Taiwan in 2024?,0.040313,UjzOb7pBZuVnZvuKzR8n,[ACX 2024] Will there be 10 or more armed forces conflict deaths between China and Taiwan in 2024?,0.040313,1.502136794777905,0.3996584048030684,0.6003415951969315,2,0.2674779499808907,0.2674779499808907,0.2674779499808907,False,False,False
2024-10-30,eu_banking_contagion_2024,Sovereign,systemic_credit,Will EU banking contagion trigger a November 2024 equity drawdown?,0.170254,1.2573140035016823,0.170254,0.8,0.9231163463866358,1.0,0.073983870961941,0.3476399777365161,0.4011401826325801,0.43454997217064506,8.0,10.0,16,0.5333333333333333,0.15,0.9231163463866358,eu_banking_contagion_2024,substitute,,weighted_average,max,2024-10-20,2024-11-30,0.5,1,1,,Will EU banking contagion trigger a November 2024 equity drawdown?,0.170254,,Will EU banking contagion trigger a November 2024 equity drawdown?,0.170254,1.6591024739597422,0.37606674048588756,0.6239332595141125,1,0.7578278154819934,0.7578278154819934,0.7578278154819934,True,True,True
2024-10-30,china_taiwan_2024,Kinetic,geopolitical,[ACX 2024] Will there be 10 or more armed forces conflict deaths between China and Taiwan in 2024?,0.040313,0.40178847045805993,0.040313,1.0,0.9966722160545233,1.0,0.005333347862199465,0.13229846109690335,0.1318582004020538,0.13229846109690335,10.0,10.0,1,0.03333333333333333,0.1,0.9966722160545233,china_taiwan_2024_conflict,orthogonal,max,max,max,2024-01-01,2024-08-05,0.77,1,1,UjzOb7pBZuVnZvuKzR8n,[ACX 2024] Will there be 10 or more armed forces conflict deaths between China and Taiwan in 2024?,0.040313,UjzOb7pBZuVnZvuKzR8n,[ACX 2024] Will there be 10 or more armed forces conflict deaths between China and Taiwan in 2024?,0.040313,1.6591024739597422,0.37606674048588756,0.6239332595141125,2,0.2421721845180066,0.2421721845180066,0.2421721845180066,False,False,False
2024-10-31,eu_banking_contagion_2024,Sovereign,systemic_credit,Will EU banking contagion trigger a November 2024 equity drawdown?,0.190534,1.414133419392996,0.190534,0.8,0.9277434863285529,1.0,0.09232860760941713,0.38766249639189704,0.44956419490181065,0.4845781204898712,8.0,10.0,15,0.5,0.15,0.9277434863285529,eu_banking_contagion_2024,substitute,,weighted_average,max,2024-10-20,2024-11-30,0.5,1,1,,Will EU banking contagion trigger a November 2024 equity drawdown?,0.190534,,Will EU banking contagion trigger a November 2024 equity drawdown?,0.190534,1.8159218898510558,0.35512348677146494,0.644876513228535,1,0.7787413254371778,0.7787413254371778,0.7787413254371778,True,True,True
2024-10-31,china_taiwan_2024,Kinetic,geopolitical,[ACX 2024] Will there be 10 or more armed forces conflict deaths between China and Taiwan in 2024?,0.040313,0.40178847045805993,0.040313,1.0,0.9966722160545233,1.0,0.005333347862199465,0.13229846109690335,0.1318582004020538,0.13229846109690335,10.0,10.0,1,0.03333333333333333,0.1,0.9966722160545233,china_taiwan_2024_conflict,orthogonal,max,max,max,2024-01-01,2024-08-05,0.77,1,1,UjzOb7pBZuVnZvuKzR8n,[ACX 2024] Will there be 10 or more armed forces conflict deaths between China and Taiwan in 2024?,0.040313,UjzOb7pBZuVnZvuKzR8n,[ACX 2024] Will there be 10 or more armed forces conflict deaths between China and Taiwan in 2024?,0.040313,1.8159218898510558,0.35512348677146494,0.644876513228535,2,0.22125867456282225,0.22125867456282225,0.22125867456282225,False,False,False
2024-11-01,eu_banking_contagion_2024,Sovereign,systemic_credit,Will EU banking contagion trigger a November 2024 equity drawdown?,0.210131,1.5673987661652549,0.210131,0.8,0.9323938199059483,1.0,0.11193077044073955,0.42613710662677873,0.4966595058142632,0.5326713832834734,8.0,10.0,14,0.4666666666666667,0.15,0.9323938199059483,eu_banking_contagion_2024,substitute,,weighted_average,max,2024-10-20,2024-11-30,0.5,1,1,,Will EU banking contagion trigger a November 2024 equity drawdown?,0.210131,,Will EU banking contagion trigger a November 2024 equity drawdown?,0.210131,1.9691872366233147,0.3367925025628368,0.6632074974371631,1,0.7959622818056494,0.7959622818056494,0.7959622818056494,True,True,True
2024-11-01,china_taiwan_2024,Kinetic,geopolitical,[ACX 2024] Will there be 10 or more armed forces conflict deaths between China and Taiwan in 2024?,0.040313,0.40178847045805993,0.040313,1.0,0.9966722160545233,1.0,0.005333347862199465,0.13229846109690335,0.1318582004020538,0.13229846109690335,10.0,10.0,1,0.03333333333333333,0.1,0.9966722160545233,china_taiwan_2024_conflict,orthogonal,max,max,max,2024-01-01,2024-08-05,0.77,1,1,UjzOb7pBZuVnZvuKzR8n,[ACX 2024] Will there be 10 or more armed forces conflict deaths between China and Taiwan in 2024?,0.040313,UjzOb7pBZuVnZvuKzR8n,[ACX 2024] Will there be 10 or more armed forces conflict deaths between China and Taiwan in 2024?,0.040313,1.9691872366233147,0.3367925025628368,0.6632074974371631,2,0.20403771819435063,0.20403771819435063,0.20403771819435063,False,False,False
2024-11-04,eu_banking_contagion_2024,Sovereign,systemic_credit,Will EU banking contagion trigger a November 2024 equity drawdown?,0.260281,1.970816806355846,0.260281,0.8,0.9464851479534839,1.0,0.17060394587861435,0.5243684967511708,0.6203837427870973,0.6554606209389635,8.0,10.0,11,0.36666666666666664,0.15,0.9464851479534839,eu_banking_contagion_2024,substitute,,weighted_average,max,2024-10-20,2024-11-30,0.5,1,1,,Will EU banking contagion trigger a November 2024 equity drawdown?,0.260281,,Will EU banking contagion trigger a November 2024 equity drawdown?,0.260281,2.372605276813906,0.2965066819039962,0.7034933180960038,1,0.8306551560074044,0.8306551560074044,0.8306551560074044,True,True,True
2024-11-04,china_taiwan_2024,Kinetic,geopolitical,[ACX 2024] Will there be 10 or more armed forces conflict deaths between China and Taiwan in 2024?,0.040313,0.40178847045805993,0.040313,1.0,0.9966722160545233,1.0,0.005333347862199465,0.13229846109690335,0.1318582004020538,0.13229846109690335,10.0,10.0,1,0.03333333333333333,0.1,0.9966722160545233,china_taiwan_2024_conflict,orthogonal,max,max,max,2024-01-01,2024-08-05,0.77,1,1,UjzOb7pBZuVnZvuKzR8n,[ACX 2024] Will there be 10 or more armed forces conflict deaths between China and Taiwan in 2024?,0.040313,UjzOb7pBZuVnZvuKzR8n,[ACX 2024] Will there be 10 or more armed forces conflict deaths between China and Taiwan in 2024?,0.040313,2.372605276813906,0.2965066819039962,0.7034933180960038,2,0.16934484399259556,0.16934484399259556,0.16934484399259556,False,False,False
2024-11-05,eu_banking_contagion_2024,Sovereign,systemic_credit,Will EU banking contagion trigger a November 2024 equity drawdown?,0.272601,2.074448738786553,0.272601,0.8,0.951229424500714,1.0,0.18701339733206976,0.5488267389542071,0.6525751788075176,0.6860334236927589,8.0,10.0,10,0.3333333333333333,0.15,0.951229424500714,eu_banking_contagion_2024,substitute,,weighted_average,max,2024-10-20,2024-11-30,0.5,1,1,,Will EU banking contagion trigger a November 2024 equity drawdown?,0.272601,,Will EU banking contagion trigger a November 2024 equity drawdown?,0.272601,2.476237209244613,0.28766736554704225,0.7123326344529577,1,0.8377423338289036,0.8377423338289036,0.8377423338289036,True,True,True
2024-11-05,china_taiwan_2024,Kinetic,geopolitical,[ACX 2024] Will there be 10 or more armed forces conflict deaths between China and Taiwan in 2024?,0.040313,0.40178847045805993,0.040313,1.0,0.9966722160545233,1.0,0.005333347862199465,0.13229846109690335,0.1318582004020538,0.13229846109690335,10.0,10.0,1,0.03333333333333333,0.1,0.9966722160545233,china_taiwan_2024_conflict,orthogonal,max,max,max,2024-01-01,2024-08-05,0.77,1,1,UjzOb7pBZuVnZvuKzR8n,[ACX 2024] Will there be 10 or more armed forces conflict deaths between China and Taiwan in 2024?,0.040313,UjzOb7pBZuVnZvuKzR8n,[ACX 2024] Will there be 10 or more armed forces conflict deaths between China and Taiwan in 2024?,0.040313,2.476237209244613,0.28766736554704225,0.7123326344529577,2,0.16225766617109647,0.16225766617109647,0.16225766617109647,False,False,False
2024-11-06,eu_banking_contagion_2024,Sovereign,systemic_credit,Will EU banking contagion trigger a November 2024 equity drawdown?,0.281964,2.1564549917407057,0.281964,0.8,0.9559974818331,1.0,0.2001482503735645,0.567868948868833,0.6786016064122672,0.7098361860860412,8.0,10.0,9,0.3,0.15,0.9559974818331,eu_banking_contagion_2024,substitute,,weighted_average,max,2024-10-20,2024-11-30,0.5,1,1,,Will EU banking contagion trigger a November 2024 equity drawdown?,0.281964,,Will EU banking contagion trigger a November 2024 equity drawdown?,0.281964,2.5582434621987655,0.2810375429965841,0.7189624570034159,1,0.8429436148689579,0.8429436148689579,0.8429436148689579,True,True,True
2024-11-06,china_taiwan_2024,Kinetic,geopolitical,[ACX 2024] Will there be 10 or more armed forces conflict deaths between China and Taiwan in 2024?,0.040313,0.40178847045805993,0.040313,1.0,0.9966722160545233,1.0,0.005333347862199465,0.13229846109690335,0.1318582004020538,0.13229846109690335,10.0,10.0,1,0.03333333333333333,0.1,0.9966722160545233,china_taiwan_2024_conflict,orthogonal,max,max,max,2024-01-01,2024-08-05,0.77,1,1,UjzOb7pBZuVnZvuKzR8n,[ACX 2024] Will there be 10 or more armed forces conflict deaths between China and Taiwan in 2024?,0.040313,UjzOb7pBZuVnZvuKzR8n,[ACX 2024] Will there be 10 or more armed forces conflict deaths between China and Taiwan in 2024?,0.040313,2.5582434621987655,0.2810375429965841,0.7189624570034159,2,0.15705638513104211,0.15705638513104211,0.15705638513104211,False,False,False
2024-11-07,eu_banking_contagion_2024,Sovereign,systemic_credit,Will EU banking contagion trigger a November 2024 equity drawdown?,0.287915,2.2130055309883288,0.287915,0.8,0.9607894391523232,1.0,0.20899286899443195,0.5807071364657819,0.6974216049458876,0.7258839205822273,8.0,10.0,8,0.26666666666666666,0.15,0.9607894391523232,eu_banking_contagion_2024,substitute,,weighted_average,max,2024-10-20,2024-11-30,0.5,1,1,,Will EU banking contagion trigger a November 2024 equity drawdown?,0.287915,,Will EU banking contagion trigger a November 2024 equity drawdown?,0.287915,2.6147940014463886,0.2766409371045403,0.7233590628954597,1,0.8463402966980159,0.8463402966980159,0.8463402966980159,True,True,True
2024-11-07,china_taiwan_2024,Kinetic,geopolitical,[ACX 2024] Will there be 10 or more armed forces conflict deaths between China and Taiwan in 2024?,0.040313,0.40178847045805993,0.040313,1.0,0.9966722160545233,1.0,0.005333347862199465,0.13229846109690335,0.1318582004020538,0.13229846109690335,10.0,10.0,1,0.03333333333333333,0.1,0.9966722160545233,china_taiwan_2024_conflict,orthogonal,max,max,max,2024-01-01,2024-08-05,0.77,1,1,UjzOb7pBZuVnZvuKzR8n,[ACX 2024] Will there be 10 or more armed forces conflict deaths between China and Taiwan in 2024?,0.040313,UjzOb7pBZuVnZvuKzR8n,[ACX 2024] Will there be 10 or more armed forces conflict deaths between China and Taiwan in 2024?,0.040313,2.6147940014463886,0.2766409371045403,0.7233590628954597,2,0.15365970330198414,0.15365970330198414,0.15365970330198414,False,False,False
2024-11-08,eu_banking_contagion_2024,Sovereign,systemic_credit,Will EU banking contagion trigger a November 2024 equity drawdown?,0.29,2.240204565717554,0.29,0.8,0.9656054162575665,1.0,0.21261230936479292,0.586516715489084,0.7079296465023219,0.733145894361355,8.0,10.0,7,0.23333333333333334,0.15,0.9656054162575665,eu_banking_contagion_2024,substitute,,weighted_average,max,2024-10-20,2024-11-30,0.5,1,1,,Will EU banking contagion trigger a November 2024 equity drawdown?,0.29,,Will EU banking contagion trigger a November 2024 equity drawdown?,0.29,2.641993036175614,0.2745749346764486,0.7254250653235514,1,0.8479222068504525,0.8479222068504525,0.8479222068504525,True,True,True
2024-11-08,china_taiwan_2024,Kinetic,geopolitical,[ACX 2024] Will there be 10 or more armed forces conflict deaths between China and Taiwan in 2024?,0.040313,0.40178847045805993,0.040313,1.0,0.9966722160545233,1.0,0.005333347862199465,0.13229846109690335,0.1318582004020538,0.13229846109690335,10.0,10.0,1,0.03333333333333333,0.1,0.9966722160545233,china_taiwan_2024_conflict,orthogonal,max,max,max,2024-01-01,2024-08-05,0.77,1,1,UjzOb7pBZuVnZvuKzR8n,[ACX 2024] Will there be 10 or more armed forces conflict deaths between China and Taiwan in 2024?,0.040313,UjzOb7pBZuVnZvuKzR8n,[ACX 2024] Will there be 10 or more armed forces conflict deaths between China and Taiwan in 2024?,0.040313,2.641993036175614,0.2745749346764486,0.7254250653235514,2,0.15207779314954747,0.15207779314954747,0.15207779314954747,False,False,False
2024-11-11,eu_banking_contagion_2024,Sovereign,systemic_credit,Will EU banking contagion trigger a November 2024 equity drawdown?,0.276307,2.166686038602957,0.276307,0.8,0.9801986733067553,1.0,0.19586762900413038,0.5671014603441257,0.6948401238245442,0.708876825430157,8.0,10.0,4,0.13333333333333333,0.15,0.9801986733067553,eu_banking_contagion_2024,substitute,,weighted_average,max,2024-10-20,2024-11-30,0.5,1,1,,Will EU banking contagion trigger a November 2024 equity drawdown?,0.276307,,Will EU banking contagion trigger a November 2024 equity drawdown?,0.276307,2.568474509061017,0.28023179021198413,0.7197682097880158,1,0.8435692201574756,0.8435692201574756,0.8435692201574756,True,True,True
2024-11-11,china_taiwan_2024,Kinetic,geopolitical,[ACX 2024] Will there be 10 or more armed forces conflict deaths between China and Taiwan in 2024?,0.040313,0.40178847045805993,0.040313,1.0,0.9966722160545233,1.0,0.005333347862199465,0.13229846109690335,0.1318582004020538,0.13229846109690335,10.0,10.0,1,0.03333333333333333,0.1,0.9966722160545233,china_taiwan_2024_conflict,orthogonal,max,max,max,2024-01-01,2024-08-05,0.77,1,1,UjzOb7pBZuVnZvuKzR8n,[ACX 2024] Will there be 10 or more armed forces conflict deaths between China and Taiwan in 2024?,0.040313,UjzOb7pBZuVnZvuKzR8n,[ACX 2024] Will there be 10 or more armed forces conflict deaths between China and Taiwan in 2024?,0.040313,2.568474509061017,0.28023179021198413,0.7197682097880158,2,0.1564307798425244,0.1564307798425244,0.1564307798425244,False,False,False
2024-11-12,eu_banking_contagion_2024,Sovereign,systemic_credit,Will EU banking contagion trigger a November 2024 equity drawdown?,0.266469,2.100014347472708,0.266469,0.8,0.9851119396030626,1.0,0.18337666089548132,0.5505380690301126,0.6779270312594736,0.6881725862876407,8.0,10.0,3,0.1,0.15,0.9851119396030626,eu_banking_contagion_2024,substitute,,weighted_average,max,2024-10-20,2024-11-30,0.5,1,1,,Will EU banking contagion trigger a November 2024 equity drawdown?,0.266469,,Will EU banking contagion trigger a November 2024 equity drawdown?,0.266469,2.501802817930768,0.28556719266989017,0.7144328073301098,1,0.8394004245345053,0.8394004245345053,0.8394004245345053,True,True,True
2024-11-12,china_taiwan_2024,Kinetic,geopolitical,[ACX 2024] Will there be 10 or more armed forces conflict deaths between China and Taiwan in 2024?,0.040313,0.40178847045805993,0.040313,1.0,0.9966722160545233,1.0,0.005333347862199465,0.13229846109690335,0.1318582004020538,0.13229846109690335,10.0,10.0,1,0.03333333333333333,0.1,0.9966722160545233,china_taiwan_2024_conflict,orthogonal,max,max,max,2024-01-01,2024-08-05,0.77,1,1,UjzOb7pBZuVnZvuKzR8n,[ACX 2024] Will there be 10 or more armed forces conflict deaths between China and Taiwan in 2024?,0.040313,UjzOb7pBZuVnZvuKzR8n,[ACX 2024] Will there be 10 or more armed forces conflict deaths between China and Taiwan in 2024?,0.040313,2.501802817930768,0.28556719266989017,0.7144328073301098,2,0.1605995754654948,0.1605995754654948,0.1605995754654948,False,False,False
2024-11-13,eu_banking_contagion_2024,Sovereign,systemic_credit,Will EU banking contagion trigger a November 2024 equity drawdown?,0.2545,2.0157414615133065,0.2545,0.8,0.9900498337491681,1.0,0.16849985382679783,0.5296655523042761,0.6554941150018873,0.6620819403803451,8.0,10.0,2,0.06666666666666667,0.15,0.9900498337491681,eu_banking_contagion_2024,substitute,,weighted_average,max,2024-10-20,2024-11-30,0.5,1,1,,Will EU banking contagion trigger a November 2024 equity drawdown?,0.2545,,Will EU banking contagion trigger a November 2024 equity drawdown?,0.2545,2.4175299319713663,0.29260899535798957,0.7073910046420104,1,0.8338020699787477,0.8338020699787477,0.8338020699787477,True,True,True
2024-11-13,china_taiwan_2024,Kinetic,geopolitical,[ACX 2024] Will there be 10 or more armed forces conflict deaths between China and Taiwan in 2024?,0.040313,0.40178847045805993,0.040313,1.0,0.9966722160545233,1.0,0.005333347862199465,0.13229846109690335,0.1318582004020538,0.13229846109690335,10.0,10.0,1,0.03333333333333333,0.1,0.9966722160545233,china_taiwan_2024_conflict,orthogonal,max,max,max,2024-01-01,2024-08-05,0.77,1,1,UjzOb7pBZuVnZvuKzR8n,[ACX 2024] Will there be 10 or more armed forces conflict deaths between China and Taiwan in 2024?,0.040313,UjzOb7pBZuVnZvuKzR8n,[ACX 2024] Will there be 10 or more armed forces conflict deaths between China and Taiwan in 2024?,0.040313,2.4175299319713663,0.29260899535798957,0.7073910046420104,2,0.16619793002125227,0.16619793002125227,0.16619793002125227,False,False,False
2024-11-14,eu_banking_contagion_2024,Sovereign,systemic_credit,Will EU banking contagion trigger a November 2024 equity drawdown?,0.240706,1.9160437905324303,0.240706,0.8,0.9950124791926823,1.0,0.15192556220382838,0.5049331955292461,0.6280185383877982,0.6311664944115576,8.0,10.0,1,0.03333333333333333,0.15,0.9950124791926823,eu_banking_contagion_2024,substitute,,weighted_average,max,2024-10-20,2024-11-30,0.5,1,1,,Will EU banking contagion trigger a November 2024 equity drawdown?,0.240706,,Will EU banking contagion trigger a November 2024 equity drawdown?,0.240706,2.3178322609904902,0.3014016144690403,0.6985983855309597,1,0.8266533444976896,0.8266533444976896,0.8266533444976896,True,True,True
2024-11-14,china_taiwan_2024,Kinetic,geopolitical,[ACX 2024] Will there be 10 or more armed forces conflict deaths between China and Taiwan in 2024?,0.040313,0.40178847045805993,0.040313,1.0,0.9966722160545233,1.0,0.005333347862199465,0.13229846109690335,0.1318582004020538,0.13229846109690335,10.0,10.0,1,0.03333333333333333,0.1,0.9966722160545233,china_taiwan_2024_conflict,orthogonal,max,max,max,2024-01-01,2024-08-05,0.77,1,1,UjzOb7pBZuVnZvuKzR8n,[ACX 2024] Will there be 10 or more armed forces conflict deaths between China and Taiwan in 2024?,0.040313,UjzOb7pBZuVnZvuKzR8n,[ACX 2024] Will there be 10 or more armed forces conflict deaths between China and Taiwan in 2024?,0.040313,2.3178322609904902,0.3014016144690403,0.6985983855309597,2,0.1733466555023105,0.1733466555023105,0.1733466555023105,False,False,False
2024-11-15,eu_banking_contagion_2024,Sovereign,systemic_credit,Will EU banking contagion trigger a November 2024 equity drawdown?,0.225391,1.7941348615817432,0.225391,0.8,0.9950124791926823,1.0,0.13388338788924223,0.47520402461231276,0.5910424183147972,0.5940050307653909,8.0,10.0,1,0.03333333333333333,0.15,0.9950124791926823,eu_banking_contagion_2024,substitute,,weighted_average,max,2024-10-20,2024-11-30,0.5,1,1,,Will EU banking contagion trigger a November 2024 equity drawdown?,0.225391,,Will EU banking contagion trigger a November 2024 equity drawdown?,0.225391,2.1959233320398033,0.3128986199308318,0.6871013800691682,1,0.8170298276830835,0.8170298276830835,0.8170298276830835,True,True,True
2024-11-15,china_taiwan_2024,Kinetic,geopolitical,[ACX 2024] Will there be 10 or more armed forces conflict deaths between China and Taiwan in 2024?,0.040313,0.40178847045805993,0.040313,1.0,0.9966722160545233,1.0,0.005333347862199465,0.13229846109690335,0.1318582004020538,0.13229846109690335,10.0,10.0,1,0.03333333333333333,0.1,0.9966722160545233,china_taiwan_2024_conflict,orthogonal,max,max,max,2024-01-01,2024-08-05,0.77,1,1,UjzOb7pBZuVnZvuKzR8n,[ACX 2024] Will there be 10 or more armed forces conflict deaths between China and Taiwan in 2024?,0.040313,UjzOb7pBZuVnZvuKzR8n,[ACX 2024] Will there be 10 or more armed forces conflict deaths between China and Taiwan in 2024?,0.040313,2.1959233320398033,0.3128986199308318,0.6871013800691682,2,0.18297017231691634,0.18297017231691634,0.18297017231691634,False,False,False
2024-11-18,eu_banking_contagion_2024,Sovereign,systemic_credit,Will EU banking contagion trigger a November 2024 equity drawdown?,0.173358,1.3799469869430803,0.173358,0.8,0.9950124791926823,1.0,0.08059130470383243,0.3719069426450809,0.4625650612878159,0.46488367830635113,8.0,10.0,1,0.03333333333333333,0.15,0.9950124791926823,eu_banking_contagion_2024,substitute,,weighted_average,max,2024-10-20,2024-11-30,0.5,1,1,,Will EU banking contagion trigger a November 2024 equity drawdown?,0.173358,,Will EU banking contagion trigger a November 2024 equity drawdown?,0.173358,1.7817354574011401,0.3594878144646646,0.6405121855353354,1,0.7744960011941878,0.7744960011941878,0.7744960011941878,True,True,True
2024-11-18,china_taiwan_2024,Kinetic,geopolitical,[ACX 2024] Will there be 10 or more armed forces conflict deaths between China and Taiwan in 2024?,0.040313,0.40178847045805993,0.040313,1.0,0.9966722160545233,1.0,0.005333347862199465,0.13229846109690335,0.1318582004020538,0.13229846109690335,10.0,10.0,1,0.03333333333333333,0.1,0.9966722160545233,china_taiwan_2024_conflict,orthogonal,max,max,max,2024-01-01,2024-08-05,0.77,1,1,UjzOb7pBZuVnZvuKzR8n,[ACX 2024] Will there be 10 or more armed forces conflict deaths between China and Taiwan in 2024?,0.040313,UjzOb7pBZuVnZvuKzR8n,[ACX 2024] Will there be 10 or more armed forces conflict deaths between China and Taiwan in 2024?,0.040313,1.7817354574011401,0.3594878144646646,0.6405121855353354,2,0.22550399880581218,0.22550399880581218,0.22550399880581218,False,False,False
2024-11-19,eu_banking_contagion_2024,Sovereign,systemic_credit,Will EU banking contagion trigger a November 2024 equity drawdown?,0.155,1.2338154741989262,0.155,0.8,0.9950124791926823,1.0,0.06482731847736786,0.3345926114960922,0.4161547798553508,0.41824076437011526,8.0,10.0,1,0.03333333333333333,0.15,0.9950124791926823,eu_banking_contagion_2024,substitute,,weighted_average,max,2024-10-20,2024-11-30,0.5,1,1,,Will EU banking contagion trigger a November 2024 equity drawdown?,0.155,,Will EU banking contagion trigger a November 2024 equity drawdown?,0.155,1.635603944656986,0.3794196779934423,0.6205803220065578,1,0.754348556219506,0.754348556219506,0.754348556219506,True,True,True
2024-11-19,china_taiwan_2024,Kinetic,geopolitical,[ACX 2024] Will there be 10 or more armed forces conflict deaths between China and Taiwan in 2024?,0.040313,0.40178847045805993,0.040313,1.0,0.9966722160545233,1.0,0.005333347862199465,0.13229846109690335,0.1318582004020538,0.13229846109690335,10.0,10.0,1,0.03333333333333333,0.1,0.9966722160545233,china_taiwan_2024_conflict,orthogonal,max,max,max,2024-01-01,2024-08-05,0.77,1,1,UjzOb7pBZuVnZvuKzR8n,[ACX 2024] Will there be 10 or more armed forces conflict deaths between China and Taiwan in 2024?,0.040313,UjzOb7pBZuVnZvuKzR8n,[ACX 2024] Will there be 10 or more armed forces conflict deaths between China and Taiwan in 2024?,0.040313,1.635603944656986,0.3794196779934423,0.6205803220065578,2,0.24565144378049406,0.24565144378049406,0.24565144378049406,False,False,False
2024-11-20,eu_banking_contagion_2024,Sovereign,systemic_credit,Will EU banking contagion trigger a November 2024 equity drawdown?,0.136642,1.0876839614547722,0.136642,0.8,0.9950124791926823,1.0,0.05069605334324078,0.2968109561817935,0.3691632567024961,0.3710136952272418,8.0,10.0,1,0.03333333333333333,0.15,0.9950124791926823,eu_banking_contagion_2024,substitute,,weighted_average,max,2024-10-20,2024-11-30,0.5,1,1,,Will EU banking contagion trigger a November 2024 equity drawdown?,0.136642,,Will EU banking contagion trigger a November 2024 equity drawdown?,0.136642,1.489472431912832,0.401691533989646,0.5983084660103539,1,0.7302477965691052,0.7302477965691052,0.7302477965691052,True,True,True
2024-11-20,china_taiwan_2024,Kinetic,geopolitical,[ACX 2024] Will there be 10 or more armed forces conflict deaths between China and Taiwan in 2024?,0.040313,0.40178847045805993,0.040313,1.0,0.9966722160545233,1.0,0.005333347862199465,0.13229846109690335,0.1318582004020538,0.13229846109690335,10.0,10.0,1,0.03333333333333333,0.1,0.9966722160545233,china_taiwan_2024_conflict,orthogonal,max,max,max,2024-01-01,2024-08-05,0.77,1,1,UjzOb7pBZuVnZvuKzR8n,[ACX 2024] Will there be 10 or more armed forces conflict deaths between China and Taiwan in 2024?,0.040313,UjzOb7pBZuVnZvuKzR8n,[ACX 2024] Will there be 10 or more armed forces conflict deaths between China and Taiwan in 2024?,0.040313,1.489472431912832,0.401691533989646,0.5983084660103539,2,0.26975220343089484,0.26975220343089484,0.26975220343089484,False,False,False
2024-11-21,eu_banking_contagion_2024,Sovereign,systemic_credit,Will EU banking contagion trigger a November 2024 equity drawdown?,0.118588,0.9439723190600146,0.118588,0.8,0.9950124791926823,1.0,0.038421118534311564,0.2591905996175773,0.3223723513861543,0.3239882495219715,8.0,10.0,1,0.03333333333333333,0.15,0.9950124791926823,eu_banking_contagion_2024,substitute,,weighted_average,max,2024-10-20,2024-11-30,0.5,1,1,,Will EU banking contagion trigger a November 2024 equity drawdown?,0.118588,,Will EU banking contagion trigger a November 2024 equity drawdown?,0.118588,1.3457607895180745,0.4263009273871635,0.5736990726128365,1,0.7014413901879673,0.7014413901879673,0.7014413901879673,True,True,True
2024-11-21,china_taiwan_2024,Kinetic,geopolitical,[ACX 2024] Will there be 10 or more armed forces conflict deaths between China and Taiwan in 2024?,0.040313,0.40178847045805993,0.040313,1.0,0.9966722160545233,1.0,0.005333347862199465,0.13229846109690335,0.1318582004020538,0.13229846109690335,10.0,10.0,1,0.03333333333333333,0.1,0.9966722160545233,china_taiwan_2024_conflict,orthogonal,max,max,max,2024-01-01,2024-08-05,0.77,1,1,UjzOb7pBZuVnZvuKzR8n,[ACX 2024] Will there be 10 or more armed forces conflict deaths between China and Taiwan in 2024?,0.040313,UjzOb7pBZuVnZvuKzR8n,[ACX 2024] Will there be 10 or more armed forces conflict deaths between China and Taiwan in 2024?,0.040313,1.3457607895180745,0.4263009273871635,0.5736990726128365,2,0.29855860981203275,0.29855860981203275,0.29855860981203275,False,False,False
2024-11-22,eu_banking_contagion_2024,Sovereign,systemic_credit,Will EU banking contagion trigger a November 2024 equity drawdown?,0.101142,0.8051004173640502,0.101142,0.8,0.9950124791926823,1.0,0.028116409880088174,0.22239156734166363,0.27660298096521885,0.2779894591770795,8.0,10.0,1,0.03333333333333333,0.15,0.9950124791926823,eu_banking_contagion_2024,substitute,,weighted_average,max,2024-10-20,2024-11-30,0.5,1,1,,Will EU banking contagion trigger a November 2024 equity drawdown?,0.101142,,Will EU banking contagion trigger a November 2024 equity drawdown?,0.101142,1.2068888878221102,0.4531265735751924,0.5468734264248076,1,0.667087439024228,0.667087439024228,0.667087439024228,True,True,True
2024-11-22,china_taiwan_2024,Kinetic,geopolitical,[ACX 2024] Will there be 10 or more armed forces conflict deaths between China and Taiwan in 2024?,0.040313,0.40178847045805993,0.040313,1.0,0.9966722160545233,1.0,0.005333347862199465,0.13229846109690335,0.1318582004020538,0.13229846109690335,10.0,10.0,1,0.03333333333333333,0.1,0.9966722160545233,china_taiwan_2024_conflict,orthogonal,max,max,max,2024-01-01,2024-08-05,0.77,1,1,UjzOb7pBZuVnZvuKzR8n,[ACX 2024] Will there be 10 or more armed forces conflict deaths between China and Taiwan in 2024?,0.040313,UjzOb7pBZuVnZvuKzR8n,[ACX 2024] Will there be 10 or more armed forces conflict deaths between China and Taiwan in 2024?,0.040313,1.2068888878221102,0.4531265735751924,0.5468734264248076,2,0.332912560975772,0.332912560975772,0.332912560975772,False,False,False
2024-11-25,eu_banking_contagion_2024,Sovereign,systemic_credit,Will EU banking contagion trigger a November 2024 equity drawdown?,0.0555,0.441785540761551,0.0555,0.8,0.9950124791926823,1.0,0.008601645385257298,0.12398768122893405,0.1542116126111921,0.15498460153616755,8.0,10.0,1,0.03333333333333333,0.15,0.9950124791926823,eu_banking_contagion_2024,substitute,,weighted_average,max,2024-10-20,2024-11-30,0.5,1,1,,Will EU banking contagion trigger a November 2024 equity drawdown?,0.0555,,Will EU banking contagion trigger a November 2024 equity drawdown?,0.0555,0.843574011219611,0.542424656625775,0.457575343374225,1,0.5237069123583269,0.5237069123583269,0.5237069123583269,True,True,True
2024-11-25,china_taiwan_2024,Kinetic,geopolitical,[ACX 2024] Will there be 10 or more armed forces conflict deaths between China and Taiwan in 2024?,0.040313,0.40178847045805993,0.040313,1.0,0.9966722160545233,1.0,0.005333347862199465,0.13229846109690335,0.1318582004020538,0.13229846109690335,10.0,10.0,1,0.03333333333333333,0.1,0.9966722160545233,china_taiwan_2024_conflict,orthogonal,max,max,max,2024-01-01,2024-08-05,0.77,1,1,UjzOb7pBZuVnZvuKzR8n,[ACX 2024] Will there be 10 or more armed forces conflict deaths between China and Taiwan in 2024?,0.040313,UjzOb7pBZuVnZvuKzR8n,[ACX 2024] Will there be 10 or more armed forces conflict deaths between China and Taiwan in 2024?,0.040313,0.843574011219611,0.542424656625775,0.457575343374225,2,0.47629308764167316,0.47629308764167316,0.47629308764167316,False,False,False
2024-11-26,china_taiwan_2024,Kinetic,geopolitical,[ACX 2024] Will there be 10 or more armed forces conflict deaths between China and Taiwan in 2024?,0.040313,0.40178847045805993,0.040313,1.0,0.9966722160545233,1.0,0.005333347862199465,0.13229846109690335,0.1318582004020538,0.13229846109690335,10.0,10.0,1,0.03333333333333333,0.1,0.9966722160545233,china_taiwan_2024_conflict,orthogonal,max,max,max,2024-01-01,2024-08-05,0.77,1,1,UjzOb7pBZuVnZvuKzR8n,[ACX 2024] Will there be 10 or more armed forces conflict deaths between China and Taiwan in 2024?,0.040313,UjzOb7pBZuVnZvuKzR8n,[ACX 2024] Will there be 10 or more armed forces conflict deaths between China and Taiwan in 2024?,0.040313,0.7482995763119531,0.5719843518520465,0.42801564814795345,1,0.5369353173207749,0.5369353173207749,0.5369353173207749,True,True,True
2024-11-26,eu_banking_contagion_2024,Sovereign,systemic_credit,Will EU banking contagion trigger a November 2024 equity drawdown?,0.043531,0.3465111058538932,0.043531,0.8,0.9950124791926823,1.0,0.005313984111744484,0.09765884747411244,0.12146471492539578,0.12207355934264053,8.0,10.0,1,0.03333333333333333,0.15,0.9950124791926823,eu_banking_contagion_2024,substitute,,weighted_average,max,2024-10-20,2024-11-30,0.5,1,1,,Will EU banking contagion trigger a November 2024 equity drawdown?,0.043531,,Will EU banking contagion trigger a November 2024 equity drawdown?,0.043531,0.7482995763119531,0.5719843518520465,0.42801564814795345,2,0.4630646826792252,0.4630646826792252,0.4630646826792252,False,False,False
2024-11-27,china_taiwan_2024,Kinetic,geopolitical,[ACX 2024] Will there be 10 or more armed forces conflict deaths between China and Taiwan in 2024?,0.040313,0.40178847045805993,0.040313,1.0,0.9966722160545233,1.0,0.005333347862199465,0.13229846109690335,0.1318582004020538,0.13229846109690335,10.0,10.0,1,0.03333333333333333,0.1,0.9966722160545233,china_taiwan_2024_conflict,orthogonal,max,max,max,2024-01-01,2024-08-05,0.77,1,1,UjzOb7pBZuVnZvuKzR8n,[ACX 2024] Will there be 10 or more armed forces conflict deaths between China and Taiwan in 2024?,0.040313,UjzOb7pBZuVnZvuKzR8n,[ACX 2024] Will there be 10 or more armed forces conflict deaths between China and Taiwan in 2024?,0.040313,0.6699881141495723,0.5988066570816534,0.40119334291834663,1,0.5996949228988295,0.5996949228988295,0.5996949228988295,True,True,True
2024-11-27,eu_banking_contagion_2024,Sovereign,systemic_credit,Will EU banking contagion trigger a November 2024 equity drawdown?,0.033693,0.2681996436915124,0.033693,0.8,0.9950124791926823,1.0,0.0031945533606691167,0.07585084998472363,0.0943406778652151,0.09481356248090454,8.0,10.0,1,0.03333333333333333,0.15,0.9950124791926823,eu_banking_contagion_2024,substitute,,weighted_average,max,2024-10-20,2024-11-30,0.5,1,1,,Will EU banking contagion trigger a November 2024 equity drawdown?,0.033693,,Will EU banking contagion trigger a November 2024 equity drawdown?,0.033693,0.6699881141495723,0.5988066570816534,0.40119334291834663,2,0.4003050771011706,0.4003050771011706,0.4003050771011706,False,False,False
2024-11-29,china_taiwan_2024,Kinetic,geopolitical,[ACX 2024] Will there be 10 or more armed forces conflict deaths between China and Taiwan in 2024?,0.040313,0.40178847045805993,0.040313,1.0,0.9966722160545233,1.0,0.005333347862199465,0.13229846109690335,0.1318582004020538,0.13229846109690335,10.0,10.0,1,0.03333333333333333,0.1,0.9966722160545233,china_taiwan_2024_conflict,orthogonal,max,max,max,2024-01-01,2024-08-05,0.77,1,1,UjzOb7pBZuVnZvuKzR8n,[ACX 2024] Will there be 10 or more armed forces conflict deaths between China and Taiwan in 2024?,0.040313,UjzOb7pBZuVnZvuKzR8n,[ACX 2024] Will there be 10 or more armed forces conflict deaths between China and Taiwan in 2024?,0.040313,0.5739097091587269,0.6353604620270826,0.36463953797291737,1,0.7000900386352182,0.7000900386352182,0.7000900386352182,True,True,True
2024-11-29,eu_banking_contagion_2024,Sovereign,systemic_credit,Will EU banking contagion trigger a November 2024 equity drawdown?,0.021623,0.17212123870066698,0.021623,0.8,0.9950124791926823,1.0,0.0013213557707123947,0.048887046967114454,0.06080402725394707,0.06110880870889307,8.0,10.0,1,0.03333333333333333,0.15,0.9950124791926823,eu_banking_contagion_2024,substitute,,weighted_average,max,2024-10-20,2024-11-30,0.5,1,1,,Will EU banking contagion trigger a November 2024 equity drawdown?,0.021623,,Will EU banking contagion trigger a November 2024 equity drawdown?,0.021623,0.5739097091587269,0.6353604620270826,0.36463953797291737,2,0.2999099613647819,0.2999099613647819,0.2999099613647819,False,False,False
2024-12-02,china_taiwan_2024,Kinetic,geopolitical,[ACX 2024] Will there be 10 or more armed forces conflict deaths between China and Taiwan in 2024?,0.040313,0.40178847045805993,0.040313,1.0,0.9966722160545233,1.0,0.005333347862199465,0.13229846109690335,0.1318582004020538,0.13229846109690335,10.0,10.0,1,0.03333333333333333,0.1,0.9966722160545233,china_taiwan_2024_conflict,orthogonal,max,max,max,2024-01-01,2024-08-05,0.77,1,1,UjzOb7pBZuVnZvuKzR8n,[ACX 2024] Will there be 10 or more armed forces conflict deaths between China and Taiwan in 2024?,0.040313,UjzOb7pBZuVnZvuKzR8n,[ACX 2024] Will there be 10 or more armed forces conflict deaths between China and Taiwan in 2024?,0.040313,0.40178847045805993,0.713374393551141,0.28662560644885904,1,1.0,1.0,1.0,True,True,True
2024-12-03,china_taiwan_2024,Kinetic,geopolitical,[ACX 2024] Will there be 10 or more armed forces conflict deaths between China and Taiwan in 2024?,0.040313,0.40178847045805993,0.040313,1.0,0.9966722160545233,1.0,0.005333347862199465,0.13229846109690335,0.1318582004020538,0.13229846109690335,10.0,10.0,1,0.03333333333333333,0.1,0.9966722160545233,china_taiwan_2024_conflict,orthogonal,max,max,max,2024-01-01,2024-08-05,0.77,1,1,UjzOb7pBZuVnZvuKzR8n,[ACX 2024] Will there be 10 or more armed forces conflict deaths between China and Taiwan in 2024?,0.040313,UjzOb7pBZuVnZvuKzR8n,[ACX 2024] Will there be 10 or more armed forces conflict deaths between China and Taiwan in 2024?,0.040313,0.40178847045805993,0.713374393551141,0.28662560644885904,1,1.0,1.0,1.0,True,True,True
2024-12-04,china_taiwan_2024,Kinetic,geopolitical,[ACX 2024] Will there be 10 or more armed forces conflict deaths between China and Taiwan in 2024?,0.040313,0.40178847045805993,0.040313,1.0,0.9966722160545233,1.0,0.005333347862199465,0.13229846109690335,0.1318582004020538,0.13229846109690335,10.0,10.0,1,0.03333333333333333,0.1,0.9966722160545233,china_taiwan_2024_conflict,orthogonal,max,max,max,2024-01-01,2024-08-05,0.77,1,1,UjzOb7pBZuVnZvuKzR8n,[ACX 2024] Will there be 10 or more armed forces conflict deaths between China and Taiwan in 2024?,0.040313,UjzOb7pBZuVnZvuKzR8n,[ACX 2024] Will there be 10 or more armed forces conflict deaths between China and Taiwan in 2024?,0.040313,0.40178847045805993,0.713374393551141,0.28662560644885904,1,1.0,1.0,1.0,True,True,True
2024-12-05,china_taiwan_2024,Kinetic,geopolitical,[ACX 2024] Will there be 10 or more armed forces conflict deaths between China and Taiwan in 2024?,0.040313,0.40178847045805993,0.040313,1.0,0.9966722160545233,1.0,0.005333347862199465,0.13229846109690335,0.1318582004020538,0.13229846109690335,10.0,10.0,1,0.03333333333333333,0.1,0.9966722160545233,china_taiwan_2024_conflict,orthogonal,max,max,max,2024-01-01,2024-08-05,0.77,1,1,UjzOb7pBZuVnZvuKzR8n,[ACX 2024] Will there be 10 or more armed forces conflict deaths between China and Taiwan in 2024?,0.040313,UjzOb7pBZuVnZvuKzR8n,[ACX 2024] Will there be 10 or more armed forces conflict deaths between China and Taiwan in 2024?,0.040313,0.40178847045805993,0.713374393551141,0.28662560644885904,1,1.0,1.0,1.0,True,True,True
2024-12-06,china_taiwan_2024,Kinetic,geopolitical,[ACX 2024] Will there be 10 or more armed forces conflict deaths between China and Taiwan in 2024?,0.03,0.299001664816357,0.03,1.0,0.9966722160545233,1.0,0.0029636674552699963,0.09878891517566654,0.09846016700975391,0.09878891517566654,10.0,10.0,1,0.03333333333333333,0.1,0.9966722160545233,china_taiwan_2024_conflict,orthogonal,max,max,max,2024-01-01,2024-08-05,0.77,1,1,UjzOb7pBZuVnZvuKzR8n,[ACX 2024] Will there be 10 or more armed forces conflict deaths between China and Taiwan in 2024?,0.03,UjzOb7pBZuVnZvuKzR8n,[ACX 2024] Will there be 10 or more armed forces conflict deaths between China and Taiwan in 2024?,0.03,0.299001664816357,0.7698219541091754,0.23017804589082458,1,1.0,1.0,1.0,True,True,True
2024-12-09,china_taiwan_2024,Kinetic,geopolitical,[ACX 2024] Will there be 10 or more armed forces conflict deaths between China and Taiwan in 2024?,0.03,0.299001664816357,0.03,1.0,0.9966722160545233,1.0,0.0029636674552699963,0.09878891517566654,0.09846016700975391,0.09878891517566654,10.0,10.0,1,0.03333333333333333,0.1,0.9966722160545233,china_taiwan_2024_conflict,orthogonal,max,max,max,2024-01-01,2024-08-05,0.77,1,1,UjzOb7pBZuVnZvuKzR8n,[ACX 2024] Will there be 10 or more armed forces conflict deaths between China and Taiwan in 2024?,0.03,UjzOb7pBZuVnZvuKzR8n,[ACX 2024] Will there be 10 or more armed forces conflict deaths between China and Taiwan in 2024?,0.03,0.299001664816357,0.7698219541091754,0.23017804589082458,1,1.0,1.0,1.0,True,True,True
2024-12-10,china_taiwan_2024,Kinetic,geopolitical,[ACX 2024] Will there be 10 or more armed forces conflict deaths between China and Taiwan in 2024?,0.03,0.299001664816357,0.03,1.0,0.9966722160545233,1.0,0.0029636674552699963,0.09878891517566654,0.09846016700975391,0.09878891517566654,10.0,10.0,1,0.03333333333333333,0.1,0.9966722160545233,china_taiwan_2024_conflict,orthogonal,max,max,max,2024-01-01,2024-08-05,0.77,1,1,UjzOb7pBZuVnZvuKzR8n,[ACX 2024] Will there be 10 or more armed forces conflict deaths between China and Taiwan in 2024?,0.03,UjzOb7pBZuVnZvuKzR8n,[ACX 2024] Will there be 10 or more armed forces conflict deaths between China and Taiwan in 2024?,0.03,0.299001664816357,0.7698219541091754,0.23017804589082458,1,1.0,1.0,1.0,True,True,True
2024-12-11,china_taiwan_2024,Kinetic,geopolitical,[ACX 2024] Will there be 10 or more armed forces conflict deaths between China and Taiwan in 2024?,0.03,0.299001664816357,0.03,1.0,0.9966722160545233,1.0,0.0029636674552699963,0.09878891517566654,0.09846016700975391,0.09878891517566654,10.0,10.0,1,0.03333333333333333,0.1,0.9966722160545233,china_taiwan_2024_conflict,orthogonal,max,max,max,2024-01-01,2024-08-05,0.77,1,1,UjzOb7pBZuVnZvuKzR8n,[ACX 2024] Will there be 10 or more armed forces conflict deaths between China and Taiwan in 2024?,0.03,UjzOb7pBZuVnZvuKzR8n,[ACX 2024] Will there be 10 or more armed forces conflict deaths between China and Taiwan in 2024?,0.03,0.299001664816357,0.7698219541091754,0.23017804589082458,1,1.0,1.0,1.0,True,True,True
2024-12-12,china_taiwan_2024,Kinetic,geopolitical,[ACX 2024] Will there be 10 or more armed forces conflict deaths between China and Taiwan in 2024?,0.051134,0.5096383709573199,0.051134,1.0,0.9966722160545233,1.0,0.008550362658642665,0.16721482103185092,0.16665836623497537,0.16721482103185092,10.0,10.0,1,0.03333333333333333,0.1,0.9966722160545233,china_taiwan_2024_conflict,orthogonal,max,max,max,2024-01-01,2024-08-05,0.77,1,1,UjzOb7pBZuVnZvuKzR8n,[ACX 2024] Will there be 10 or more armed forces conflict deaths between China and Taiwan in 2024?,0.051134,UjzOb7pBZuVnZvuKzR8n,[ACX 2024] Will there be 10 or more armed forces conflict deaths between China and Taiwan in 2024?,0.051134,0.5096383709573199,0.6624102958948119,0.33758970410518807,1,1.0,1.0,1.0,True,True,True
2024-12-13,china_taiwan_2024,Kinetic,geopolitical,[ACX 2024] Will there be 10 or more armed forces conflict deaths between China and Taiwan in 2024?,0.051134,0.5096383709573199,0.051134,1.0,0.9966722160545233,1.0,0.008550362658642665,0.16721482103185092,0.16665836623497537,0.16721482103185092,10.0,10.0,1,0.03333333333333333,0.1,0.9966722160545233,china_taiwan_2024_conflict,orthogonal,max,max,max,2024-01-01,2024-08-05,0.77,1,1,UjzOb7pBZuVnZvuKzR8n,[ACX 2024] Will there be 10 or more armed forces conflict deaths between China and Taiwan in 2024?,0.051134,UjzOb7pBZuVnZvuKzR8n,[ACX 2024] Will there be 10 or more armed forces conflict deaths between China and Taiwan in 2024?,0.051134,0.5096383709573199,0.6624102958948119,0.33758970410518807,1,1.0,1.0,1.0,True,True,True
2024-12-16,china_taiwan_2024,Kinetic,geopolitical,[ACX 2024] Will there be 10 or more armed forces conflict deaths between China and Taiwan in 2024?,0.046011,0.45857885332884674,0.046011,1.0,0.9966722160545233,1.0,0.006934560755185588,0.15071528015443236,0.1502137322647964,0.15071528015443236,10.0,10.0,1,0.03333333333333333,0.1,0.9966722160545233,china_taiwan_2024_conflict,orthogonal,max,max,max,2024-01-01,2024-08-05,0.77,1,1,UjzOb7pBZuVnZvuKzR8n,[ACX 2024] Will there be 10 or more armed forces conflict deaths between China and Taiwan in 2024?,0.046011,UjzOb7pBZuVnZvuKzR8n,[ACX 2024] Will there be 10 or more armed forces conflict deaths between China and Taiwan in 2024?,0.046011,0.45857885332884674,0.6855988606428418,0.3144011393571582,1,1.0,1.0,1.0,True,True,True
2024-12-17,china_taiwan_2024,Kinetic,geopolitical,[ACX 2024] Will there be 10 or more armed forces conflict deaths between China and Taiwan in 2024?,0.03,0.299001664816357,0.03,1.0,0.9966722160545233,1.0,0.0029636674552699963,0.09878891517566654,0.09846016700975391,0.09878891517566654,10.0,10.0,1,0.03333333333333333,0.1,0.9966722160545233,china_taiwan_2024_conflict,orthogonal,max,max,max,2024-01-01,2024-08-05,0.77,1,1,UjzOb7pBZuVnZvuKzR8n,[ACX 2024] Will there be 10 or more armed forces conflict deaths between China and Taiwan in 2024?,0.03,UjzOb7pBZuVnZvuKzR8n,[ACX 2024] Will there be 10 or more armed forces conflict deaths between China and Taiwan in 2024?,0.03,0.299001664816357,0.7698219541091754,0.23017804589082458,1,1.0,1.0,1.0,True,True,True
2024-12-18,china_taiwan_2024,Kinetic,geopolitical,[ACX 2024] Will there be 10 or more armed forces conflict deaths between China and Taiwan in 2024?,0.010299,0.10264727153145536,0.010299,1.0,0.9966722160545233,1.0,0.00035157112374676285,0.03413643302716408,0.034022834353380445,0.03413643302716408,10.0,10.0,1,0.03333333333333333,0.1,0.9966722160545233,china_taiwan_2024_conflict,orthogonal,max,max,max,2024-01-01,2024-08-05,0.77,1,1,UjzOb7pBZuVnZvuKzR8n,[ACX 2024] Will there be 10 or more armed forces conflict deaths between China and Taiwan in 2024?,0.010299,UjzOb7pBZuVnZvuKzR8n,[ACX 2024] Will there be 10 or more armed forces conflict deaths between China and Taiwan in 2024?,0.010299,0.10264727153145536,0.9069083339870877,0.0930916660129123,1,1.0,1.0,1.0,True,True,True
2024-12-19,china_taiwan_2024,Kinetic,geopolitical,[ACX 2024] Will there be 10 or more armed forces conflict deaths between China and Taiwan in 2024?,0.010299,0.10264727153145536,0.010299,1.0,0.9966722160545233,1.0,0.00035157112374676285,0.03413643302716408,0.034022834353380445,0.03413643302716408,10.0,10.0,1,0.03333333333333333,0.1,0.9966722160545233,china_taiwan_2024_conflict,orthogonal,max,max,max,2024-01-01,2024-08-05,0.77,1,1,UjzOb7pBZuVnZvuKzR8n,[ACX 2024] Will there be 10 or more armed forces conflict deaths between China and Taiwan in 2024?,0.010299,UjzOb7pBZuVnZvuKzR8n,[ACX 2024] Will there be 10 or more armed forces conflict deaths between China and Taiwan in 2024?,0.010299,0.10264727153145536,0.9069083339870877,0.0930916660129123,1,1.0,1.0,1.0,True,True,True
2024-12-20,china_taiwan_2024,Kinetic,geopolitical,[ACX 2024] Will there be 10 or more armed forces conflict deaths between China and Taiwan in 2024?,0.010299,0.10264727153145536,0.010299,1.0,0.9966722160545233,1.0,0.00035157112374676285,0.03413643302716408,0.034022834353380445,0.03413643302716408,10.0,10.0,1,0.03333333333333333,0.1,0.9966722160545233,china_taiwan_2024_conflict,orthogonal,max,max,max,2024-01-01,2024-08-05,0.77,1,1,UjzOb7pBZuVnZvuKzR8n,[ACX 2024] Will there be 10 or more armed forces conflict deaths between China and Taiwan in 2024?,0.010299,UjzOb7pBZuVnZvuKzR8n,[ACX 2024] Will there be 10 or more armed forces conflict deaths between China and Taiwan in 2024?,0.010299,0.10264727153145536,0.9069083339870877,0.0930916660129123,1,1.0,1.0,1.0,True,True,True
2024-12-23,china_taiwan_2024,Kinetic,geopolitical,[ACX 2024] Will there be 10 or more armed forces conflict deaths between China and Taiwan in 2024?,0.010299,0.10264727153145536,0.010299,1.0,0.9966722160545233,1.0,0.00035157112374676285,0.03413643302716408,0.034022834353380445,0.03413643302716408,10.0,10.0,1,0.03333333333333333,0.1,0.9966722160545233,china_taiwan_2024_conflict,orthogonal,max,max,max,2024-01-01,2024-08-05,0.77,1,1,UjzOb7pBZuVnZvuKzR8n,[ACX 2024] Will there be 10 or more armed forces conflict deaths between China and Taiwan in 2024?,0.010299,UjzOb7pBZuVnZvuKzR8n,[ACX 2024] Will there be 10 or more armed forces conflict deaths between China and Taiwan in 2024?,0.010299,0.10264727153145536,0.9069083339870877,0.0930916660129123,1,1.0,1.0,1.0,True,True,True
2024-12-24,china_taiwan_2024,Kinetic,geopolitical,[ACX 2024] Will there be 10 or more armed forces conflict deaths between China and Taiwan in 2024?,0.010299,0.10264727153145536,0.010299,1.0,0.9966722160545233,1.0,0.00035157112374676285,0.03413643302716408,0.034022834353380445,0.03413643302716408,10.0,10.0,1,0.03333333333333333,0.1,0.9966722160545233,china_taiwan_2024_conflict,orthogonal,max,max,max,2024-01-01,2024-08-05,0.77,1,1,UjzOb7pBZuVnZvuKzR8n,[ACX 2024] Will there be 10 or more armed forces conflict deaths between China and Taiwan in 2024?,0.010299,UjzOb7pBZuVnZvuKzR8n,[ACX 2024] Will there be 10 or more armed forces conflict deaths between China and Taiwan in 2024?,0.010299,0.10264727153145536,0.9069083339870877,0.0930916660129123,1,1.0,1.0,1.0,True,True,True
2024-12-26,china_taiwan_2024,Kinetic,geopolitical,[ACX 2024] Will there be 10 or more armed forces conflict deaths between China and Taiwan in 2024?,0.014275,0.14227495884178318,0.014275,1.0,0.9966722160545233,1.0,0.0006745302696231913,0.04725255829234265,0.047095311987474686,0.04725255829234265,10.0,10.0,1,0.03333333333333333,0.1,0.9966722160545233,china_taiwan_2024_conflict,orthogonal,max,max,max,2024-01-01,2024-08-05,0.77,1,1,UjzOb7pBZuVnZvuKzR8n,[ACX 2024] Will there be 10 or more armed forces conflict deaths between China and Taiwan in 2024?,0.014275,UjzOb7pBZuVnZvuKzR8n,[ACX 2024] Will there be 10 or more armed forces conflict deaths between China and Taiwan in 2024?,0.014275,0.14227495884178318,0.8754459618146198,0.12455403818538024,1,1.0,1.0,1.0,True,True,True
2024-12-27,china_taiwan_2024,Kinetic,geopolitical,[ACX 2024] Will there be 10 or more armed forces conflict deaths between China and Taiwan in 2024?,0.014275,0.14227495884178318,0.014275,1.0,0.9966722160545233,1.0,0.0006745302696231913,0.04725255829234265,0.047095311987474686,0.04725255829234265,10.0,10.0,1,0.03333333333333333,0.1,0.9966722160545233,china_taiwan_2024_conflict,orthogonal,max,max,max,2024-01-01,2024-08-05,0.77,1,1,UjzOb7pBZuVnZvuKzR8n,[ACX 2024] Will there be 10 or more armed forces conflict deaths between China and Taiwan in 2024?,0.014275,UjzOb7pBZuVnZvuKzR8n,[ACX 2024] Will there be 10 or more armed forces conflict deaths between China and Taiwan in 2024?,0.014275,0.14227495884178318,0.8754459618146198,0.12455403818538024,1,1.0,1.0,1.0,True,True,True
2024-12-30,china_taiwan_2024,Kinetic,geopolitical,[ACX 2024] Will there be 10 or more armed forces conflict deaths between China and Taiwan in 2024?,0.014275,0.14227495884178318,0.014275,1.0,0.9966722160545233,1.0,0.0006745302696231913,0.04725255829234265,0.047095311987474686,0.04725255829234265,10.0,10.0,1,0.03333333333333333,0.1,0.9966722160545233,china_taiwan_2024_conflict,orthogonal,max,max,max,2024-01-01,2024-08-05,0.77,1,1,UjzOb7pBZuVnZvuKzR8n,[ACX 2024] Will there be 10 or more armed forces conflict deaths between China and Taiwan in 2024?,0.014275,UjzOb7pBZuVnZvuKzR8n,[ACX 2024] Will there be 10 or more armed forces conflict deaths between China and Taiwan in 2024?,0.014275,0.14227495884178318,0.8754459618146198,0.12455403818538024,1,1.0,1.0,1.0,True,True,True
2024-12-31,china_taiwan_2024,Kinetic,geopolitical,[ACX 2024] Will there be 10 or more armed forces conflict deaths between China and Taiwan in 2024?,0.014275,0.14227495884178318,0.014275,1.0,0.9966722160545233,1.0,0.0006745302696231913,0.04725255829234265,0.047095311987474686,0.04725255829234265,10.0,10.0,1,0.03333333333333333,0.1,0.9966722160545233,china_taiwan_2024_conflict,orthogonal,max,max,max,2024-01-01,2024-08-05,0.77,1,1,UjzOb7pBZuVnZvuKzR8n,[ACX 2024] Will there be 10 or more armed forces conflict deaths between China and Taiwan in 2024?,0.014275,UjzOb7pBZuVnZvuKzR8n,[ACX 2024] Will there be 10 or more armed forces conflict deaths between China and Taiwan in 2024?,0.014275,0.14227495884178318,0.8754459618146198,0.12455403818538024,1,1.0,1.0,1.0,True,True,True
2025-01-02,china_taiwan_2024,Kinetic,geopolitical,[ACX 2024] Will there be 10 or more armed forces conflict deaths between China and Taiwan in 2024?,0.014275,0.14227495884178318,0.014275,1.0,0.9966722160545233,1.0,0.0006745302696231913,0.04725255829234265,0.047095311987474686,0.04725255829234265,10.0,10.0,1,0.03333333333333333,0.1,0.9966722160545233,china_taiwan_2024_conflict,orthogonal,max,max,max,2024-01-01,2024-08-05,0.77,1,1,UjzOb7pBZuVnZvuKzR8n,[ACX 2024] Will there be 10 or more armed forces conflict deaths between China and Taiwan in 2024?,0.014275,UjzOb7pBZuVnZvuKzR8n,[ACX 2024] Will there be 10 or more armed forces conflict deaths between China and Taiwan in 2024?,0.014275,0.14227495884178318,0.8754459618146198,0.12455403818538024,1,1.0,1.0,1.0,True,True,True
2025-01-03,china_taiwan_2024,Kinetic,geopolitical,[ACX 2024] Will there be 10 or more armed forces conflict deaths between China and Taiwan in 2024?,0.014275,0.14227495884178318,0.014275,1.0,0.9966722160545233,1.0,0.0006745302696231913,0.04725255829234265,0.047095311987474686,0.04725255829234265,10.0,10.0,1,0.03333333333333333,0.1,0.9966722160545233,china_taiwan_2024_conflict,orthogonal,max,max,max,2024-01-01,2024-08-05,0.77,1,1,UjzOb7pBZuVnZvuKzR8n,[ACX 2024] Will there be 10 or more armed forces conflict deaths between China and Taiwan in 2024?,0.014275,UjzOb7pBZuVnZvuKzR8n,[ACX 2024] Will there be 10 or more armed forces conflict deaths between China and Taiwan in 2024?,0.014275,0.14227495884178318,0.8754459618146198,0.12455403818538024,1,1.0,1.0,1.0,True,True,True
